tip;Tip strada;Denumire strada;Zona;S utila;S desfasurata;S teren;Pret tranzactie LEI;an_constructie;Perioada tranzactie
apartament;Alee;BISTRICIOARA;colentina;91.4100;;;469908;1989;2022-T1
apartament;Alee;BISTRICIOARA;colentina;56.4400;;;252241;1987;2022-T1
apartament;Alee;BRASOVENI;tei;52.4000;;;373347;1985;2022-T1
apartament;Alee;BURIDAVA;colentina;43.5600;;;316527;2016;2022-T1
apartament;Alee;CIRCULUI;tei;59.6000;;;495000;1960;2022-T1
apartament;Alee;DIHAM;pantelimon;54.0300;;;375000;1983;2022-T1
apartament;Alee;DOBRINA;pantelimon;50.3700;;;321406;1979;2022-T1
apartament;Alee;LUNCSOARA;centrala;29.2800;;;289224;1990;2022-T1
apartament;Alee;LUNGULETU;centrala;60.3300;;;49400;1962;2022-T1
apartament;Alee;LUNGULETU;centrala;51.1000;;;313185;1963;2022-T1
apartament;Alee;LUNGULETU;centrala;59.3300;;;370912;1963;2022-T1
apartament;Alee;MAGURA VULTURULUI;iancului;28.3700;;;242314;1982;2022-T1
apartament;Alee;MAGURA VULTURULUI;iancului;28.6600;;;197808;1982;2022-T1
apartament;Alee;MOZAICULUI;pantelimon;57.0100;;;435133;1977;2022-T1
apartament;Alee;MOZAICULUI;pantelimon;42.5000;;;267060;1977;2022-T1
apartament;Alee;PANTELIMON;pantelimon;14.8000;;;80026;1976;2022-T1
apartament;Alee;PANTELIMON;pantelimon;14.7300;;;98406;1972;2022-T1
apartament;Alee;PIATRA MARE;colentina;49.3500;;;294772;1985;2022-T1
apartament;Alee;SINAIA;colentina;58.9800;;;410308;1975;2022-T1
apartament;Alee;SINAIA;colentina;60.4400;;;222565;1976;2022-T1
apartament;Alee;ZARANDULUI;iancului;66.3000;;;568698;1980;2022-T1
apartament;Bulevard;BASARABIA;vatra luminoasa;22.8300;;;148500;1960;2022-T1
apartament;Bulevard;BASARABIA;pantelimon;48.4200;;;331576;1983;2022-T1
apartament;Bulevard;BASARABIA;vatra luminoasa;61.8100;;;325000;1965;2022-T1
apartament;Bulevard;BASARABIA;pantelimon;24.5300;;;187891;1978;2022-T1
apartament;Bulevard;BASARABIA;vatra luminoasa;51.6800;;;325000;1958;2022-T1
apartament;Bulevard;CHISINAU;pantelimon;76.7700;;;449967;1984;2022-T1
apartament;Bulevard;DIMITRIE POMPEIU;pipera sud;60.8000;;;695773;2020;2022-T1
apartament;Bulevard;DIMITRIE POMPEIU;pipera sud;65.6800;;;647402;2020;2022-T1
apartament;Bulevard;FERDINAND I;centrala;24.4600;;;148500;1935;2022-T1
apartament;Bulevard;GHICA TEI;tei;47.0900;;;280000;1983;2022-T1
apartament;Bulevard;LACUL TEI;tei;66.0500;;;336170;1976;2022-T1
apartament;Bulevard;LACUL TEI;tei;61.9000;;;600598;2021;2022-T1
apartament;Bulevard;LACUL TEI;tei;63.2000;;;656621;2021;2022-T1
apartament;Bulevard;LACUL TEI;tei;66.5000;;;479444;1979;2022-T1
apartament;Bulevard;PIERRE DE COUBERTIN;vatra luminoasa;58.2600;;;146160;1960;2022-T1
apartament;Calea;MOSILOR;centrala;29.2900;;;291825;1982;2022-T1
apartament;Calea;MOSILOR;centrala;85.8900;;;732438;1981;2022-T1
apartament;Calea;MOSILOR;centrala;74.0400;;;351100;1946;2022-T1
apartament;Intrare;CHEFALULUI;pipera sud;78.0000;;;1283630;2015;2022-T1
apartament;Intrare;CHEFALULUI;pipera sud;107.1600;;;1399794;2015;2022-T1
apartament;Intrare;CHEFALULUI;pipera sud;107.0000;;;989280;2015;2022-T1
apartament;Intrare;COBILITEI;centrala;49.9000;;;392642;2020;2022-T1
apartament;Intrare;NICOLAE CERGA, CAPORAL;vatra luminoasa;53.3000;;;395456;1975;2022-T1
apartament;Intrare;TEIUL DOAMNEI;tei;37.5000;;;202753;1975;2022-T1
apartament;Piata;C. A. ROSETTI;centrala;156.1500;;;240000;1913;2022-T1
comercial;Sosea;ANDRONACHE;andronache;0.0000;205.0000;;542780;2022;2022-T1
apartament;Sosea;COLENTINA;colentina;47.1600;;;187906;1969;2022-T1
apartament;Sosea;COLENTINA;colentina;46.5500;;;321436;1975;2022-T1
apartament;Sosea;COLENTINA;colentina;36.9700;;;356004;2009;2022-T1
apartament;Sosea;COLENTINA;colentina;36.8200;;;277478;2009;2022-T1
apartament;Sosea;COLENTINA;colentina;55.4000;;;526717;2008;2022-T1
comercial;Sosea;COLENTINA;colentina;12.5000;;;502000;2022;2022-T1
apartament;Sosea;COLENTINA;colentina;47.6200;;;301626;1970;2022-T1
apartament;Sosea;COLENTINA;tei;30.9800;;;215042;1971;2022-T1
apartament;Sosea;COLENTINA;tei;69.3700;;;494520;1974;2022-T1
apartament;Sosea;COLENTINA;ion creanga;35.9500;;;250000;2018;2022-T1
apartament;Sosea;COLENTINA;colentina;49.9000;;;281825;1970;2022-T1
apartament;Sosea;COLENTINA;colentina;33.1000;;;148308;1969;2022-T1
apartament;Sosea;DOBROESTI;pantelimon;64.2200;;;390631;1983;2022-T1
apartament;Sosea;DOBROESTI;pantelimon;;49.0000;;353294;2021;2022-T1
apartament;Sosea;FABRICA DE GLUCOZA;pipera sud;74.4800;;;538000;2020;2022-T1
apartament;Sosea;FABRICA DE GLUCOZA;pipera sud;;45.7000;;338243;2020;2022-T1
apartament;Sosea;FABRICA DE GLUCOZA;pipera sud;36.4000;;;310518;2020;2022-T1
apartament;Sosea;FABRICA DE GLUCOZA;pipera sud;42.9400;;;372163;2020;2022-T1
apartament;Sosea;FABRICA DE GLUCOZA;pipera sud;48.3000;;;445500;2020;2022-T1
apartament;Sosea;FABRICA DE GLUCOZA;pipera sud;66.9000;;;568758;2020;2022-T1
apartament;Sosea;FABRICA DE GLUCOZA;pipera sud;;43.7600;;330492;2020;2022-T1
apartament;Sosea;FABRICA DE GLUCOZA;pipera sud;74.8200;;;414818;2020;2022-T1
apartament;Sosea;FABRICA DE GLUCOZA;pipera sud;38.6000;;;354992;2020;2022-T1
apartament;Sosea;FABRICA DE GLUCOZA;pipera sud;38.9000;;;384485;2020;2022-T1
apartament;Sosea;FABRICA DE GLUCOZA;pipera sud;49.3000;;;442509;2020;2022-T1
apartament;Sosea;FABRICA DE GLUCOZA;pipera sud;49.4000;;;568709;2020;2022-T1
apartament;Sosea;FABRICA DE GLUCOZA;pipera sud;66.2000;;;462856;2020;2022-T1
apartament;Sosea;FABRICA DE GLUCOZA;pipera sud;52.6000;;;440372;2020;2022-T1
apartament;Sosea;FABRICA DE GLUCOZA;pipera sud;56.8100;;;451751;2020;2022-T1
apartament;Sosea;FABRICA DE GLUCOZA;pipera sud;52.2100;;;519120;2020;2022-T1
apartament;Sosea;FABRICA DE GLUCOZA;pipera sud;54.4800;;;442354;2020;2022-T1
apartament;Sosea;FABRICA DE GLUCOZA;pipera sud;41.2500;;;365271;2020;2022-T1
apartament;Sosea;FABRICA DE GLUCOZA;pipera sud;50.0000;;;568520;2020;2022-T1
apartament;Sosea;FABRICA DE GLUCOZA;pipera sud;76.0300;;;477210;2020;2022-T1
apartament;Sosea;FABRICA DE GLUCOZA;pipera sud;;;21.8000;616208;2020;2022-T1
apartament;Sosea;FABRICA DE GLUCOZA;pipera sud;75.1500;;;537928;2020;2022-T1
apartament;Sosea;FABRICA DE GLUCOZA;pipera sud;;;22.6200;882142;2020;2022-T1
apartament;Sosea;FABRICA DE GLUCOZA;pipera sud;41.4700;;;358118;2020;2022-T1
apartament;Sosea;FABRICA DE GLUCOZA;pipera sud;74.9300;;;462147;2020;2022-T1
apartament;Sosea;FABRICA DE GLUCOZA;pipera sud;40.8000;;;358149;2020;2022-T1
apartament;Sosea;FABRICA DE GLUCOZA;pipera sud;56.1700;;;460959;2020;2022-T1
apartament;Sosea;FABRICA DE GLUCOZA;pipera sud;50.4000;;;454748;2020;2022-T1
apartament;Sosea;FABRICA DE GLUCOZA;pipera sud;41.4000;;;346939;2020;2022-T1
apartament;Sosea;FABRICA DE GLUCOZA;pipera sud;44.1900;;;376810;2020;2022-T1
apartament;Sosea;FABRICA DE GLUCOZA;pipera sud;45.3200;;;336890;2020;2022-T1
apartament;Sosea;FABRICA DE GLUCOZA;pipera sud;;96.6900;;868005;2010;2022-T1
apartament;Sosea;FABRICA DE GLUCOZA;pipera sud;106.2000;;;922056;2010;2022-T1
apartament;Sosea;FABRICA DE GLUCOZA;pipera sud;61.1000;;;628002;2010;2022-T1
apartament;Sosea;FABRICA DE GLUCOZA;pipera sud;96.2300;;;865533;2010;2022-T1
apartament;Sosea;FABRICA DE GLUCOZA;pipera sud;506.1100;;;2719200;2022;2022-T1
apartament;Sosea;FABRICA DE GLUCOZA;pipera sud;153.9900;;;929790;2010;2022-T1
apartament;Sosea;FUNDENI;colentina;46.0000;;;296742;1977;2022-T1
apartament;Sosea;IANCULUI;vatra luminoasa;80.3300;;;568641;1977;2022-T1
apartament;Sosea;IANCULUI;iancului;30.8400;;;158400;1979;2022-T1
apartament;Sosea;IANCULUI;iancului;82.2000;;;617987;1978;2022-T1
apartament;Sosea;IANCULUI;iancului;64.3200;;;386750;1975;2022-T1
apartament;Sosea;IANCULUI;vatra luminoasa;45.6000;;;434720;1977;2022-T1
apartament;Sosea;MIHAI BRAVU;colentina;58.8200;;;396000;1963;2022-T1
apartament;Sosea;MIHAI BRAVU;centrala;49.5000;;;378208;1984;2022-T1
apartament;Sosea;MIHAI BRAVU;colentina;59.1000;;;365945;1962;2022-T1
apartament;Sosea;MIHAI BRAVU;centrala;72.0200;;;519634;1988;2022-T1
apartament;Sosea;MIHAI BRAVU;centrala;47.2400;;;45000;1979;2022-T1
apartament;Sosea;MIHAI BRAVU;centrala;49.5400;;;368380;1982;2022-T1
apartament;Sosea;MIHAI BRAVU;colentina;68.0000;;;356054;1978;2022-T1
apartament;Sosea;MIHAI BRAVU;colentina;62.1000;;;415228;1984;2022-T1
apartament;Sosea;MIHAI BRAVU;centrala;44.2100;;;257524;1964;2022-T1
apartament;Sosea;MIHAI BRAVU;iancului;43.0600;;;285000;1961;2022-T1
apartament;Sosea;MORARILOR;pantelimon;47.0500;;;449904;2020;2022-T1
apartament;Sosea;MORARILOR;pantelimon;;;9.4800;452729;2020;2022-T1
apartament;Sosea;PANTELIMON;iancului;28.2600;;;195288;1980;2022-T1
apartament;Sosea;PANTELIMON;iancului;53.1100;;;340000;1982;2022-T1
apartament;Sosea;PANTELIMON;pantelimon;28.6100;;;126115;1974;2022-T1
apartament;Sosea;PANTELIMON;pantelimon;66.5500;;;371250;1975;2022-T1
apartament;Sosea;PANTELIMON;pantelimon;71.1900;;;390616;1975;2022-T1
apartament;Sosea;PANTELIMON;pantelimon;53.0500;;;563945;2017;2022-T1
apartament;Sosea;PANTELIMON;pantelimon;63.0700;;;571228;2017;2022-T1
apartament;Sosea;PANTELIMON;pantelimon;50.0000;;;425147;2021;2022-T1
apartament;Sosea;PANTELIMON;pantelimon;63.0000;;;363347;1976;2022-T1
apartament;Sosea;PANTELIMON;pantelimon;;80.8000;;430650;1974;2022-T1
apartament;Sosea;PANTELIMON;pantelimon;47.7900;;;333720;1976;2022-T1
apartament;Sosea;PANTELIMON;iancului;29.6400;;;238853;1980;2022-T1
apartament;Sosea;PIPERA;pipera sud;83.8000;;;912050;2020;2022-T1
apartament;Sosea;PIPERA;pipera sud;46.0000;;;391989;2020;2022-T1
apartament;Sosea;PIPERA;pipera sud;;;13.3000;394533;2022;2022-T1
apartament;Sosea;PIPERA;pipera sud;54.7000;;;736834;2020;2022-T1
apartament;Sosea;PIPERA;pipera sud;45.3000;;;441252;2020;2022-T1
apartament;Sosea;PIPERA;pipera sud;84.1000;;;727049;2020;2022-T1
apartament;Sosea;PIPERA;pipera sud;52.3000;;;734466;2020;2022-T1
apartament;Sosea;PIPERA;pipera sud;42.0000;;;399891;2020;2022-T1
apartament;Sosea;PIPERA;pipera sud;;;14.1300;994620;2020;2022-T1
apartament;Sosea;PIPERA;pipera sud;52.8000;;;699562;2020;2022-T1
apartament;Sosea;STEFAN CEL MARE;centrala;65.1400;;;445000;1982;2022-T1
apartament;Sosea;STEFAN CEL MARE;centrala;71.8700;;;558841;1982;2022-T1
apartament;Sosea;STEFAN CEL MARE;tei;45.8200;;;274524;1962;2022-T1
apartament;Sosea;STEFAN CEL MARE;tei;44.8900;;;252246;1964;2022-T1
apartament;Sosea;STEFAN CEL MARE;tei;27.9000;;;257114;1980;2022-T1
apartament;Sosea;VERGULUI;pantelimon;45.2900;;;360000;1980;2022-T1
apartament;Strada;AROMEI;tei;25.4900;;;197808;1981;2022-T1
casa;Strada;AUREL VLAICU;centrala;30.1800;;;41448;1934;2022-T1
apartament;Strada;AUREL VLAICU;centrala;71.4000;;;853294;2020;2022-T1
apartament;Strada;AVRIG;iancului;49.9000;;;395488;1980;2022-T1
apartament;Strada;AVRIG;iancului;28.1200;;;267030;1979;2022-T1
apartament;Strada;AVRIG;iancului;29.3400;;;252144;1983;2022-T1
apartament;Strada;AVRIG;iancului;27.6100;;;269448;1980;2022-T1
apartament;Strada;AVRIG;colentina;44.5100;;;247285;1963;2022-T1
apartament;Strada;BAIA DE ARAMA;pantelimon;54.2400;;;472116;2020;2022-T1
apartament;Strada;BAICULUI;iancului;28.8000;;;222750;1980;2022-T1
apartament;Strada;BAICULUI;colentina;59.0600;;;375714;1990;2022-T1
apartament;Strada;BAICULUI;colentina;72.8000;;;329966;1989;2022-T1
apartament;Strada;BARBU VACARESCU;tei;78.6000;;;1142400;2020;2022-T1
apartament;Strada;BARBU VACARESCU;tei;59.2000;;;726821;2022;2022-T1
apartament;Strada;BARBU VACARESCU;floreasca;44.0300;;;286827;1959;2022-T1
apartament;Strada;BISERICA MARCUTA;pantelimon;40.6000;;;93958;1975;2022-T1
apartament;Strada;BISERICA MARCUTA;pantelimon;64.7400;;;385998;1975;2022-T1
apartament;Strada;BOCSA;centrala;;47.6500;;325460;1932;2022-T1
apartament;Strada;BRASOVENI;tei;24.0000;;;158272;1984;2022-T1
apartament;Strada;BREBU;tei;47.3300;;;356040;1986;2022-T1
apartament;Strada;BUDILA;centrala;37.4000;;;370847;2015;2022-T1
apartament;Strada;CALUSEI;centrala;91.2100;;;509232;2019;2022-T1
apartament;Strada;CAMINULUI;iancului;43.3300;;;356104;1960;2022-T1
apartament;Strada;CARAUSILOR;iancului;;51.4000;;344506;2021;2022-T1
apartament;Strada;CARAUSILOR;iancului;44.9000;;;236850;2021;2022-T1
apartament;Strada;CAREI;pantelimon;46.9500;;;326350;1982;2022-T1
apartament;Strada;CIOCARLIEI;pantelimon;48.8000;;;271876;1980;2022-T1
apartament;Strada;CIUREA;vatra luminoasa;31.1000;;;239784;1976;2022-T1
teren;Strada;CONSTANTIN GHEATA;andronache;;;297.0000;297000;2022;2022-T1
apartament;Strada;COSTACHE CONACHI;iancului;51.6700;;;321392;1985;2022-T1
apartament;Strada;CRISTEA MATEESCU;tei;64.0000;;;469746;1983;2022-T1
apartament;Strada;DELEA VECHE;centrala;32.3600;;;335869;2014;2022-T1
apartament;Strada;DELFINULUI;pantelimon;27.9200;;;192863;1984;2022-T1
apartament;Strada;DESPOT VODA;centrala;100.7500;;;903517;2021;2022-T1
apartament;Strada;DIANEI;centrala;72.1200;;;150000;1940;2022-T1
apartament;Strada;DIMA CRISTESCU, SUBLOCOTENENT;colentina;31.3900;;;217632;1979;2022-T1
apartament;Strada;DIMA CRISTESCU, SUBLOCOTENENT;colentina;54.1000;;;340034;1979;2022-T1
apartament;Strada;DIMA CRISTESCU, SUBLOCOTENENT;colentina;65.4100;;;544104;1978;2022-T1
casa;Strada;DIMITRIE HARJEU;vatra luminoasa;0.0000;376.0000;;2945250;2022;2022-T1
apartament;Strada;DINU VINTILA;tei;100.7700;;;1384796;2008;2022-T1
apartament;Strada;DOAMNA GHICA;tei;65.8000;;;395696;1978;2022-T1
casa;Strada;DOAMNA GHICA;colentina;56.9000;;;865182;2006;2022-T1
apartament;Strada;DOAMNA GHICA;tei;63.7500;;;346045;1976;2022-T1
apartament;Strada;DOAMNA GHICA;tei;80.0000;;;435186;1976;2022-T1
casa;Strada;DUMITRU THEODOR NECULUTA;vatra luminoasa;0.0000;40.0000;;1063239;1939;2022-T1
apartament;Strada;FABRICA DE GHEATA;Colentina;107.3600;;;720795;2014;2022-T1
apartament;Strada;FABRICA DE GHEATA;Colentina;49.5000;;;446775;2021;2022-T1
apartament;Strada;FABRICA DE GHEATA;Colentina;54.4000;;;477457;2020;2022-T1
apartament;Strada;FAINARI;centrala;66.9000;;;370837;1981;2022-T1
apartament;Strada;FAINARI;centrala;48.8200;;;407329;1980;2022-T1
apartament;Strada;FANTANICA;iancului;78.2300;;;438240;1986;2022-T1
apartament;Strada;FREDERIC CHOPIN;floreasca;33.0500;;;469727;1960;2022-T1
apartament;Strada;GHEORGHE MATAC, SOLDAT;tei;73.5200;;;715189;2021;2022-T1
apartament;Strada;GHEORGHE MATAC, SOLDAT;tei;74.4000;;;467193;2021;2022-T1
apartament;Strada;GHEORGHE MATAC, SOLDAT;tei;73.8900;;;475451;2021;2022-T1
apartament;Strada;GHEORGHE MATAC, SOLDAT;tei;76.8800;;;467132;2019;2022-T1
apartament;Strada;GHEORGHE MATAC, SOLDAT;tei;52.2200;;;469505;2021;2022-T1
apartament;Strada;GHEORGHE STANESCU, SUBLOCOTENENT;iancului;59.9800;;;346164;1979;2022-T1
apartament;Strada;GHERGHITEI;colentina;48.9900;;;257400;1980;2022-T1
apartament;Strada;GHERGHITEI;andronache;72.1000;;;594000;2020;2022-T1
apartament;Strada;GIUSEPPE VERDI;floreasca;52.0000;;;385819;1963;2022-T1
apartament;Strada;GORGAN SPATARUL;andronache;50.4000;;;31154;2021;2022-T1
apartament;Strada;GORGAN SPATARUL;andronache;35.8000;;;258326;2021;2022-T1
apartament;Strada;GORGAN SPATARUL;andronache;64.2000;;;494520;2020;2022-T1
apartament;Strada;GRIGORE IONESCU;tei;64.1000;;;408301;1987;2022-T1
apartament;Strada;GRIGORE IONESCU;tei;48.3000;;;415380;1984;2022-T1
apartament;Strada;HERTA;pantelimon;64.3100;;;355000;1982;2022-T1
apartament;Strada;HERTA;pantelimon;23.6000;;;210270;1984;2022-T1
apartament;Strada;HOREI;centrala;84.0900;;;246866;1998;2022-T1
apartament;Strada;INGINERILOR TEI;tei;38.4800;;;245000;1987;2022-T1
apartament;Strada;INGINERILOR TEI;tei;36.1700;;;235000;1991;2022-T1
apartament;Strada;INGINERILOR TEI;tei;37.1000;;;78453;1986;2022-T1
apartament;Strada;ION CORAVU, MAIOR;vatra luminoasa;67.5200;;;647913;1970;2022-T1
apartament;Strada;ION CORAVU, MAIOR;vatra luminoasa;82.9000;;;593436;1970;2022-T1
apartament;Strada;ION D. BERINDEI;tei;47.2600;;;282076;1970;2022-T1
apartament;Strada;ION D. BERINDEI;tei;47.0000;;;311528;1971;2022-T1
apartament;Strada;ION D. BERINDEI;tei;52.5900;;;321470;1936;2022-T1
apartament;Strada;IRIMICULUI;tei;60.2400;;;370853;1976;2022-T1
apartament;Strada;IRIMICULUI;tei;70.6000;;;653400;1986;2022-T1
apartament;Strada;JEAN LOUIS CALDERON;centrala;84.0400;;;1534283;1930;2022-T1
apartament;Strada;JOHANN SEBASTIAN BACH;floreasca;32.4800;;;390000;1961;2022-T1
apartament;Strada;JUDETULUI;tei;53.0800;;;588375;2015;2022-T1
apartament;Strada;JUDETULUI;tei;58.5300;;;583345;1970;2022-T1
apartament;Strada;LITOVOI  VOIEVOD;colentina;41.4400;;;212588;2005;2022-T1
apartament;Strada;LUNCA FLORILOR;colentina;16.1100;;;58841;1975;2022-T1
apartament;Strada;LUNCA FLORILOR;colentina;16.1500;;;71688;1967;2022-T1
apartament;Strada;LUNTREI;tei;22.8400;;;187842;2011;2022-T1
apartament;Strada;LUNTREI;tei;37.1800;;;193830;1979;2022-T1
apartament;Strada;MAGURA VULTURULUI;iancului;53.1000;;;314125;1981;2022-T1
apartament;Strada;MAGURA VULTURULUI;iancului;;76.2000;;623057;2019;2022-T1
casa;Strada;MALIUC;andronache;0.0000;89.0000;;74187;1945;2022-T1
apartament;Strada;MARCU ARMASU;pantelimon;35.3900;;;252231;1974;2022-T1
apartament;Strada;MARCU ARMASU;pantelimon;22.4700;;;147795;1976;2022-T1
apartament;Strada;MARIA ROSETTI;centrala;142.1300;;;1013418;1940;2022-T1
teren;Strada;MARIA ROSETTI;centrala;;;163.0000;51300;2022;2022-T1
apartament;Strada;MARIA ROSETTI;centrala;84.0400;;;736954;1934;2022-T1
apartament;Strada;MASINA DE PAINE;tei;45.8600;;;301754;1969;2022-T1
casa;Strada;MATEI VOIEVOD;centrala;0.0000;77.4000;;325000;2002;2022-T1
casa;Strada;MATEI VOIEVOD;centrala;0.0000;117.7600;;642616;1920;2022-T1
casa;Strada;MELODIEI;ion creanga;0.0000;54.0000;;238080;1960;2022-T1
casa;Strada;MENTIUNII;andronache;0.0000;43.5500;;448137;1960;2022-T1
apartament;Strada;MIEILOR;centrala;35.9100;;;289294;1986;2022-T1
apartament;Strada;MIHAI EMINESCU;centrala;79.6400;;;895787;2018;2022-T1
apartament;Strada;MIHAIL GEORGESCU;centrala;48.2700;;;77005;1925;2022-T1
apartament;Strada;NADA FLORILOR;Tei;51.0000;;;366314;1983;2022-T1
apartament;Strada;NADA FLORILOR;tei;51.0100;;;385686;1985;2022-T1
apartament;Strada;NADA FLORILOR;tei;36.4400;;;207900;1960;2022-T1
apartament;Strada;NADA FLORILOR;tei;66.9000;;;444987;1980;2022-T1
casa;Strada;OBLETILOR;pantelimon;95.0000;;;2575237;1970;2022-T1
apartament;Strada;OBORUL NOU;centrala;27.7100;;;165000;1965;2022-T1
apartament;Strada;OBORUL NOU;centrala;30.5400;;;224966;1973;2022-T1
apartament;Strada;OLTARULUI;centrala;32.1800;;;212622;1938;2022-T1
apartament;Strada;OPANEZ;tei;57.3000;;;425295;1996;2022-T1
apartament;Strada;ORZARI;centrala;;77.0000;;801990;2020;2022-T1
apartament;Strada;PASARANI;ion creanga;63.4000;;;275400;2020;2022-T1
apartament;Strada;PASULUI;centrala;127.6800;;;707164;1899;2022-T1
apartament;Strada;PESCARUSULUI;pantelimon;49.3100;;;326390;1983;2022-T1
apartament;Strada;PETRE ANTONESCU;tei;33.7800;;;232326;1982;2022-T1
casa;Strada;POEZIEI;ion creanga;0.0000;111.0000;;444951;1960;2022-T1
casa;Strada;POEZIEI;ion creanga;0.0000;6.0000;;295085;1970;2022-T1
apartament;Strada;POIANA CU ALUNI;Colentina;49.0900;;;291770;1986;2022-T1
apartament;Strada;POPA NAN;centrala;45.0000;;;392003;2021;2022-T1
apartament;Strada;POPA NAN;centrala;45.0000;;;453511;2021;2022-T1
apartament;Strada;POPA PETRE;centrala;;53.7000;;549070;2021;2022-T1
apartament;Strada;POPA PETRE;centrala;45.6000;;;466502;2021;2022-T1
apartament;Strada;POPA PETRE;centrala;51.7000;;;444287;2021;2022-T1
apartament;Strada;RADOVANU;colentina;50.0200;;;296621;1986;2022-T1
apartament;Strada;RADOVANU;colentina;64.7400;;;247000;1985;2022-T1
teren;Strada;RADU CAPTARIU;floreasca;;;300.0000;1804998;2022;2022-T1
apartament;Strada;RASCOALA 1907;colentina;49.2000;;;301646;1985;2022-T1
apartament;Strada;RASNOV;colentina;14.9400;;;76000;1969;2022-T1
apartament;Strada;RIPICENI;Tei;35.9000;;;227447;1977;2022-T1
apartament;Strada;SERGHEI VASILIEVICI RAHMANINOV;floreasca;66.5000;;;1246231;2020;2022-T1
apartament;Strada;SPATARULUI;centrala;77.5000;;;470250;1997;2022-T1
apartament;Strada;STEFAN STEFANESCU, ELEV MILITAR;iancului;65.3000;;;494590;1981;2022-T1
apartament;Strada;STEFAN STEFANESCU, ELEV MILITAR;iancului;31.4900;;;254677;1980;2022-T1
apartament;Strada;STEFAN STEFANESCU, ELEV MILITAR;iancului;66.9000;;;365893;1981;2022-T1
apartament;Strada;STEFAN STEFANESCU, ELEV MILITAR;iancului;32.5400;;;222493;1980;2022-T1
apartament;Strada;TEPES VODA;centrala;63.5000;;;811468;2020;2022-T1
apartament;Strada;TEPES VODA;centrala;49.9000;;;835187;2020;2022-T1
apartament;Strada;TEPES VODA;centrala;63.5000;;;810788;2020;2022-T1
apartament;Strada;TEPES VODA;centrala;70.4000;;;828354;2020;2022-T1
apartament;Strada;THOMAS MASARYK;centrala;43.9200;;;333745;1938;2022-T1
apartament;Strada;THOMAS MASARYK;centrala;141.5700;;;1656240;1929;2022-T1
apartament;Strada;TIMPULUI;centrala;18.8700;;;562500;1923;2022-T1
apartament;Strada;TIMPULUI;centrala;5.2500;;;556256;1932;2022-T1
apartament;Strada;TRAIAN;centrala;31.6500;;;229919;1980;2022-T1
apartament;Strada;TRAIAN;centrala;94.9300;;;924753;2007;2022-T1
apartament;Strada;TUDOR ARGHEZI;centrala;68.3900;;;509418;1946;2022-T1
apartament;Strada;TUDOR ARGHEZI;centrala;140.3100;;;1023781;1946;2022-T1
apartament;Strada;VASILE BACILA, MAIOR;colentina;74.0500;;;425000;1990;2022-T1
apartament;Strada;VASILE BACILA, MAIOR;colentina;38.2400;;;227658;2008;2022-T1
apartament;Strada;VASILE LASCAR;centrala;;;4.5900;58862;2022;2022-T1
apartament;Strada;VASILE LASCAR;centrala;52.1000;;;444888;2020;2022-T1
apartament;Strada;VASILE LASCAR;centrala;54.3000;;;659375;2020;2022-T1
apartament;Strada;VASILE LASCAR;centrala;42.0800;;;311850;1939;2022-T1
apartament;Strada;VASILE STOLNICUL;colentina;25.4100;;;133534;1970;2022-T1
apartament;Strada;VASILE STOLNICUL;colentina;78.0400;;;210870;1987;2022-T1
apartament;Strada;VICTOR MANU, LOCOTENENT;vatra luminoasa;79.1900;;;355741;1991;2022-T1
apartament;Strada;VIDIN;tei;26.5400;;;190345;1982;2022-T1
apartament;Strada;VIITORULUI;centrala;79.7500;;;558672;1981;2022-T1
apartament;Strada;VISARION SACHELARIE, LOCOTENENT;iancului;89.7100;;;731845;2021;2022-T1
apartament;Strada;VISARION SACHELARIE, LOCOTENENT;iancului;90.0800;;;954142;2020;2022-T1
apartament;Strada;VITEJIEI;vatra luminoasa;38.8400;;;309989;1986;2022-T1
apartament;Strada;VRANCIOAIA;tei;67.6200;;;969259;2017;2022-T1
apartament;Strada;VRANCIOAIA;tei;70.0300;;;675156;2017;2022-T1
apartament;Strada;ZIDURI INTRE VII;colentina;26.8500;;;74171;1973;2022-T1
apartament;Alee;ARGEDAVA;colentina;31.6000;;;160839;2014;2022-T1
apartament;Alee;ARGEDAVA;colentina;;27.1000;;165587;2007;2022-T2
apartament;Alee;ARGEDAVA;colentina;;30.0500;;157500;2007;2022-T4
apartament;Alee;ARGEDAVA;colentina;62.9100;;;346235;2018;2022-T1
apartament;Alee;ARGEDAVA;colentina;66.5400;;;255000;2018;2022-T4
apartament;Alee;ARGEDAVA;colentina;66.5400;;;392184;2018;2022-T4
apartament;Alee;ARGEDAVA;colentina;83.3000;;;405742;2022;2022-T4
apartament;Alee;ARGEDAVA;colentina;51.9000;;;252393;2022;2022-T3
apartament;Alee;ARGEDAVA;colentina;52.1000;;;346094;2022;2022-T4
apartament;Alee;ARGEDAVA;colentina;82.7000;;;393138;2022;2022-T3
apartament;Alee;ARGEDAVA;colentina;;84.1000;;344954;2022;2022-T4
apartament;Alee;AVRIG;colentina;46.9200;;;255798;1963;2022-T4
apartament;Alee;AVRIG;colentina;48.2000;;;306831;1963;2022-T1
apartament;Alee;AVRIG;colentina;27.3900;;;162360;1963;2022-T1
apartament;Alee;AVRIG;colentina;45.4600;;;357352;1964;2022-T4
apartament;Alee;AVRIG;colentina;47.6100;;;300000;1969;2022-T3
apartament;Alee;AVRIG;colentina;48.8000;;;320235;1964;2022-T4
apartament;Alee;AVRIG;colentina;64.5100;;;399229;1962;2022-T1
apartament;Alee;AVRIG;colentina;26.3600;;;263617;1978;2022-T3
apartament;Alee;AVRIG;colentina;27.3800;;;237461;1979;2022-T2
apartament;Alee;AVRIG;colentina;27.6100;;;252399;1979;2022-T1
apartament;Alee;AVRIG;colentina;27.6000;;;234460;1978;2022-T4
apartament;Alee;AVRIG;colentina;45.4400;;;265291;1963;2022-T4
apartament;Alee;AVRIG;colentina;45.8000;;;485100;1965;2022-T3
apartament;Alee;AVRIG;colentina;46.5000;;;347059;1963;2022-T2
apartament;Alee;AVRIG;colentina;47.3100;;;267327;1963;2022-T3
apartament;Alee;AVRIG;colentina;48.8200;;;299197;1966;2022-T2
apartament;Alee;AVRIG;colentina;51.1200;;;148200;1980;2022-T3
apartament;Alee;AVRIG;colentina;29.3800;;;236913;1979;2022-T4
apartament;Alee;AVRIG;colentina;30.1300;;;247215;1979;2022-T2
apartament;Alee;AVRIG;colentina;30.3000;;;239413;1978;2022-T3
apartament;Alee;BISTRICIOARA;colentina;55.7800;;;395000;1990;2022-T3
apartament;Alee;BISTRICIOARA;colentina;89.3600;;;605000;1987;2022-T2
teren;Alee;BURIDAVA;colentina;;;532.0000;519613;2022;2022-T2
apartament;Alee;BURIDAVA;colentina;84.8400;;;494290;2008;2022-T2
apartament;Alee;CAMPUL MOSILOR;colentina;60.0600;;;427932;1975;2022-T2
apartament;Alee;CAMPUL MOSILOR;colentina;59.5800;;;381150;1974;2022-T3
apartament;Alee;CAPIDAVA;colentina;70.8900;;;200000;2009;2022-T4
apartament;Alee;CENUSERESEI;centrala;65.5100;;;519445;1980;2022-T2
apartament;Alee;CENUSERESEI;centrala;86.6000;;;541112;1981;2022-T4
apartament;Alee;CIRCULUI;tei;44.8000;;;409306;1965;2022-T4
apartament;Alee;CIRCULUI;tei;45.9500;;;405835;1960;2022-T1
apartament;Alee;CIRCULUI;tei;56.8900;;;588225;1959;2022-T2
apartament;Alee;CIRCULUI;tei;53.7000;;;444942;1961;2022-T2
apartament;Alee;CIRCULUI;tei;53.8300;;;525000;1960;2022-T2
apartament;Alee;CIRCULUI;tei;54.3100;;;420414;1963;2022-T1
apartament;Alee;CIRCULUI;tei;54.6300;;;591108;1966;2022-T3
apartament;Alee;CIRCULUI;tei;54.0000;;;464313;1962;2022-T4
apartament;Alee;CISLAU;iancului;25.5800;;;187720;1985;2022-T1
apartament;Alee;CISLAU;iancului;37.3600;;;247050;1985;2022-T4
apartament;Alee;CISLAU;iancului;;;23.9600;767048;2022;2022-T1
apartament;Alee;CISLAU;iancului;98.9500;;;791449;2009;2022-T1
apartament;Alee;CISLAU;iancului;36.5000;;;156903;1985;2022-T3
apartament;Alee;CISLAU;iancului;36.7700;;;247185;1985;2022-T2
apartament;Alee;CODLEA;pantelimon;32.1000;;;197832;1981;2022-T2
apartament;Alee;CODLEA;pantelimon;49.3300;;;339000;1982;2022-T2
apartament;Alee;CODLEA;pantelimon;62.2400;;;458330;1976;2022-T2
apartament;Alee;CODLEA;pantelimon;30.0000;;;197464;1982;2022-T4
teren;Alee;COZIA;colentina;;;271.0000;330919;2022;2022-T3
comercial;Alee;COZIA;colentina;23.4400;;;148373;1974;2022-T2
comercial;Alee;COZIA;colentina;67.5000;;;445113;1974;2022-T2
apartament;Alee;CUMIDAVA;colentina;;79.7200;;332000;2016;2022-T3
apartament;Alee;CUMIDAVA;colentina;60.9000;;;311535;2016;2022-T1
teren;Alee;CUMIDAVA;colentina;;;600.0000;667980;2022;2022-T4
apartament;Alee;DEDA;centrala;28.2600;;;236736;1978;2022-T3
apartament;Alee;DEDA;centrala;28.3500;;;215600;1981;2022-T3
apartament;Alee;DEDA;centrala;28.2400;;;232500;1981;2022-T3
apartament;Alee;DEDA;centrala;29.0400;;;254966;1977;2022-T4
apartament;Alee;DEDA;centrala;46.0300;;;504041;2022;2022-T1
apartament;Alee;DEDA;centrala;50.1300;;;581577;2022;2022-T2
apartament;Alee;DEDA;centrala;56.0200;;;467540;2022;2022-T2
apartament;Alee;DEDA;centrala;64.6300;;;637223;2022;2022-T2
apartament;Alee;DEDA;centrala;70.4900;;;472056;2022;2022-T2
apartament;Alee;DEDA;centrala;104.1200;;;716777;2022;2022-T2
apartament;Alee;DEDA;centrala;62.4800;;;467612;2022;2022-T2
apartament;Alee;DEDA;centrala;;;49.0800;472499;2022;2022-T2
apartament;Alee;DEDA;centrala;;80.1600;;674872;2022;2022-T2
apartament;Alee;DEDA;centrala;46.8400;;;467173;2022;2022-T2
apartament;Alee;DEDA;centrala;51.4100;;;462119;2022;2022-T2
apartament;Alee;DEDA;centrala;51.8900;;;467534;2022;2022-T2
apartament;Alee;DEDA;centrala;53.6900;;;651813;2022;2022-T2
apartament;Alee;DEDA;centrala;59.5900;;;466697;2022;2022-T2
apartament;Alee;DEDA;centrala;61.2300;;;467285;2022;2022-T2
apartament;Alee;DEDA;centrala;61.6400;;;466850;2022;2022-T2
apartament;Alee;DEDA;centrala;62.8000;;;690796;2022;2022-T2
apartament;Alee;DEDA;centrala;63.5500;;;685406;2022;2022-T2
apartament;Alee;DEDA;centrala;89.1900;;;716808;2022;2022-T2
apartament;Alee;DEDA;centrala;109.5800;;;726397;2022;2022-T2
apartament;Alee;DEDA;centrala;67.3800;;;581514;2022;2022-T2
apartament;Alee;DEDA;centrala;68.3400;;;726886;2022;2022-T3
apartament;Alee;DEDA;centrala;37.9100;;;311787;2022;2022-T2
apartament;Alee;DEDA;centrala;67.7800;;;467410;2022;2022-T2
apartament;Alee;DEDA;centrala;31.0000;;;301529;1983;2022-T1
apartament;Alee;DEDA;centrala;87.5400;;;543774;1936;2022-T1
apartament;Alee;DIHAM;pantelimon;65.5300;;;459926;1984;2022-T4
apartament;Alee;DIHAM;pantelimon;33.9700;;;212467;1980;2022-T2
apartament;Alee;DIHAM;pantelimon;48.0500;;;405580;1981;2022-T1
apartament;Alee;DIHAM;pantelimon;48.1500;;;246055;1981;2022-T4
apartament;Alee;DIHAM;pantelimon;65.5600;;;420061;1982;2022-T2
apartament;Alee;DIHAM;pantelimon;80.5000;;;467002;1981;2022-T3
apartament;Alee;DIHAM;pantelimon;53.4500;;;346423;1981;2022-T2
apartament;Alee;DIHAM;pantelimon;64.4200;;;315000;1981;2022-T1
apartament;Alee;DIHAM;pantelimon;65.5000;;;419900;1981;2022-T1
apartament;Alee;DIHAM;pantelimon;28.6000;;;237369;1981;2022-T1
apartament;Alee;DIHAM;pantelimon;52.4200;;;242532;1981;2022-T3
apartament;Alee;DOBRINA;pantelimon;27.4700;;;225225;1968;2022-T3
apartament;Alee;DOBRINA;pantelimon;27.9300;;;237552;1982;2022-T2
apartament;Alee;DOBRINA;pantelimon;29.2100;;;183150;1979;2022-T3
apartament;Alee;DOBRINA;pantelimon;28.6500;;;152007;1980;2022-T4
apartament;Alee;DOBRINA;pantelimon;29.2700;;;143000;1980;2022-T4
apartament;Alee;DOBRINA;pantelimon;30.6600;;;162644;1978;2022-T4
apartament;Alee;DOBRINA;pantelimon;31.0500;;;196800;1978;2022-T4
apartament;Alee;DOBRINA;pantelimon;49.5000;;;230000;1976;2022-T2
apartament;Alee;DOBRINA;pantelimon;49.9600;;;316748;1979;2022-T1
apartament;Alee;DOBRINA;pantelimon;50.0400;;;345732;1975;2022-T3
apartament;Alee;DOBRINA;pantelimon;29.7800;;;229765;1979;2022-T2
apartament;Alee;DOBRINA;pantelimon;50.6700;;;321568;1979;2022-T2
apartament;Alee;DOBRINA;pantelimon;51.5000;;;172942;1979;2022-T3
apartament;Alee;DOBRINA;pantelimon;53.4000;;;335697;1979;2022-T4
apartament;Alee;DOBRINA;pantelimon;46.2100;;;311516;1984;2022-T1
apartament;Alee;DOBRINA;pantelimon;61.8700;;;435257;1984;2022-T1
apartament;Alee;DOBRINA;pantelimon;28.4000;;;220083;1982;2022-T2
apartament;Alee;DOBRINA;pantelimon;27.4400;;;;1979;2022-T2
apartament;Alee;DOBRINA;pantelimon;27.8100;;;165792;1978;2022-T4
apartament;Alee;DOBRINA;pantelimon;27.8200;;;147756;1979;2022-T3
apartament;Alee;DOBRINA;pantelimon;30.8700;;;224050;1975;2022-T2
apartament;Alee;HOBITA;pantelimon;34.8800;;;215600;1977;2022-T3
apartament;Alee;HOBITA;pantelimon;65.3000;;;299717;1977;2022-T4
apartament;Alee;HOBITA;pantelimon;31.5100;;;271865;1978;2022-T2
apartament;Alee;HOBITA;pantelimon;78.5000;;;469984;1978;2022-T2
apartament;Alee;HOBITA;pantelimon;82.4000;;;330900;1978;2022-T4
apartament;Alee;ILIA;pantelimon;35.3700;;;247145;1977;2022-T2
apartament;Alee;ILIA;pantelimon;35.3000;;;271804;1975;2022-T3
apartament;Alee;ILIA;pantelimon;36.3000;;;173107;1976;2022-T2
apartament;Alee;ILIA;pantelimon;41.2000;;;290578;1976;2022-T4
apartament;Alee;ILIA;pantelimon;41.6300;;;270000;1975;2022-T3
apartament;Alee;ILIA;pantelimon;35.7000;;;2411409;1995;2022-T4
apartament;Alee;ILIA;pantelimon;34.9300;;;210000;1970;2022-T3
apartament;Alee;ILIA;pantelimon;35.8500;;;278111;1969;2022-T2
apartament;Alee;ILIA;pantelimon;36.6700;;;221805;1975;2022-T4
apartament;Alee;ILIA;pantelimon;39.3900;;;95000;1975;2022-T4
apartament;Alee;ILIA;pantelimon;62.4100;;;324676;1975;2022-T4
apartament;Alee;LUNCSOARA;centrala;56.2500;;;245000;2013;2022-T1
apartament;Alee;LUNCSOARA;centrala;43.3600;;;385055;2013;2022-T4
apartament;Alee;LUNCSOARA;centrala;29.3800;;;326323;1982;2022-T2
apartament;Alee;LUNCSOARA;centrala;32.4500;;;236160;1992;2022-T4
apartament;Alee;LUNGULETU;centrala;59.9600;;;315000;1964;2022-T1
apartament;Alee;LUNGULETU;centrala;26.7800;;;158279;1963;2022-T1
apartament;Alee;LUNGULETU;centrala;58.4000;;;246925;1965;2022-T4
apartament;Alee;LUNGULETU;centrala;46.1200;;;303800;1966;2022-T4
apartament;Alee;LUNGULETU;centrala;47.1200;;;430000;1963;2022-T3
apartament;Alee;LUNGULETU;centrala;58.2200;;;264137;1962;2022-T4
apartament;Alee;LUNGULETU;centrala;58.4900;;;395000;1966;2022-T3
apartament;Alee;LUNGULETU;centrala;63.1000;;;459726;1991;2022-T4
apartament;Alee;MAGURA VULTURULUI;iancului;28.6600;;;25943;1982;2022-T2
apartament;Alee;MOZAICULUI;pantelimon;57.2000;;;308800;1978;2022-T4
apartament;Alee;MOZAICULUI;pantelimon;40.5100;;;322471;1977;2022-T3
apartament;Alee;MOZAICULUI;pantelimon;56.5300;;;420000;1978;2022-T2
apartament;Alee;MOZAICULUI;pantelimon;41.9800;;;296508;1977;2022-T3
apartament;Alee;MOZAICULUI;pantelimon;56.7900;;;435633;1977;2022-T3
apartament;Alee;MOZAICULUI;pantelimon;40.5000;;;196000;1977;2022-T4
apartament;Alee;MOZAICULUI;pantelimon;44.2900;;;89109;1977;2022-T1
apartament;Alee;MOZAICULUI;pantelimon;57.0000;;;252280;1977;2022-T1
apartament;Alee;MOZAICULUI;pantelimon;59.1100;;;395794;1977;2022-T2
apartament;Alee;MOZAICULUI;pantelimon;59.1100;;;370935;1978;2022-T2
apartament;Alee;MOZAICULUI;pantelimon;;63.5000;;331388;1978;2022-T3
apartament;Alee;MOZAICULUI;pantelimon;59.1100;;;366531;1978;2022-T3
apartament;Alee;MOZAICULUI;pantelimon;39.1000;;;321484;1978;2022-T1
apartament;Alee;MOZAICULUI;pantelimon;45.2300;;;321438;1979;2022-T1
apartament;Alee;OTESANI;tei;45.6800;;;271793;1970;2022-T4
apartament;Alee;PANTELIMON;pantelimon;15.3900;;;98932;1965;2022-T2
apartament;Alee;PANTELIMON;pantelimon;26.4000;;;137594;1965;2022-T4
apartament;Alee;PANTELIMON;pantelimon;25.7900;;;138544;1969;2022-T2
apartament;Alee;PANTELIMON;colentina;15.7400;;;71898;1976;2022-T3
apartament;Alee;PANTELIMON;colentina;16.4200;;;95000;1980;2022-T3
apartament;Alee;PANTELIMON;iancului;53.0800;;;477327;1979;2022-T2
apartament;Alee;PANTELIMON;pantelimon;16.1900;;;78461;1965;2022-T4
apartament;Alee;PANTELIMON;pantelimon;27.8000;;;108513;1971;2022-T3
apartament;Alee;PANTELIMON;pantelimon;16.0500;;;86360;1992;2022-T3
apartament;Alee;PANTELIMON;pantelimon;16.5000;;;98526;1973;2022-T3
apartament;Alee;PANTELIMON;pantelimon;17.1300;;;56511;1977;2022-T4
apartament;Alee;PANTELIMON;colentina;16.2200;;;88019;1969;2022-T3
apartament;Alee;PANTELIMON;pantelimon;16.0000;;;96443;1969;2022-T2
apartament;Alee;PANTELIMON;pantelimon;15.8000;;;64870;1974;2022-T1
apartament;Alee;PANTELIMON;pantelimon;16.0100;;;75000;1969;2022-T4
apartament;Alee;PANTELIMON;pantelimon;27.6000;;;153450;1974;2022-T1
apartament;Alee;PANTELIMON;pantelimon;14.8600;;;91018;1975;2022-T4
apartament;Alee;PANTELIMON;pantelimon;26.0300;;;183105;1970;2022-T1
apartament;Alee;PANTELIMON;pantelimon;16.1100;;;98200;1970;2022-T4
apartament;Alee;PANTELIMON;pantelimon;16.3200;;;101455;1970;2022-T1
apartament;Alee;PANTELIMON;pantelimon;16.9100;;;83043;1976;2022-T3
apartament;Alee;PANTELIMON;pantelimon;27.9100;;;108490;1969;2022-T4
apartament;Alee;PANTELIMON;colentina;27.1800;;;170570;1973;2022-T3
apartament;Alee;PANTELIMON;colentina;27.2600;;;108878;1978;2022-T1
apartament;Alee;PANTELIMON;colentina;17.0100;;;122298;1975;2022-T4
apartament;Alee;PANTELIMON;pantelimon;14.4500;;;78000;1977;2022-T2
apartament;Alee;PANTELIMON;pantelimon;14.8800;;;103910;1970;2022-T1
apartament;Alee;PANTELIMON;pantelimon;14.4800;;;70000;1969;2022-T3
apartament;Alee;PANTELIMON;pantelimon;14.5000;;;75000;1969;2022-T2
apartament;Alee;PANTELIMON;pantelimon;14.5300;;;74534;1975;2022-T4
apartament;Alee;PANTELIMON;pantelimon;14.5900;;;34475;1974;2022-T4
apartament;Alee;PANTELIMON;pantelimon;14.6500;;;101122;1975;2022-T3
apartament;Alee;PANTELIMON;pantelimon;15.3000;;;76703;1975;2022-T3
apartament;Alee;PANTELIMON;pantelimon;15.1000;;;87500;1967;2022-T4
apartament;Alee;PANTELIMON;pantelimon;25.5700;;;170117;1974;2022-T3
apartament;Alee;PANTELIMON;pantelimon;26.3000;;;112403;1969;2022-T4
apartament;Alee;PANTELIMON;pantelimon;27.3900;;;121204;1970;2022-T4
apartament;Alee;PANTELIMON;pantelimon;27.2600;;;120000;1970;2022-T2
apartament;Alee;PETRE ANTONESCU;tei;35.1700;;;199445;1970;2022-T2
apartament;Alee;PETRE ANTONESCU;tei;52.2400;;;221472;1971;2022-T3
apartament;Alee;PETRE ANTONESCU;tei;48.8200;;;261040;1972;2022-T3
apartament;Alee;PIATRA MARE;colentina;49.9000;;;36112;1986;2022-T2
apartament;Alee;PIATRA MARE;colentina;50.2600;;;336001;1986;2022-T3
apartament;Alee;PIATRA MARE;colentina;51.4000;;;345800;1985;2022-T2
apartament;Alee;PIATRA MARE;colentina;49.3800;;;270215;1986;2022-T4
apartament;Alee;PIATRA MARE;colentina;50.0400;;;351158;1985;2022-T2
apartament;Alee;SARGETIA;colentina;50.2500;;;234000;2016;2022-T2
apartament;Alee;SILISTEA;colentina;14.5000;;;92032;1968;2022-T1
apartament;Alee;SILISTEA;colentina;14.3500;;;81637;1968;2022-T2
apartament;Alee;SINAIA;colentina;59.1600;;;344771;1975;2022-T4
apartament;Alee;SINAIA;colentina;63.9000;;;37772;1976;2022-T1
apartament;Alee;SINAIA;colentina;33.5200;;;266210;1978;2022-T3
apartament;Alee;SINAIA;colentina;34.5700;;;247000;1976;2022-T3
apartament;Alee;SINAIA;colentina;35.5000;;;244871;1977;2022-T2
apartament;Alee;SINAIA;colentina;36.0800;;;234677;1976;2022-T1
apartament;Alee;SINAIA;colentina;35.3500;;;249715;1980;2022-T2
apartament;Alee;SINAIA;colentina;36.0000;;;296580;1977;2022-T2
apartament;Alee;SINAIA;colentina;48.0000;;;240257;1977;2022-T4
apartament;Alee;SINAIA;colentina;59.2800;;;325000;1976;2022-T2
apartament;Alee;SINAIA;colentina;60.1100;;;;1976;2022-T4
apartament;Alee;SINAIA;colentina;60.7700;;;393340;1976;2022-T3
apartament;Alee;SINAIA;colentina;56.5100;;;321613;1976;2022-T2
apartament;Alee;SOCULUI;pantelimon;65.9400;;;197916;1982;2022-T2
apartament;Alee;SOCULUI;pantelimon;51.2700;;;332322;1981;2022-T4
apartament;Alee;TEIUL DOAMNEI;tei;38.4200;;;294914;1992;2022-T4
comercial;Alee;TEIUL DOAMNEI;tei;;10.0000;;;2009;2022-T2
apartament;Alee;TEIUL DOAMNEI;tei;36.7400;;;247095;1975;2022-T4
apartament;Alee;TEIUL DOAMNEI;tei;35.6000;;;250000;1974;2022-T3
apartament;Alee;TEIUL DOAMNEI;tei;33.7700;;;222619;1974;2022-T2
apartament;Alee;TIBISCUM;colentina;71.7000;;;335588;2008;2022-T3
apartament;Alee;VERGULUI;pantelimon;36.0000;;;227400;1974;2022-T2
apartament;Alee;VERGULUI;pantelimon;36.3800;;;200369;1974;2022-T2
apartament;Alee;VERGULUI;pantelimon;35.3300;;;201662;1974;2022-T4
apartament;Alee;VERGULUI;pantelimon;35.9000;;;253572;1975;2022-T2
apartament;Alee;VERGULUI;pantelimon;58.0600;;;268000;1974;2022-T1
apartament;Alee;VERGULUI;pantelimon;58.3000;;;306745;1975;2022-T1
apartament;Alee;VERGULUI;pantelimon;59.6500;;;306757;1974;2022-T2
apartament;Alee;VERGULUI;pantelimon;60.7000;;;327965;1974;2022-T3
apartament;Alee;VERGULUI;pantelimon;35.5300;;;232504;1975;2022-T2
apartament;Alee;VERGULUI;pantelimon;35.9700;;;202731;1980;2022-T3
apartament;Alee;VERGULUI;pantelimon;36.5500;;;239085;1975;2022-T4
apartament;Alee;VERGULUI;pantelimon;41.5200;;;247295;1974;2022-T1
apartament;Alee;VERGULUI;pantelimon;42.2900;;;197708;1974;2022-T2
apartament;Alee;VERGULUI;pantelimon;81.1600;;;519222;1974;2022-T2
apartament;Alee;VERGULUI;pantelimon;36.0800;;;263806;1973;2022-T3
apartament;Alee;VERGULUI;pantelimon;36.0800;;;237192;1974;2022-T3
apartament;Alee;VERGULUI;pantelimon;49.2600;;;161637;1976;2022-T4
apartament;Bulevard;BASARABIA;vatra luminoasa;39.2100;;;309867;1960;2022-T3
apartament;Bulevard;BASARABIA;pantelimon;47.1000;;;147633;1982;2022-T4
apartament;Bulevard;BASARABIA;pantelimon;91.6500;;;459578;1986;2022-T4
apartament;Bulevard;BASARABIA;pantelimon;66.5200;;;490000;1983;2022-T3
apartament;Bulevard;BASARABIA;pantelimon;83.2100;;;610534;1983;2022-T3
apartament;Bulevard;BASARABIA;pantelimon;;68.5900;;413125;2012;2022-T2
apartament;Bulevard;BASARABIA;pantelimon;45.8000;;;194400;1971;2022-T3
apartament;Bulevard;BASARABIA;pantelimon;46.1000;;;178500;1970;2022-T1
apartament;Bulevard;BASARABIA;pantelimon;45.9800;;;259801;1972;2022-T2
apartament;Bulevard;BASARABIA;pantelimon;43.4000;;;67000;1964;2022-T1
apartament;Bulevard;BASARABIA;pantelimon;43.5700;;;142552;2011;2022-T3
casa;Bulevard;BASARABIA;vatra luminoasa;0.0000;;1.2800;267861;2022;2022-T2
casa;Bulevard;BASARABIA;vatra luminoasa;22.9600;;;145580;1928;2022-T2
apartament;Bulevard;BASARABIA;pantelimon;46.6700;;;240717;1975;2022-T4
apartament;Bulevard;BASARABIA;pantelimon;46.9900;;;262273;1976;2022-T4
apartament;Bulevard;BASARABIA;pantelimon;47.0500;;;346130;1975;2022-T1
apartament;Bulevard;BASARABIA;pantelimon;47.4400;;;342132;1975;2022-T4
apartament;Bulevard;BASARABIA;pantelimon;43.6100;;;343724;1964;2022-T2
apartament;Bulevard;BASARABIA;pantelimon;51.1000;;;370147;1975;2022-T3
apartament;Bulevard;BASARABIA;pantelimon;44.0700;;;225273;1965;2022-T3
apartament;Bulevard;BASARABIA;pantelimon;44.9300;;;321217;1964;2022-T4
apartament;Bulevard;BASARABIA;pantelimon;53.7900;;;435353;1970;2022-T2
apartament;Bulevard;BASARABIA;pantelimon;55.5000;;;319410;2012;2022-T4
apartament;Bulevard;BASARABIA;pantelimon;80.5100;;;593448;1992;2022-T2
apartament;Bulevard;BASARABIA;vatra luminoasa;43.3500;;;345884;1963;2022-T3
apartament;Bulevard;BASARABIA;vatra luminoasa;43.6300;;;231992;1968;2022-T4
apartament;Bulevard;BASARABIA;vatra luminoasa;62.2900;;;376159;1962;2022-T1
apartament;Bulevard;BASARABIA;vatra luminoasa;70.6300;;;301407;1963;2022-T2
apartament;Bulevard;BASARABIA;vatra luminoasa;42.7700;;;314790;1963;2022-T4
apartament;Bulevard;BASARABIA;vatra luminoasa;43.6700;;;279870;1962;2022-T3
apartament;Bulevard;BASARABIA;vatra luminoasa;43.5000;;;271800;1968;2022-T3
apartament;Bulevard;BASARABIA;pantelimon;23.3000;;;48580;1968;2022-T3
apartament;Bulevard;BASARABIA;pantelimon;19.8100;;;128440;1976;2022-T1
apartament;Bulevard;BASARABIA;pantelimon;20.0000;;;113804;1971;2022-T4
apartament;Bulevard;BASARABIA;vatra luminoasa;44.0700;;;250000;1964;2022-T2
apartament;Bulevard;BASARABIA;vatra luminoasa;50.1800;;;296670;1963;2022-T1
apartament;Bulevard;BASARABIA;pantelimon;50.9100;;;319319;1986;2022-T4
apartament;Bulevard;BASARABIA;pantelimon;51.4200;;;381037;1987;2022-T3
apartament;Bulevard;BASARABIA;vatra luminoasa;44.0000;;;301535;1947;2022-T2
apartament;Bulevard;BASARABIA;vatra luminoasa;56.1000;;;452659;1947;2022-T2
apartament;Bulevard;BASARABIA;vatra luminoasa;42.7500;;;301772;1963;2022-T2
apartament;Bulevard;BASARABIA;vatra luminoasa;43.3100;;;317154;1963;2022-T4
apartament;Bulevard;BASARABIA;vatra luminoasa;43.6900;;;350704;1962;2022-T4
apartament;Bulevard;BASARABIA;vatra luminoasa;44.1400;;;327758;2012;2022-T4
apartament;Bulevard;BASARABIA;vatra luminoasa;44.2500;;;346404;1962;2022-T2
apartament;Bulevard;BASARABIA;vatra luminoasa;45.1300;;;306398;1967;2022-T4
apartament;Bulevard;BASARABIA;vatra luminoasa;61.5400;;;376017;1968;2022-T2
apartament;Bulevard;BASARABIA;pantelimon;52.2500;;;357232;1983;2022-T3
apartament;Bulevard;BASARABIA;vatra luminoasa;44.0300;;;326073;1963;2022-T1
apartament;Bulevard;BASARABIA;vatra luminoasa;42.0000;;;305242;1962;2022-T2
apartament;Bulevard;BASARABIA;pantelimon;26.1800;;;196864;1980;2022-T3
apartament;Bulevard;BASARABIA;pantelimon;24.8700;;;83997;1988;2022-T2
apartament;Bulevard;BASARABIA;vatra luminoasa;43.3000;;;286954;1963;2022-T4
apartament;Bulevard;BASARABIA;vatra luminoasa;43.8000;;;314325;1963;2022-T2
apartament;Bulevard;BASARABIA;pantelimon;63.7500;;;568445;1988;2022-T3
apartament;Bulevard;BASARABIA;vatra luminoasa;31.9300;;;237441;1960;2022-T3
apartament;Bulevard;BASARABIA;pantelimon;24.2300;;;181001;1987;2022-T2
apartament;Bulevard;BASARABIA;vatra luminoasa;58.7300;;;406114;1959;2022-T3
apartament;Bulevard;BASARABIA;vatra luminoasa;48.2800;;;346283;1958;2022-T2
apartament;Bulevard;BASARABIA;vatra luminoasa;93.2400;;;451656;2007;2022-T4
apartament;Bulevard;BASARABIA;vatra luminoasa;140.4100;;;;2007;2022-T4
apartament;Bulevard;BASARABIA;vatra luminoasa;82.6400;;;667683;2007;2022-T1
apartament;Bulevard;BASARABIA;vatra luminoasa;20.0000;;;173250;1960;2022-T3
apartament;Bulevard;BASARABIA;vatra luminoasa;34.9700;;;280000;1966;2022-T2
apartament;Bulevard;BASARABIA;vatra luminoasa;37.9600;;;250921;1963;2022-T4
apartament;Bulevard;CAROL I;centrala;106.8200;;;593028;1940;2022-T4
apartament;Bulevard;CAROL I;centrala;31.5600;;;306769;1960;2022-T1
apartament;Bulevard;CAROL I;centrala;33.3400;;;271793;1960;2022-T4
apartament;Bulevard;CAROL I;centrala;104.3300;;;450000;1940;2022-T4
apartament;Bulevard;CAROL I;centrala;4.5500;;;42039;1995;2022-T1
comercial;Bulevard;CAROL I;centrala;30.2000;;;282007;1954;2022-T1
apartament;Bulevard;CAROL I;centrala;98.4700;;;418701;1929;2022-T3
apartament;Bulevard;CAROL I;centrala;59.0100;;;296874;1945;2022-T4
apartament;Bulevard;CAROL I;centrala;110.5800;;;640838;1936;2022-T4
apartament;Bulevard;CAROL I;centrala;104.4900;;;346754;1947;2022-T2
apartament;Bulevard;CAROL I;centrala;60.1100;;;246000;1935;2022-T4
apartament;Bulevard;CAROL I;centrala;47.9500;;;405515;1984;2022-T1
apartament;Bulevard;CAROL I;centrala;;59.2500;;447305;1910;2022-T2
apartament;Bulevard;CAROL I;centrala;40.9000;;;315212;1939;2022-T3
apartament;Bulevard;CAROL I;centrala;15.8500;;;74350;1939;2022-T4
comercial;Bulevard;CHISINAU;pantelimon;180.8400;;;1580704;1983;2022-T4
apartament;Bulevard;CHISINAU;pantelimon;51.5600;;;371175;1984;2022-T1
apartament;Bulevard;CHISINAU;pantelimon;65.0000;;;385923;1981;2022-T3
apartament;Bulevard;CHISINAU;pantelimon;68.1600;;;439277;1983;2022-T4
apartament;Bulevard;CHISINAU;pantelimon;23.1200;;;180591;1984;2022-T2
apartament;Bulevard;CHISINAU;pantelimon;54.0500;;;403012;1982;2022-T3
apartament;Bulevard;CHISINAU;pantelimon;30.9500;;;210100;1980;2022-T3
apartament;Bulevard;CHISINAU;pantelimon;51.2100;;;314406;1981;2022-T4
apartament;Bulevard;CHISINAU;pantelimon;66.4500;;;415000;1983;2022-T4
apartament;Bulevard;CHISINAU;pantelimon;95.9000;;;618150;1983;2022-T1
apartament;Bulevard;CHISINAU;pantelimon;50.6200;;;330063;1983;2022-T3
apartament;Bulevard;CHISINAU;pantelimon;53.9800;;;356228;1982;2022-T1
apartament;Bulevard;CHISINAU;pantelimon;;28.9100;;169723;1986;2022-T4
apartament;Bulevard;CHISINAU;pantelimon;;28.8400;;193474;1985;2022-T4
apartament;Bulevard;CHISINAU;pantelimon;28.0400;;;148791;1993;2022-T3
apartament;Bulevard;CHISINAU;pantelimon;28.6000;;;219149;1982;2022-T3
apartament;Bulevard;CHISINAU;pantelimon;51.1100;;;435000;1984;2022-T1
apartament;Bulevard;CHISINAU;pantelimon;50.3700;;;302517;1977;2022-T4
apartament;Bulevard;CHISINAU;pantelimon;66.4700;;;432350;1982;2022-T3
apartament;Bulevard;CHISINAU;pantelimon;56.3900;;;478000;1978;2022-T1
apartament;Bulevard;CHISINAU;pantelimon;82.1600;;;407853;1987;2022-T4
apartament;Bulevard;CHISINAU;pantelimon;22.7600;;;202527;1983;2022-T4
apartament;Bulevard;CHISINAU;pantelimon;51.4800;;;379038;1983;2022-T4
apartament;Bulevard;CHISINAU;pantelimon;62.4200;;;444719;1984;2022-T2
apartament;Bulevard;CHISINAU;pantelimon;52.8700;;;382966;1984;2022-T2
apartament;Bulevard;CHISINAU;pantelimon;62.1600;;;453808;1984;2022-T2
apartament;Bulevard;CHISINAU;pantelimon;28.2600;;;227339;1976;2022-T4
comercial;Bulevard;CHISINAU;pantelimon;;59.1100;;407721;2022;2022-T4
apartament;Bulevard;CHISINAU;pantelimon;79.7500;;;568700;1982;2022-T2
apartament;Bulevard;CHISINAU;pantelimon;51.6600;;;284874;1983;2022-T3
apartament;Bulevard;CHISINAU;pantelimon;57.6000;;;308619;1982;2022-T3
apartament;Bulevard;CHISINAU;pantelimon;65.9900;;;420418;1982;2022-T3
apartament;Bulevard;CHISINAU;pantelimon;51.3400;;;341957;1984;2022-T3
apartament;Bulevard;CHISINAU;pantelimon;48.4900;;;222462;1991;2022-T3
apartament;Bulevard;CHISINAU;pantelimon;50.3500;;;345891;1984;2022-T2
apartament;Bulevard;CHISINAU;pantelimon;29.6300;;;246955;1987;2022-T3
apartament;Bulevard;CHISINAU;pantelimon;32.3000;;;222417;1982;2022-T2
apartament;Bulevard;CHISINAU;pantelimon;57.6900;;;313397;1983;2022-T4
apartament;Bulevard;DACIA;centrala;31.9300;;;181393;1936;2022-T2
teren;Bulevard;DACIA;centrala;;;92.0000;197600;2022;2022-T4
apartament;Bulevard;DACIA;centrala;146.7000;;;653231;1939;2022-T4
apartament;Bulevard;DACIA;centrala;127.3400;;;583263;1912;2022-T2
apartament;Bulevard;DACIA;centrala;48.5300;;;462133;1981;2022-T2
apartament;Bulevard;DACIA;centrala;55.2100;;;;1965;2022-T2
apartament;Bulevard;DACIA;centrala;22.3300;;;197920;1935;2022-T2
apartament;Bulevard;DACIA;centrala;59.4700;;;271898;1948;2022-T3
casa;Bulevard;DACIA;centrala;0.0000;4.0000;;893550;1901;2022-T1
apartament;Bulevard;DIMITRIE POMPEIU;pipera sud;54.2000;;;721708;2020;2022-T2
apartament;Bulevard;DIMITRIE POMPEIU;pipera sud;;;;690000;2020;2022-T3
apartament;Bulevard;DIMITRIE POMPEIU;pipera sud;60.7900;;;568986;2020;2022-T1
apartament;Bulevard;DIMITRIE POMPEIU;pipera sud;161.6000;;;2583000;2020;2022-T4
apartament;Bulevard;DIMITRIE POMPEIU;pipera sud;54.7700;;;692000;2020;2022-T1
apartament;Bulevard;DIMITRIE POMPEIU;pipera sud;54.7700;;;618150;2020;2022-T1
apartament;Bulevard;DIMITRIE POMPEIU;pipera sud;60.7000;;;140000;2022;2022-T2
apartament;Bulevard;DIMITRIE POMPEIU;pipera sud;65.6200;;;632723;2020;2022-T1
apartament;Bulevard;DIMITRIE POMPEIU;pipera sud;65.6000;;;692202;2020;2022-T1
apartament;Bulevard;DIMITRIE POMPEIU;pipera sud;54.8000;;;699044;2022;2022-T1
apartament;Bulevard;DIMITRIE POMPEIU;pipera sud;60.7000;;;1285648;2020;2022-T2
apartament;Bulevard;DIMITRIE POMPEIU;pipera sud;;;;118650;2020;2022-T1
apartament;Bulevard;DIMITRIE POMPEIU;pipera sud;65.6600;;;593340;2022;2022-T1
apartament;Bulevard;DIMITRIE POMPEIU;pipera sud;60.7000;;;1326753;2020;2022-T4
apartament;Bulevard;DIMITRIE POMPEIU;pipera sud;54.7000;;;716660;2020;2022-T1
apartament;Bulevard;DIMITRIE POMPEIU;pipera sud;;;14.8300;593316;2020;2022-T1
apartament;Bulevard;DIMITRIE POMPEIU;pipera sud;54.7000;;;724500;2020;2022-T2
apartament;Bulevard;DIMITRIE POMPEIU;pipera sud;21.1200;;;90000;1998;2022-T3
apartament;Bulevard;DIMITRIE POMPEIU;pipera sud;20.7200;;;27480;1980;2022-T3
apartament;Bulevard;DIMITRIE POMPEIU;pipera sud;14.3400;;;113599;1973;2022-T3
apartament;Bulevard;DIMITRIE POMPEIU;pipera sud;14.6500;;;102515;1970;2022-T1
apartament;Bulevard;DIMITRIE POMPEIU;pipera sud;32.2000;;;331880;1980;2022-T3
apartament;Bulevard;DIMITRIE POMPEIU;pipera sud;32.1800;;;186176;1980;2022-T3
apartament;Bulevard;DIMITRIE POMPEIU;pipera sud;32.1100;;;354744;1980;2022-T1
apartament;Bulevard;DIMITRIE POMPEIU;pipera sud;32.1700;;;249828;1980;2022-T2
apartament;Bulevard;EMANUEL PAKE-PROTOPOPESCU;centrala;42.4000;;;172410;1997;2022-T4
apartament;Bulevard;EMANUEL PAKE-PROTOPOPESCU;centrala;;162.9300;;400000;1935;2022-T4
apartament;Bulevard;EMANUEL PAKE-PROTOPOPESCU;centrala;149.4300;;;619772;1935;2022-T4
apartament;Bulevard;EMANUEL PAKE-PROTOPOPESCU;centrala;33.4600;;;191209;1899;2022-T4
comercial;Bulevard;EMANUEL PAKE-PROTOPOPESCU;centrala;;166.2300;;785440;2022;2022-T3
apartament;Bulevard;EMANUEL PAKE-PROTOPOPESCU;centrala;111.1600;;;491860;2008;2022-T4
apartament;Bulevard;EMANUEL PAKE-PROTOPOPESCU;centrala;53.2000;;;524563;1957;2022-T1
comercial;Bulevard;EMANUEL PAKE-PROTOPOPESCU;centrala;;5.0000;;;2017;2022-T3
apartament;Bulevard;EMANUEL PAKE-PROTOPOPESCU;centrala;33.0100;;;123500;1945;2022-T4
casa;Bulevard;EMANUEL PAKE-PROTOPOPESCU;centrala;14.2000;;;65000;1945;2022-T4
apartament;Bulevard;EMANUEL PAKE-PROTOPOPESCU;centrala;67.6800;;;492090;1935;2022-T4
apartament;Bulevard;EMANUEL PAKE-PROTOPOPESCU;centrala;57.4200;;;236880;1956;2022-T4
apartament;Bulevard;FERDINAND I;colentina;50.1600;;;376000;1982;2022-T3
apartament;Bulevard;FERDINAND I;iancului;58.3100;;;327000;2012;2022-T4
apartament;Bulevard;FERDINAND I;iancului;44.2000;;;419993;2012;2022-T2
apartament;Bulevard;FERDINAND I;centrala;43.5500;;;361275;1965;2022-T4
apartament;Bulevard;FERDINAND I;centrala;44.3000;;;287100;1961;2022-T1
apartament;Bulevard;FERDINAND I;centrala;48.0700;;;305431;1960;2022-T4
apartament;Bulevard;FERDINAND I;colentina;43.3000;;;268632;1961;2022-T2
apartament;Bulevard;FERDINAND I;centrala;51.6000;;;347000;1960;2022-T3
apartament;Bulevard;FERDINAND I;centrala;42.2000;;;310000;1961;2022-T2
apartament;Bulevard;FERDINAND I;centrala;42.6800;;;395792;1964;2022-T2
apartament;Bulevard;FERDINAND I;centrala;45.5000;;;319113;1964;2022-T1
apartament;Bulevard;FERDINAND I;centrala;82.1300;;;642613;1960;2022-T2
apartament;Bulevard;FERDINAND I;colentina;45.0000;;;306614;1962;2022-T2
apartament;Bulevard;FERDINAND I;colentina;46.3900;;;252322;1961;2022-T2
apartament;Bulevard;FERDINAND I;iancului;73.9800;;;269500;1968;2022-T4
apartament;Bulevard;FERDINAND I;iancului;60.6700;;;455188;1969;2022-T2
apartament;Bulevard;FERDINAND I;iancului;58.1500;;;388906;1969;2022-T4
apartament;Bulevard;FERDINAND I;centrala;79.7800;;;494135;1931;2022-T2
apartament;Bulevard;FERDINAND I;centrala;93.5200;;;1145820;2010;2022-T2
apartament;Bulevard;FERDINAND I;centrala;61.6100;;;445410;2010;2022-T1
apartament;Bulevard;FERDINAND I;centrala;80.3200;;;450000;2010;2022-T4
apartament;Bulevard;FERDINAND I;centrala;50.8000;;;332914;2021;2022-T2
apartament;Bulevard;FERDINAND I;centrala;50.8000;;;519477;2021;2022-T2
apartament;Bulevard;FERDINAND I;centrala;;56.2000;;465888;2021;2022-T1
apartament;Bulevard;FERDINAND I;centrala;34.6000;;;398409;2021;2022-T4
apartament;Bulevard;FERDINAND I;centrala;34.4000;;;361461;2021;2022-T2
apartament;Bulevard;FERDINAND I;centrala;45.7000;;;483321;2022;2022-T2
apartament;Bulevard;FERDINAND I;centrala;43.0000;;;448207;2022;2022-T2
apartament;Bulevard;FERDINAND I;centrala;50.0000;;;674007;2021;2022-T2
apartament;Bulevard;FERDINAND I;centrala;51.4000;;;340163;2021;2022-T2
apartament;Bulevard;FERDINAND I;centrala;72.7000;;;724648;2021;2022-T2
apartament;Bulevard;FERDINAND I;centrala;78.8000;;;722145;2021;2022-T2
apartament;Bulevard;FERDINAND I;centrala;68.6100;;;444245;2021;2022-T2
apartament;Bulevard;FERDINAND I;centrala;;45.6900;;399003;2021;2022-T2
apartament;Bulevard;FERDINAND I;centrala;59.1700;;;462457;2021;2022-T1
apartament;Bulevard;FERDINAND I;centrala;105.5400;;;721360;2022;2022-T2
apartament;Bulevard;FERDINAND I;centrala;;33.9000;;364433;2021;2022-T1
apartament;Bulevard;FERDINAND I;centrala;35.6000;;;292018;2021;2022-T2
apartament;Bulevard;FERDINAND I;centrala;40.7000;;;403074;2021;2022-T2
apartament;Bulevard;FERDINAND I;centrala;15.0600;;;480938;2021;2022-T2
apartament;Bulevard;FERDINAND I;centrala;43.6000;;;440679;2021;2022-T1
apartament;Bulevard;FERDINAND I;centrala;51.5000;;;365618;2021;2022-T2
apartament;Bulevard;FERDINAND I;centrala;52.3000;;;487765;2021;2022-T2
apartament;Bulevard;FERDINAND I;centrala;65.7000;;;422537;2021;2022-T1
apartament;Bulevard;FERDINAND I;centrala;73.3000;;;481830;2021;2022-T2
apartament;Bulevard;FERDINAND I;centrala;;36.0000;;346448;2021;2022-T2
apartament;Bulevard;FERDINAND I;centrala;;57.0000;;544214;2021;2022-T2
apartament;Bulevard;FERDINAND I;centrala;;66.4000;;677973;2021;2022-T3
apartament;Bulevard;FERDINAND I;centrala;33.7000;;;428905;2021;2022-T2
apartament;Bulevard;FERDINAND I;centrala;34.0000;;;338186;2021;2022-T2
apartament;Bulevard;FERDINAND I;centrala;50.9000;;;665623;2021;2022-T2
apartament;Bulevard;FERDINAND I;centrala;17.7800;;;483270;2021;2022-T1
apartament;Bulevard;FERDINAND I;centrala;51.7000;;;461158;2021;2022-T2
apartament;Bulevard;FERDINAND I;centrala;51.8000;;;512812;2021;2022-T1
apartament;Bulevard;FERDINAND I;centrala;61.7000;;;721398;2021;2022-T2
apartament;Bulevard;FERDINAND I;centrala;71.7000;;;471233;2021;2022-T1
apartament;Bulevard;FERDINAND I;centrala;73.1000;;;960158;2021;2022-T2
apartament;Bulevard;FERDINAND I;centrala;76.4000;;;729750;2021;2022-T2
apartament;Bulevard;FERDINAND I;centrala;;53.5000;;462391;2021;2022-T2
apartament;Bulevard;FERDINAND I;centrala;46.4000;;;490350;2021;2022-T2
apartament;Bulevard;FERDINAND I;centrala;65.8000;;;721873;2021;2022-T2
apartament;Bulevard;FERDINAND I;centrala;65.9000;;;478170;2021;2022-T2
apartament;Bulevard;FERDINAND I;centrala;68.8800;;;451694;2021;2022-T2
apartament;Bulevard;FERDINAND I;centrala;70.4900;;;472810;2021;2022-T2
apartament;Bulevard;FERDINAND I;centrala;116.9900;;;721587;2021;2022-T2
apartament;Bulevard;FERDINAND I;centrala;69.5500;;;459138;2021;2022-T3
apartament;Bulevard;FERDINAND I;centrala;72.8000;;;721490;2021;2022-T2
apartament;Bulevard;FERDINAND I;centrala;56.1000;;;467461;2021;2022-T2
apartament;Bulevard;FERDINAND I;centrala;78.9000;;;721875;2021;2022-T3
apartament;Bulevard;FERDINAND I;centrala;89.2300;;;722009;2021;2022-T2
apartament;Bulevard;FERDINAND I;centrala;85.3200;;;638632;2021;2022-T4
apartament;Bulevard;FERDINAND I;centrala;62.1400;;;690687;2021;2022-T2
apartament;Bulevard;FERDINAND I;centrala;62.6800;;;462275;2021;2022-T2
apartament;Bulevard;FERDINAND I;centrala;;;18.5900;468203;2022;2022-T2
apartament;Bulevard;FERDINAND I;centrala;11.8300;;;;2021;2022-T2
apartament;Bulevard;FERDINAND I;centrala;162.4900;;;861228;2009;2022-T3
apartament;Bulevard;FERDINAND I;colentina;61.5000;;;494500;1984;2022-T2
apartament;Bulevard;FERDINAND I;colentina;62.3700;;;445329;1984;2022-T1
apartament;Bulevard;FERDINAND I;colentina;62.6000;;;496000;1983;2022-T2
apartament;Bulevard;GARA OBOR;iancului;57.4000;;;400150;1974;2022-T3
apartament;Bulevard;GARA OBOR;iancului;60.3000;;;394928;1961;2022-T4
comercial;Bulevard;GARA OBOR;iancului;;36.9700;;51020;2022;2022-T4
apartament;Bulevard;GARA OBOR;iancului;57.7200;;;363700;1961;2022-T3
apartament;Bulevard;GARA OBOR;iancului;57.2200;;;346075;1969;2022-T2
casa;Bulevard;GARA OBOR;iancului;0.0000;;;55644;1959;2022-T4
apartament;Bulevard;GARA OBOR;iancului;64.5000;;;294084;1930;2022-T2
apartament;Bulevard;GHICA TEI;tei;49.2000;;;440410;1983;2022-T3
casa;Bulevard;GHICA TEI;tei;109.1600;;;2075934;1938;2022-T3
casa;Bulevard;GHICA TEI;tei;116.8700;;;1392197;1960;2022-T3
apartament;Bulevard;GHICA TEI;tei;36.6700;;;49466;1985;2022-T2
apartament;Bulevard;GHICA TEI;tei;37.1000;;;187898;1986;2022-T2
apartament;Bulevard;GHICA TEI;tei;37.2200;;;257500;1986;2022-T3
apartament;Bulevard;GHICA TEI;tei;36.1100;;;222543;1984;2022-T3
apartament;Bulevard;GHICA TEI;tei;36.3000;;;227235;1984;2022-T3
apartament;Bulevard;GHICA TEI;tei;36.6000;;;227000;1986;2022-T3
apartament;Bulevard;GHICA TEI;tei;36.7400;;;231358;1986;2022-T3
apartament;Bulevard;GHICA TEI;tei;36.9000;;;250000;1986;2022-T2
apartament;Bulevard;LACUL TEI;tei;47.3400;;;375000;1977;2022-T1
apartament;Bulevard;LACUL TEI;tei;66.0500;;;552728;1976;2022-T4
apartament;Bulevard;LACUL TEI;tei;78.7500;;;605542;1978;2022-T2
apartament;Bulevard;LACUL TEI;tei;83.0100;;;592764;1978;2022-T4
apartament;Bulevard;LACUL TEI;tei;28.5400;;;175000;1979;2022-T3
apartament;Bulevard;LACUL TEI;tei;64.5000;;;393600;1979;2022-T4
apartament;Bulevard;LACUL TEI;tei;73.8900;;;420243;1975;2022-T2
apartament;Bulevard;LACUL TEI;tei;31.2700;;;209993;1977;2022-T4
apartament;Bulevard;LACUL TEI;tei;47.1700;;;222340;1977;2022-T2
apartament;Bulevard;LACUL TEI;tei;47.6200;;;364916;1978;2022-T3
apartament;Bulevard;LACUL TEI;tei;34.8800;;;188100;1976;2022-T3
apartament;Bulevard;LACUL TEI;tei;35.0100;;;310000;1980;2022-T1
apartament;Bulevard;LACUL TEI;tei;60.5000;;;46750;1974;2022-T3
apartament;Bulevard;LACUL TEI;tei;62.0000;;;404675;1976;2022-T3
apartament;Bulevard;LACUL TEI;tei;77.2000;;;470155;1970;2022-T1
apartament;Bulevard;LACUL TEI;tei;78.1300;;;333000;1975;2022-T3
apartament;Bulevard;LACUL TEI;tei;80.7000;;;461510;1976;2022-T3
apartament;Bulevard;LACUL TEI;tei;51.2000;;;346136;1960;2022-T2
apartament;Bulevard;LACUL TEI;tei;52.0800;;;355000;1981;2022-T1
apartament;Bulevard;LACUL TEI;tei;67.8000;;;633857;1983;2022-T3
apartament;Bulevard;LACUL TEI;tei;62.5000;;;569006;2021;2022-T1
apartament;Bulevard;LACUL TEI;tei;61.9000;;;670297;2021;2022-T1
apartament;Bulevard;LACUL TEI;tei;69.1000;;;524561;2019;2022-T1
apartament;Bulevard;LACUL TEI;tei;30.7000;;;98926;1978;2022-T1
apartament;Bulevard;LACUL TEI;tei;48.6500;;;262706;1978;2022-T1
apartament;Bulevard;LACUL TEI;tei;50.3400;;;387525;1981;2022-T4
apartament;Bulevard;LACUL TEI;tei;50.3800;;;358650;1978;2022-T2
apartament;Bulevard;LACUL TEI;tei;50.8000;;;386100;1978;2022-T1
apartament;Bulevard;LACUL TEI;tei;51.9000;;;187200;1978;2022-T4
apartament;Bulevard;LACUL TEI;tei;66.8000;;;365700;1978;2022-T2
apartament;Bulevard;LACUL TEI;tei;69.3000;;;519109;1980;2022-T3
apartament;Bulevard;LACUL TEI;tei;64.6700;;;470126;1960;2022-T1
apartament;Bulevard;PIERRE DE COUBERTIN;vatra luminoasa;58.2200;;;415548;1960;2022-T1
apartament;Bulevard;PIERRE DE COUBERTIN;vatra luminoasa;35.3000;;;202855;1957;2022-T2
apartament;Calea;MOSILOR;centrala;97.0800;;;482500;1935;2022-T4
apartament;Calea;MOSILOR;centrala;65.8700;;;170863;1938;2022-T3
apartament;Calea;MOSILOR;centrala;60.1000;;;438934;1939;2022-T4
apartament;Calea;MOSILOR;centrala;91.5900;;;519372;1938;2022-T1
apartament;Calea;MOSILOR;centrala;77.8800;;;652436;1982;2022-T2
apartament;Calea;MOSILOR;centrala;79.6300;;;690300;1983;2022-T2
apartament;Calea;MOSILOR;centrala;46.5200;;;514488;1983;2022-T1
apartament;Calea;MOSILOR;centrala;46.9100;;;395912;1982;2022-T1
apartament;Calea;MOSILOR;centrala;65.4800;;;543470;1981;2022-T4
comercial;Calea;MOSILOR;centrala;113.8700;;;1930071;2022;2022-T1
apartament;Calea;MOSILOR;centrala;66.1000;;;618625;2010;2022-T2
apartament;Calea;MOSILOR;centrala;67.7000;;;585000;1983;2022-T3
apartament;Calea;MOSILOR;centrala;49.0100;;;420444;1981;2022-T1
apartament;Calea;MOSILOR;centrala;78.4600;;;743268;1982;2022-T4
apartament;Calea;MOSILOR;centrala;31.6200;;;282013;1982;2022-T2
apartament;Calea;MOSILOR;centrala;29.4900;;;311384;1981;2022-T2
apartament;Calea;MOSILOR;centrala;29.6000;;;271740;1983;2022-T3
apartament;Calea;MOSILOR;centrala;29.7000;;;268158;1982;2022-T3
apartament;Calea;MOSILOR;centrala;30.8700;;;282014;1982;2022-T1
apartament;Calea;MOSILOR;centrala;31.7300;;;259529;1982;2022-T1
apartament;Calea;MOSILOR;centrala;50.7000;;;454554;1983;2022-T3
apartament;Calea;MOSILOR;centrala;50.3100;;;361185;1981;2022-T1
apartament;Calea;MOSILOR;centrala;55.1100;;;423533;1981;2022-T4
apartament;Calea;MOSILOR;centrala;39.3700;;;360730;2013;2022-T2
apartament;Calea;MOSILOR;centrala;78.7300;;;616362;2013;2022-T4
apartament;Calea;MOSILOR;centrala;49.7800;;;441450;1982;2022-T3
apartament;Calea;MOSILOR;centrala;50.5000;;;458983;1980;2022-T3
apartament;Calea;MOSILOR;centrala;51.3600;;;375888;1974;2022-T1
apartament;Calea;MOSILOR;centrala;49.3300;;;370770;1982;2022-T4
apartament;Calea;MOSILOR;centrala;48.7000;;;375326;1980;2022-T4
apartament;Calea;MOSILOR;centrala;68.4000;;;544159;1980;2022-T2
apartament;Calea;MOSILOR;centrala;78.8000;;;543994;1980;2022-T3
apartament;Calea;MOSILOR;centrala;79.5100;;;469784;1981;2022-T3
apartament;Calea;MOSILOR;centrala;55.7500;;;589502;2015;2022-T3
apartament;Calea;MOSILOR;centrala;68.0700;;;224000;1980;2022-T2
apartament;Calea;MOSILOR;centrala;65.8200;;;420248;1980;2022-T2
apartament;Calea;MOSILOR;centrala;67.1100;;;510000;1980;2022-T4
apartament;Calea;MOSILOR;centrala;50.7400;;;415000;1980;2022-T3
apartament;Calea;MOSILOR;centrala;68.3100;;;465500;1980;2022-T2
apartament;Calea;MOSILOR;centrala;48.4000;;;420075;1981;2022-T1
comercial;Calea;MOSILOR;centrala;65.8000;;;411547;1982;2022-T4
comercial;Calea;MOSILOR;centrala;88.1400;;;474604;1982;2022-T2
comercial;Calea;MOSILOR;centrala;15.5200;;;661552;1982;2022-T4
apartament;Calea;MOSILOR;centrala;80.7500;;;588526;1980;2022-T2
apartament;Calea;MOSILOR;centrala;31.7700;;;236804;1980;2022-T3
apartament;Calea;MOSILOR;centrala;51.2000;;;415397;1982;2022-T1
apartament;Calea;MOSILOR;centrala;76.8000;;;646141;1983;2022-T4
apartament;Calea;MOSILOR;centrala;77.5000;;;346192;1983;2022-T2
apartament;Calea;MOSILOR;centrala;49.7800;;;519540;1983;2022-T1
apartament;Calea;MOSILOR;centrala;51.0000;;;419892;1983;2022-T3
apartament;Calea;MOSILOR;centrala;51.7500;;;359225;1983;2022-T4
apartament;Calea;MOSILOR;centrala;48.9600;;;474452;1983;2022-T2
apartament;Calea;MOSILOR;centrala;61.8400;;;568744;1983;2022-T2
apartament;Calea;MOSILOR;centrala;63.5700;;;454329;1984;2022-T4
apartament;Calea;MOSILOR;centrala;51.1900;;;247000;1982;2022-T2
apartament;Calea;MOSILOR;centrala;54.4700;;;468036;1982;2022-T4
apartament;Calea;MOSILOR;centrala;67.0700;;;460052;1982;2022-T1
apartament;Calea;MOSILOR;centrala;80.7700;;;650000;1982;2022-T1
comercial;Calea;MOSILOR;centrala;;111.3000;;600000;2022;2022-T2
apartament;Calea;MOSILOR;centrala;50.0900;;;422450;1982;2022-T3
apartament;Calea;MOSILOR;centrala;48.0000;;;354290;1983;2022-T4
apartament;Calea;MOSILOR;centrala;48.5300;;;385897;1980;2022-T2
apartament;Calea;MOSILOR;centrala;49.0800;;;457206;1980;2022-T2
apartament;Calea;MOSILOR;centrala;79.5400;;;626119;1981;2022-T3
apartament;Calea;MOSILOR;centrala;80.0000;;;653254;1980;2022-T1
apartament;Calea;MOSILOR;centrala;79.8700;;;661897;1984;2022-T4
apartament;Calea;MOSILOR;centrala;52.9900;;;403852;1981;2022-T4
apartament;Calea;MOSILOR;centrala;65.4700;;;529405;1979;2022-T3
apartament;Calea;MOSILOR;centrala;78.9000;;;578412;1982;2022-T3
apartament;Calea;MOSILOR;centrala;67.4000;;;507882;1980;2022-T4
comercial;Calea;MOSILOR;centrala;;71.7100;;910340;1982;2022-T1
apartament;Calea;MOSILOR;centrala;50.2900;;;470250;1979;2022-T2
apartament;Calea;MOSILOR;centrala;51.3300;;;392500;1979;2022-T4
apartament;Calea;MOSILOR;centrala;48.4600;;;509850;1978;2022-T1
apartament;Calea;MOSILOR;centrala;65.7600;;;492260;1978;2022-T3
casa;Intrare;ARPAS;centrala;89.0000;;;1854862;1930;2022-T1
casa;Intrare;CALUSEI;centrala;39.9000;;;31680;2000;2022-T1
apartament;Intrare;CHEFALULUI;pipera sud;78.8000;;;1162521;2018;2022-T2
apartament;Intrare;CHEFALULUI;pipera sud;70.0000;;;861840;2015;2022-T4
apartament;Intrare;CHEFALULUI;pipera sud;105.0000;;;1465187;2015;2022-T4
apartament;Intrare;CHEFALULUI;pipera sud;80.0000;;;1074000;2015;2022-T4
apartament;Intrare;CHEFALULUI;pipera sud;84.0000;;;732900;2015;2022-T3
apartament;Intrare;CHEFALULUI;pipera sud;84.3000;;;790592;2015;2022-T3
apartament;Intrare;CHEFALULUI;pipera sud;108.0000;;;1409467;2015;2022-T1
apartament;Intrare;CHEFALULUI;pipera sud;128.0000;;;1041250;2015;2022-T3
apartament;Intrare;CHEFALULUI;pipera sud;43.6600;;;839544;2018;2022-T4
apartament;Intrare;CHEFALULUI;pipera sud;44.1000;;;;2018;2022-T3
apartament;Intrare;CHEFALULUI;pipera sud;100.0000;;;1161850;2015;2022-T4
apartament;Intrare;CHEFALULUI;pipera sud;101.0000;;;1285772;2015;2022-T4
teren;Intrare;CHEFALULUI;pipera sud;;;240.0000;198805;2022;2022-T3
apartament;Intrare;CHEFALULUI;pipera sud;235.2900;;;3311073;2006;2022-T2
apartament;Intrare;CHEFALULUI;pipera sud;117.8800;;;2000000;2010;2022-T2
apartament;Intrare;CHEFALULUI;pipera sud;66.5400;;;849955;2008;2022-T2
apartament;Intrare;COBILITEI;centrala;36.1000;;;358229;2020;2022-T1
apartament;Intrare;EROU ION CALIN;centrala;82.1600;;;1082752;1940;2022-T3
apartament;Intrare;GALATI;centrala;102.1700;;;1458629;2022;2022-T4
apartament;Intrare;GHEORGHE COSTEA, SERGENT;-;90.3800;;;850000;1937;2022-T4
casa;Intrare;GLUCOZEI;tei;31.2000;;;295152;1965;2022-T4
apartament;Intrare;ION LUCA CARAGIALE;centrala;157.8500;;;502000;2010;2022-T4
apartament;Intrare;ION LUCA CARAGIALE;centrala;67.6500;;;510510;2010;2022-T4
apartament;Intrare;ION LUCA CARAGIALE;centrala;77.4300;;;493970;1924;2022-T4
casa;Intrare;ION PANTARU, SERGENT;centrala;76.7200;;;302000;1936;2022-T4
casa;Intrare;IONITA ZAMBILA, SOLDAT;pantelimon;49.0400;;;148005;1980;2022-T3
apartament;Intrare;ITALIANA;centrala;105.0500;;;593496;1934;2022-T1
apartament;Intrare;NICOLAE CERGA, CAPORAL;vatra luminoasa;52.4000;;;376143;1976;2022-T3
apartament;Intrare;NICOLAE VERMONT;centrala;62.4000;;;187720;1940;2022-T1
apartament;Intrare;POPA NAN;centrala;9.0000;;;331695;1936;2022-T4
casa;Intrare;POPA NAN;centrala;73.1400;;;44229;2022;2022-T3
casa;Intrare;PUIANDRULUI;ion creanga;0.0000;56.0000;;49408;1956;2022-T3
casa;Intrare;PUIANDRULUI;ion creanga;0.0000;67.0000;;90000;1960;2022-T2
casa;Intrare;ROINITA;ion creanga;0.0000;77.0000;;393808;1928;2022-T4
casa;Intrare;ROINITA;ion creanga;0.0000;66.2900;;165738;1925;2022-T4
teren;Intrare;ROINITA;ion creanga;;;195.4300;418132;2022;2022-T4
casa;Intrare;ROINITA;ion creanga;0.0000;22.7800;;217395;1960;2022-T3
apartament;Intrare;SPATARULUI;centrala;76.0000;;;138520;1936;2022-T3
apartament;Intrare;TEIUL DOAMNEI;tei;21.7400;;;150640;1976;2022-T3
apartament;Intrare;TEIUL DOAMNEI;tei;21.9300;;;171986;1974;2022-T4
apartament;Intrare;TEIUL DOAMNEI;tei;22.5700;;;195000;1974;2022-T3
apartament;Intrare;TEIUL DOAMNEI;tei;22.9400;;;112815;1973;2022-T3
apartament;Intrare;TEIUL DOAMNEI;tei;37.2300;;;248733;1975;2022-T1
apartament;Piata;EMANUEL PAKE-PROTOPOPESCU;centrala;12.7000;;;72431;1937;2022-T3
apartament;Piata;EMANUEL PAKE-PROTOPOPESCU;centrala;138.7600;;;638664;1935;2022-T4
apartament;Piata;EMANUEL PAKE-PROTOPOPESCU;centrala;32.2300;;;148347;1940;2022-T1
apartament;Prelungire;TESLEI;andronache;50.3300;;;332731;2021;2022-T3
apartament;Prelungire;TESLEI;andronache;;57.0000;;285617;2021;2022-T1
apartament;Prelungire;TESLEI;andronache;50.6600;;;345510;2021;2022-T3
apartament;Prelungire;TESLEI;andronache;50.6900;;;345669;2021;2022-T2
teren;Prelungire;TESLEI;andronache;;;384.0000;202320;2022;2022-T2
apartament;Sosea;ANDRONACHE;andronache;60.4400;;;457125;2018;2022-T2
apartament;Sosea;ANDRONACHE;andronache;31.8100;;;168500;1980;2022-T1
apartament;Sosea;ANDRONACHE;andronache;32.0700;;;158316;2004;2022-T2
apartament;Sosea;ANDRONACHE;andronache;32.6700;;;175000;2004;2022-T2
apartament;Sosea;ANDRONACHE;andronache;38.3400;;;168200;2004;2022-T3
apartament;Sosea;ANDRONACHE;andronache;48.2700;;;220734;2004;2022-T4
apartament;Sosea;ANDRONACHE;andronache;49.2000;;;212759;2004;2022-T3
comercial;Sosea;ANDRONACHE;andronache;288.2200;;;974484;2022;2022-T2
teren;Sosea;ANDRONACHE;andronache;;;920.0000;1778033;2022;2022-T3
casa;Sosea;ANDRONACHE;andronache;0.0000;115.0000;;910437;1957;2022-T4
apartament;Sosea;ANDRONACHE;andronache;64.9600;;;445432;2009;2022-T3
apartament;Sosea;ANDRONACHE;andronache;66.1400;;;435530;2010;2022-T3
apartament;Sosea;ANDRONACHE;andronache;33.6300;;;231118;2014;2022-T1
apartament;Sosea;ANDRONACHE;andronache;32.5100;;;268999;2015;2022-T3
casa;Sosea;ANDRONACHE;andronache;0.0000;494.0000;;961077;2011;2022-T4
casa;Sosea;ANDRONACHE;andronache;0.0000;202.0000;;197000;1957;2022-T4
teren;Sosea;ANDRONACHE;andronache;;;383.0000;197144;2022;2022-T4
apartament;Sosea;COLENTINA;tei;45.2300;;;340000;1975;2022-T3
apartament;Sosea;COLENTINA;tei;45.7100;;;296856;1973;2022-T2
apartament;Sosea;COLENTINA;tei;46.0700;;;313018;1972;2022-T3
apartament;Sosea;COLENTINA;tei;46.7300;;;276696;1974;2022-T4
apartament;Sosea;COLENTINA;tei;58.7000;;;573469;1972;2022-T3
apartament;Sosea;COLENTINA;tei;59.2600;;;390844;1972;2022-T2
apartament;Sosea;COLENTINA;tei;61.4000;;;375000;1979;2022-T4
apartament;Sosea;COLENTINA;colentina;46.3500;;;321561;1965;2022-T2
apartament;Sosea;COLENTINA;colentina;46.7500;;;351372;1969;2022-T2
apartament;Sosea;COLENTINA;colentina;60.0200;;;317014;1969;2022-T4
apartament;Sosea;COLENTINA;colentina;61.4800;;;315364;1975;2022-T2
apartament;Sosea;COLENTINA;colentina;64.3400;;;298229;1969;2022-T4
apartament;Sosea;COLENTINA;tei;47.2000;;;331500;1968;2022-T1
apartament;Sosea;COLENTINA;colentina;47.5100;;;320630;1950;2022-T2
apartament;Sosea;COLENTINA;tei;44.6100;;;354938;1970;2022-T4
apartament;Sosea;COLENTINA;colentina;37.1100;;;341551;2010;2022-T3
apartament;Sosea;COLENTINA;colentina;38.8900;;;313307;2009;2022-T1
apartament;Sosea;COLENTINA;colentina;4.6500;;;666242;2008;2022-T4
apartament;Sosea;COLENTINA;colentina;55.7800;;;472358;2008;2022-T1
apartament;Sosea;COLENTINA;colentina;37.3800;;;442188;2010;2022-T3
apartament;Sosea;COLENTINA;colentina;3.3400;;;457764;2000;2022-T1
apartament;Sosea;COLENTINA;colentina;51.1400;;;534135;2008;2022-T2
apartament;Sosea;COLENTINA;colentina;3.4100;;;566513;2013;2022-T3
apartament;Sosea;COLENTINA;colentina;83.6000;;;937669;2010;2022-T3
apartament;Sosea;COLENTINA;colentina;55.2800;;;394321;2009;2022-T4
apartament;Sosea;COLENTINA;colentina;37.1800;;;371190;2009;2022-T1
apartament;Sosea;COLENTINA;colentina;;37.5400;;375025;2008;2022-T4
apartament;Sosea;COLENTINA;colentina;37.4400;;;378467;2002;2022-T3
apartament;Sosea;COLENTINA;colentina;55.2800;;;316050;2009;2022-T4
apartament;Sosea;COLENTINA;colentina;62.2100;;;495275;2008;2022-T4
apartament;Sosea;COLENTINA;colentina;37.5400;;;415624;2008;2022-T3
apartament;Sosea;COLENTINA;colentina;37.0700;;;400000;2009;2022-T3
apartament;Sosea;COLENTINA;colentina;54.4300;;;592620;2009;2022-T4
apartament;Sosea;COLENTINA;colentina;;54.2600;;464868;2008;2022-T2
apartament;Sosea;COLENTINA;colentina;54.2600;;;433032;2008;2022-T2
apartament;Sosea;COLENTINA;colentina;87.8600;;;886083;2008;2022-T3
apartament;Sosea;COLENTINA;colentina;69.6600;;;252350;2009;2022-T2
apartament;Sosea;COLENTINA;colentina;51.5600;;;479665;2009;2022-T1
apartament;Sosea;COLENTINA;colentina;59.2500;;;467536;2008;2022-T1
apartament;Sosea;COLENTINA;colentina;76.9100;;;645368;2009;2022-T3
apartament;Sosea;COLENTINA;tei;45.5000;;;301871;1970;2022-T1
apartament;Sosea;COLENTINA;colentina;52.5300;;;367738;1974;2022-T3
apartament;Sosea;COLENTINA;tei;45.3000;;;304123;1969;2022-T3
apartament;Sosea;COLENTINA;colentina;64.5500;;;588431;1975;2022-T3
apartament;Sosea;COLENTINA;colentina;60.4900;;;360911;1975;2022-T4
apartament;Sosea;COLENTINA;colentina;62.3000;;;355795;1975;2022-T4
apartament;Sosea;COLENTINA;colentina;71.0000;;;400650;1975;2022-T4
apartament;Sosea;COLENTINA;colentina;36.6800;;;125000;1976;2022-T3
apartament;Sosea;COLENTINA;colentina;64.3800;;;410469;1975;2022-T2
apartament;Sosea;COLENTINA;tei;46.0200;;;256116;1960;2022-T3
apartament;Sosea;COLENTINA;colentina;33.5900;;;212579;1969;2022-T3
apartament;Sosea;COLENTINA;colentina;46.9200;;;306900;1960;2022-T1
apartament;Sosea;COLENTINA;colentina;60.1300;;;370950;1967;2022-T1
apartament;Sosea;COLENTINA;colentina;61.4600;;;346409;1969;2022-T2
apartament;Sosea;COLENTINA;colentina;47.0500;;;321510;1970;2022-T1
apartament;Sosea;COLENTINA;tei;74.6800;;;145900;1975;2022-T4
apartament;Sosea;COLENTINA;tei;73.5700;;;494540;1977;2022-T2
apartament;Sosea;COLENTINA;colentina;50.4800;;;228668;1978;2022-T4
apartament;Sosea;COLENTINA;colentina;50.7800;;;267888;1978;2022-T3
apartament;Sosea;COLENTINA;colentina;61.7100;;;361665;1977;2022-T4
apartament;Sosea;COLENTINA;tei;51.0200;;;34123;1977;2022-T2
apartament;Sosea;COLENTINA;tei;68.7300;;;395954;1977;2022-T3
apartament;Sosea;COLENTINA;tei;65.6000;;;542521;1976;2022-T3
apartament;Sosea;COLENTINA;colentina;63.1500;;;46962;1977;2022-T2
apartament;Sosea;COLENTINA;tei;82.1600;;;492110;1977;2022-T4
apartament;Sosea;COLENTINA;colentina;57.4600;;;222612;1976;2022-T2
apartament;Sosea;COLENTINA;colentina;59.7000;;;356248;1976;2022-T1
apartament;Sosea;COLENTINA;tei;28.6000;;;197728;1975;2022-T2
apartament;Sosea;COLENTINA;tei;27.5700;;;525351;1985;2022-T3
apartament;Sosea;COLENTINA;tei;28.0900;;;49248;1976;2022-T4
apartament;Sosea;COLENTINA;tei;30.0400;;;207715;1976;2022-T2
apartament;Sosea;COLENTINA;tei;32.2600;;;215211;1974;2022-T1
apartament;Sosea;COLENTINA;tei;27.9700;;;227534;1976;2022-T3
apartament;Sosea;COLENTINA;colentina;59.8000;;;420537;1978;2022-T2
casa;Sosea;COLENTINA;andronache;0.0000;41.0000;;444051;1960;2022-T3
apartament;Sosea;COLENTINA;tei;47.4400;;;291056;1970;2022-T4
apartament;Sosea;COLENTINA;tei;49.5000;;;158590;1969;2022-T3
casa;Sosea;COLENTINA;andronache;149.4500;;;839715;1995;2022-T3
teren;Sosea;COLENTINA;andronache;;;564.0000;83871;2022;2022-T3
apartament;Sosea;COLENTINA;tei;43.8900;;;295537;1970;2022-T3
apartament;Sosea;COLENTINA;tei;46.9000;;;257153;1969;2022-T3
apartament;Sosea;COLENTINA;ion creanga;29.7000;;;148269;1960;2022-T2
apartament;Sosea;COLENTINA;colentina;65.3900;;;405000;1976;2022-T3
apartament;Sosea;COLENTINA;tei;;67.8500;;380656;1969;2022-T3
apartament;Sosea;COLENTINA;tei;46.0000;;;259138;1969;2022-T3
apartament;Sosea;COLENTINA;tei;47.6100;;;290000;1970;2022-T4
apartament;Sosea;COLENTINA;tei;52.8500;;;271799;1970;2022-T4
apartament;Sosea;COLENTINA;tei;61.7200;;;343975;1970;2022-T3
apartament;Sosea;COLENTINA;tei;51.4600;;;369443;1974;2022-T3
apartament;Sosea;COLENTINA;tei;52.7500;;;349767;1975;2022-T3
apartament;Sosea;COLENTINA;tei;49.2700;;;296660;1974;2022-T2
apartament;Sosea;COLENTINA;colentina;46.2400;;;315000;1976;2022-T3
apartament;Sosea;COLENTINA;colentina;48.7100;;;357840;2011;2022-T3
apartament;Sosea;COLENTINA;colentina;53.3200;;;195940;1974;2022-T3
apartament;Sosea;COLENTINA;colentina;58.2100;;;350811;1976;2022-T4
apartament;Sosea;COLENTINA;ion creanga;29.3800;;;29729;2011;2022-T1
apartament;Sosea;COLENTINA;colentina;45.5800;;;230000;1969;2022-T1
apartament;Sosea;COLENTINA;colentina;61.5800;;;345877;1970;2022-T2
apartament;Sosea;COLENTINA;colentina;63.8000;;;280103;1970;2022-T4
apartament;Sosea;COLENTINA;tei;65.0000;;;444600;1971;2022-T4
apartament;Sosea;COLENTINA;colentina;64.9100;;;346129;1972;2022-T2
apartament;Sosea;COLENTINA;tei;44.9200;;;346500;1970;2022-T3
apartament;Sosea;COLENTINA;tei;65.9600;;;321457;1960;2022-T1
apartament;Sosea;COLENTINA;colentina;46.7000;;;287024;1970;2022-T2
apartament;Sosea;COLENTINA;colentina;59.6000;;;370890;1960;2022-T2
apartament;Sosea;COLENTINA;colentina;44.0500;;;326231;1968;2022-T2
apartament;Sosea;COLENTINA;colentina;46.0000;;;321750;1970;2022-T3
apartament;Sosea;COLENTINA;colentina;47.3400;;;301536;1973;2022-T2
apartament;Sosea;COLENTINA;tei;49.9800;;;280751;1977;2022-T4
apartament;Sosea;COLENTINA;tei;50.9900;;;356178;1977;2022-T2
apartament;Sosea;COLENTINA;tei;56.4300;;;366430;1977;2022-T3
apartament;Sosea;COLENTINA;tei;68.7900;;;400753;1978;2022-T3
apartament;Sosea;COLENTINA;tei;69.2200;;;509747;1977;2022-T2
apartament;Sosea;COLENTINA;tei;53.7800;;;352237;1975;2022-T3
apartament;Sosea;COLENTINA;tei;57.5500;;;334300;1976;2022-T3
apartament;Sosea;COLENTINA;colentina;28.6600;;;232650;1980;2022-T1
apartament;Sosea;COLENTINA;colentina;63.6000;;;351000;1976;2022-T2
apartament;Sosea;COLENTINA;colentina;63.9800;;;341943;1977;2022-T4
apartament;Sosea;COLENTINA;colentina;47.8200;;;247435;1977;2022-T1
apartament;Sosea;COLENTINA;colentina;36.6700;;;247235;1977;2022-T1
apartament;Sosea;COLENTINA;colentina;45.5100;;;234494;1978;2022-T3
apartament;Sosea;COLENTINA;tei;61.0800;;;336280;1970;2022-T1
apartament;Sosea;COLENTINA;colentina;49.5800;;;316539;1979;2022-T2
apartament;Sosea;COLENTINA;colentina;28.8000;;;225034;1979;2022-T2
apartament;Sosea;COLENTINA;colentina;69.2200;;;306330;1979;2022-T2
apartament;Sosea;COLENTINA;colentina;70.7600;;;388245;1977;2022-T2
apartament;Sosea;COLENTINA;colentina;84.3200;;;334058;1979;2022-T4
apartament;Sosea;COLENTINA;colentina;84.9700;;;370972;1978;2022-T4
comercial;Sosea;COLENTINA;colentina;311.2900;;;1252221;1978;2022-T2
apartament;Sosea;COLENTINA;colentina;47.6400;;;325446;1969;2022-T3
apartament;Sosea;COLENTINA;colentina;49.9000;;;311693;1970;2022-T2
apartament;Sosea;COLENTINA;colentina;59.1700;;;353274;1967;2022-T2
apartament;Sosea;COLENTINA;colentina;48.9600;;;318700;1981;2022-T3
apartament;Sosea;COLENTINA;colentina;47.3700;;;340000;1980;2022-T3
apartament;Sosea;COLENTINA;colentina;79.2700;;;503992;1980;2022-T2
apartament;Sosea;COLENTINA;colentina;79.0100;;;284333;1982;2022-T4
apartament;Sosea;COLENTINA;colentina;60.5000;;;346339;1977;2022-T3
apartament;Sosea;COLENTINA;colentina;61.6200;;;371250;1977;2022-T4
apartament;Sosea;COLENTINA;colentina;46.3200;;;220775;1976;2022-T4
apartament;Sosea;COLENTINA;colentina;63.5500;;;395264;1977;2022-T3
apartament;Sosea;COLENTINA;colentina;64.9000;;;272189;1978;2022-T1
apartament;Sosea;COLENTINA;colentina;63.4200;;;370822;1977;2022-T2
apartament;Sosea;COLENTINA;colentina;82.8700;;;450069;1979;2022-T1
apartament;Sosea;DOBROESTI;pantelimon;75.4800;;;469556;1983;2022-T3
apartament;Sosea;DOBROESTI;pantelimon;98.0000;;;472940;2015;2022-T1
teren;Sosea;DOBROESTI;pantelimon;;;60.4300;47940;2022;2022-T1
apartament;Sosea;DOBROESTI;pantelimon;;61.0000;;427573;2021;2022-T1
apartament;Sosea;DOBROESTI;pantelimon;50.2000;;;363163;2021;2022-T4
apartament;Sosea;DOBROESTI;pantelimon;82.1200;;;691071;2017;2022-T4
apartament;Sosea;DOBROESTI;pantelimon;48.8000;;;346318;2021;2022-T1
apartament;Sosea;DOBROESTI;pantelimon;49.9000;;;374038;2021;2022-T1
apartament;Sosea;DOBROESTI;pantelimon;70.1000;;;444131;2021;2022-T1
apartament;Sosea;DOBROESTI;pantelimon;75.5000;;;427310;2021;2022-T4
apartament;Sosea;DOBROESTI;pantelimon;82.7000;;;895255;2021;2022-T1
apartament;Sosea;DOBROESTI;pantelimon;48.4000;;;342020;2021;2022-T1
apartament;Sosea;DOBROESTI;pantelimon;;48.6000;;356205;2021;2022-T1
apartament;Sosea;DOBROESTI;pantelimon;;70.0900;;459557;2021;2022-T3
apartament;Sosea;DOBROESTI;pantelimon;42.1000;;;268975;2021;2022-T2
apartament;Sosea;DOBROESTI;pantelimon;48.3000;;;372426;2021;2022-T1
apartament;Sosea;DOBROESTI;pantelimon;48.4000;;;348667;2021;2022-T2
apartament;Sosea;DOBROESTI;pantelimon;48.5000;;;329687;2021;2022-T3
apartament;Sosea;DOBROESTI;pantelimon;48.5000;;;334879;2021;2022-T2
apartament;Sosea;DOBROESTI;pantelimon;48.5000;;;363633;2021;2022-T1
apartament;Sosea;DOBROESTI;pantelimon;60.8000;;;376967;2021;2022-T2
apartament;Sosea;DOBROESTI;pantelimon;88.0400;;;663623;2021;2022-T2
apartament;Sosea;DOBROESTI;pantelimon;89.1000;;;675156;2021;2022-T3
apartament;Sosea;DOBROESTI;pantelimon;49.0000;;;353058;2021;2022-T2
apartament;Sosea;DOBROESTI;pantelimon;;;6.9000;70000;2022;2022-T1
apartament;Sosea;DOBROESTI;pantelimon;60.9200;;;400110;2021;2022-T4
apartament;Sosea;DOBROESTI;pantelimon;49.3600;;;372000;2017;2022-T1
apartament;Sosea;DOBROESTI;pantelimon;50.6000;;;339741;2021;2022-T3
apartament;Sosea;DOBROESTI;pantelimon;48.4000;;;415997;2021;2022-T1
apartament;Sosea;DOBROESTI;pantelimon;93.7000;;;765342;2008;2022-T4
apartament;Sosea;DOBROESTI;pantelimon;215.4200;;;1484670;2008;2022-T1
apartament;Sosea;DOBROESTI;pantelimon;106.9400;;;362261;2008;2022-T4
apartament;Sosea;DOBROESTI;pantelimon;39.5500;;;237102;2017;2022-T3
apartament;Sosea;DOBROESTI;pantelimon;84.8000;;;543538;2008;2022-T2
apartament;Sosea;FABRICA DE GLUCOZA;pipera sud;38.6800;;;570251;2020;2022-T3
apartament;Sosea;FABRICA DE GLUCOZA;pipera sud;;45.8000;;343523;2020;2022-T1
apartament;Sosea;FABRICA DE GLUCOZA;pipera sud;40.6700;;;435529;2018;2022-T1
apartament;Sosea;FABRICA DE GLUCOZA;pipera sud;36.7000;;;84896;2020;2022-T3
apartament;Sosea;FABRICA DE GLUCOZA;pipera sud;66.9000;;;716932;2020;2022-T3
apartament;Sosea;FABRICA DE GLUCOZA;pipera sud;90.6000;;;1087531;2020;2022-T4
apartament;Sosea;FABRICA DE GLUCOZA;pipera sud;;65.9000;;478670;2020;2022-T3
apartament;Sosea;FABRICA DE GLUCOZA;pipera sud;91.0000;;;987947;2020;2022-T3
apartament;Sosea;FABRICA DE GLUCOZA;pipera sud;66.8000;;;480459;2020;2022-T1
apartament;Sosea;FABRICA DE GLUCOZA;pipera sud;51.1000;;;468036;2020;2022-T4
apartament;Sosea;FABRICA DE GLUCOZA;pipera sud;42.8000;;;465008;2020;2022-T2
apartament;Sosea;FABRICA DE GLUCOZA;pipera sud;21.0000;;;582300;2019;2022-T3
apartament;Sosea;FABRICA DE GLUCOZA;pipera sud;56.0000;;;443542;2020;2022-T2
apartament;Sosea;FABRICA DE GLUCOZA;pipera sud;49.6600;;;618519;2018;2022-T1
apartament;Sosea;FABRICA DE GLUCOZA;pipera sud;36.8000;;;536454;2020;2022-T3
apartament;Sosea;FABRICA DE GLUCOZA;pipera sud;;;15.2700;572291;2022;2022-T2
apartament;Sosea;FABRICA DE GLUCOZA;pipera sud;51.0000;;;595885;2020;2022-T3
apartament;Sosea;FABRICA DE GLUCOZA;pipera sud;41.0200;;;672616;2020;2022-T2
apartament;Sosea;FABRICA DE GLUCOZA;pipera sud;54.4000;;;645828;2020;2022-T4
apartament;Sosea;FABRICA DE GLUCOZA;pipera sud;66.0000;;;723095;2020;2022-T4
apartament;Sosea;FABRICA DE GLUCOZA;pipera sud;66.8000;;;716417;2020;2022-T3
apartament;Sosea;FABRICA DE GLUCOZA;pipera sud;69.7000;;;971723;2020;2022-T3
apartament;Sosea;FABRICA DE GLUCOZA;pipera sud;36.6000;;;310569;2020;2022-T2
apartament;Sosea;FABRICA DE GLUCOZA;pipera sud;36.6000;;;362398;2020;2022-T4
apartament;Sosea;FABRICA DE GLUCOZA;pipera sud;36.9000;;;407313;2020;2022-T3
apartament;Sosea;FABRICA DE GLUCOZA;pipera sud;45.9000;;;343539;2020;2022-T3
apartament;Sosea;FABRICA DE GLUCOZA;pipera sud;46.2000;;;345000;2020;2022-T3
apartament;Sosea;FABRICA DE GLUCOZA;pipera sud;49.9000;;;476915;2020;2022-T3
apartament;Sosea;FABRICA DE GLUCOZA;pipera sud;49.9000;;;476906;2022;2022-T3
apartament;Sosea;FABRICA DE GLUCOZA;pipera sud;54.1000;;;409824;2020;2022-T3
apartament;Sosea;FABRICA DE GLUCOZA;pipera sud;112.7000;;;909144;2020;2022-T4
apartament;Sosea;FABRICA DE GLUCOZA;pipera sud;38.4000;;;367712;2020;2022-T1
apartament;Sosea;FABRICA DE GLUCOZA;pipera sud;43.2700;;;352240;2020;2022-T2
apartament;Sosea;FABRICA DE GLUCOZA;pipera sud;56.2800;;;445573;2021;2022-T1
apartament;Sosea;FABRICA DE GLUCOZA;pipera sud;52.2000;;;432693;2020;2022-T1
apartament;Sosea;FABRICA DE GLUCOZA;pipera sud;60.0800;;;618377;2020;2022-T1
apartament;Sosea;FABRICA DE GLUCOZA;pipera sud;66.6000;;;653283;2020;2022-T1
apartament;Sosea;FABRICA DE GLUCOZA;pipera sud;69.5000;;;574257;2020;2022-T2
apartament;Sosea;FABRICA DE GLUCOZA;pipera sud;72.0000;;;525039;2020;2022-T1
apartament;Sosea;FABRICA DE GLUCOZA;pipera sud;75.0500;;;622668;2020;2022-T1
apartament;Sosea;FABRICA DE GLUCOZA;pipera sud;;;20.9700;722887;2020;2022-T4
apartament;Sosea;FABRICA DE GLUCOZA;pipera sud;50.5000;;;67334;2020;2022-T2
apartament;Sosea;FABRICA DE GLUCOZA;pipera sud;52.1000;;;464581;2020;2022-T1
apartament;Sosea;FABRICA DE GLUCOZA;pipera sud;52.3000;;;503841;2020;2022-T1
apartament;Sosea;FABRICA DE GLUCOZA;pipera sud;66.0000;;;569250;2020;2022-T1
apartament;Sosea;FABRICA DE GLUCOZA;pipera sud;52.0000;;;446293;2020;2022-T3
apartament;Sosea;FABRICA DE GLUCOZA;pipera sud;69.0600;;;392469;2020;2022-T3
apartament;Sosea;FABRICA DE GLUCOZA;pipera sud;96.9100;;;701004;2020;2022-T3
apartament;Sosea;FABRICA DE GLUCOZA;pipera sud;119.2600;;;478590;2020;2022-T2
apartament;Sosea;FABRICA DE GLUCOZA;pipera sud;52.9100;;;583734;2019;2022-T2
apartament;Sosea;FABRICA DE GLUCOZA;pipera sud;69.2400;;;387636;2020;2022-T2
apartament;Sosea;FABRICA DE GLUCOZA;pipera sud;43.7400;;;328157;2020;2022-T1
apartament;Sosea;FABRICA DE GLUCOZA;pipera sud;71.9100;;;379924;2020;2022-T3
apartament;Sosea;FABRICA DE GLUCOZA;pipera sud;;43.6300;;333038;2020;2022-T1
apartament;Sosea;FABRICA DE GLUCOZA;pipera sud;;140.7900;;705942;2020;2022-T3
apartament;Sosea;FABRICA DE GLUCOZA;pipera sud;43.6500;;;620296;2020;2022-T3
apartament;Sosea;FABRICA DE GLUCOZA;pipera sud;90.6000;;;472240;2020;2022-T3
apartament;Sosea;FABRICA DE GLUCOZA;pipera sud;118.9000;;;725431;2020;2022-T3
apartament;Sosea;FABRICA DE GLUCOZA;pipera sud;88.8200;;;460556;2020;2022-T3
apartament;Sosea;FABRICA DE GLUCOZA;pipera sud;59.3400;;;499072;2020;2022-T2
apartament;Sosea;FABRICA DE GLUCOZA;pipera sud;88.8200;;;490601;2020;2022-T2
apartament;Sosea;FABRICA DE GLUCOZA;pipera sud;75.9500;;;312708;2019;2022-T1
apartament;Sosea;FABRICA DE GLUCOZA;pipera sud;52.9100;;;588443;2019;2022-T2
apartament;Sosea;FABRICA DE GLUCOZA;pipera sud;90.9600;;;457145;2021;2022-T3
apartament;Sosea;FABRICA DE GLUCOZA;pipera sud;36.2300;;;544329;2019;2022-T1
apartament;Sosea;FABRICA DE GLUCOZA;pipera sud;38.5700;;;583200;2018;2022-T2
apartament;Sosea;FABRICA DE GLUCOZA;pipera sud;49.9000;;;661239;2022;2022-T3
apartament;Sosea;FABRICA DE GLUCOZA;pipera sud;124.2500;;;677470;2020;2022-T3
apartament;Sosea;FABRICA DE GLUCOZA;pipera sud;54.0600;;;660000;2019;2022-T1
apartament;Sosea;FABRICA DE GLUCOZA;pipera sud;35.1000;;;425700;2020;2022-T2
apartament;Sosea;FABRICA DE GLUCOZA;pipera sud;54.0800;;;702302;2018;2022-T2
apartament;Sosea;FABRICA DE GLUCOZA;pipera sud;;67.1000;;750000;2020;2022-T4
apartament;Sosea;FABRICA DE GLUCOZA;pipera sud;50.8000;;;438334;2020;2022-T3
apartament;Sosea;FABRICA DE GLUCOZA;pipera sud;69.9700;;;742065;2019;2022-T4
apartament;Sosea;FABRICA DE GLUCOZA;pipera sud;36.9500;;;439254;2018;2022-T3
apartament;Sosea;FABRICA DE GLUCOZA;pipera sud;48.6500;;;555222;2018;2022-T3
apartament;Sosea;FABRICA DE GLUCOZA;pipera sud;52.9900;;;587028;2018;2022-T4
apartament;Sosea;FABRICA DE GLUCOZA;pipera sud;58.8600;;;766883;2018;2022-T1
apartament;Sosea;FABRICA DE GLUCOZA;pipera sud;38.7000;;;394533;2020;2022-T3
apartament;Sosea;FABRICA DE GLUCOZA;pipera sud;38.9300;;;433919;2018;2022-T4
apartament;Sosea;FABRICA DE GLUCOZA;pipera sud;39.5100;;;294669;2018;2022-T2
apartament;Sosea;FABRICA DE GLUCOZA;pipera sud;49.4900;;;625000;2018;2022-T1
apartament;Sosea;FABRICA DE GLUCOZA;pipera sud;66.3400;;;458782;2018;2022-T3
apartament;Sosea;FABRICA DE GLUCOZA;pipera sud;66.5900;;;713602;2018;2022-T2
apartament;Sosea;FABRICA DE GLUCOZA;pipera sud;;;26.4400;1261969;2022;2022-T1
apartament;Sosea;FABRICA DE GLUCOZA;pipera sud;;38.5000;;335358;2020;2022-T3
apartament;Sosea;FABRICA DE GLUCOZA;pipera sud;;48.7000;;590689;2020;2022-T3
apartament;Sosea;FABRICA DE GLUCOZA;pipera sud;36.7000;;;526328;2020;2022-T3
apartament;Sosea;FABRICA DE GLUCOZA;pipera sud;38.7000;;;537991;2020;2022-T4
apartament;Sosea;FABRICA DE GLUCOZA;pipera sud;39.2000;;;547895;2020;2022-T4
apartament;Sosea;FABRICA DE GLUCOZA;pipera sud;39.2000;;;418031;2022;2022-T4
apartament;Sosea;FABRICA DE GLUCOZA;pipera sud;42.7000;;;340909;2020;2022-T3
apartament;Sosea;FABRICA DE GLUCOZA;pipera sud;48.5000;;;620222;2022;2022-T2
apartament;Sosea;FABRICA DE GLUCOZA;pipera sud;50.0000;;;633857;2020;2022-T2
apartament;Sosea;FABRICA DE GLUCOZA;pipera sud;50.9000;;;587599;2020;2022-T3
apartament;Sosea;FABRICA DE GLUCOZA;pipera sud;52.5000;;;639476;2020;2022-T2
apartament;Sosea;FABRICA DE GLUCOZA;pipera sud;52.9000;;;592005;2020;2022-T3
apartament;Sosea;FABRICA DE GLUCOZA;pipera sud;52.9000;;;645366;2020;2022-T2
apartament;Sosea;FABRICA DE GLUCOZA;pipera sud;60.8000;;;724224;2020;2022-T4
apartament;Sosea;FABRICA DE GLUCOZA;pipera sud;66.6000;;;687960;2020;2022-T4
apartament;Sosea;FABRICA DE GLUCOZA;pipera sud;66.9000;;;630152;2020;2022-T3
apartament;Sosea;FABRICA DE GLUCOZA;pipera sud;67.4000;;;722358;2022;2022-T4
apartament;Sosea;FABRICA DE GLUCOZA;pipera sud;83.8000;;;721793;2020;2022-T3
apartament;Sosea;FABRICA DE GLUCOZA;pipera sud;73.7100;;;979205;2020;2022-T3
apartament;Sosea;FABRICA DE GLUCOZA;pipera sud;;3.5000;;92356;2020;2022-T3
apartament;Sosea;FABRICA DE GLUCOZA;pipera sud;;12.5000;;67455;2022;2022-T3
apartament;Sosea;FABRICA DE GLUCOZA;pipera sud;;40.1000;;344528;2020;2022-T3
apartament;Sosea;FABRICA DE GLUCOZA;pipera sud;;40.3000;;349319;2020;2022-T3
apartament;Sosea;FABRICA DE GLUCOZA;pipera sud;;51.0000;;293584;2020;2022-T3
apartament;Sosea;FABRICA DE GLUCOZA;pipera sud;;52.7000;;488246;2020;2022-T4
apartament;Sosea;FABRICA DE GLUCOZA;pipera sud;;66.2000;;502349;2020;2022-T3
apartament;Sosea;FABRICA DE GLUCOZA;pipera sud;;66.8000;;723122;2020;2022-T4
apartament;Sosea;FABRICA DE GLUCOZA;pipera sud;36.7000;;;315662;2020;2022-T3
apartament;Sosea;FABRICA DE GLUCOZA;pipera sud;36.7000;;;338688;2020;2022-T3
apartament;Sosea;FABRICA DE GLUCOZA;pipera sud;36.9000;;;333760;2022;2022-T3
apartament;Sosea;FABRICA DE GLUCOZA;pipera sud;38.6000;;;325162;2020;2022-T2
apartament;Sosea;FABRICA DE GLUCOZA;pipera sud;38.8000;;;337247;2020;2022-T3
apartament;Sosea;FABRICA DE GLUCOZA;pipera sud;39.0000;;;348649;2020;2022-T3
apartament;Sosea;FABRICA DE GLUCOZA;pipera sud;40.2000;;;342366;2022;2022-T2
apartament;Sosea;FABRICA DE GLUCOZA;pipera sud;48.5000;;;444377;2021;2022-T3
apartament;Sosea;FABRICA DE GLUCOZA;pipera sud;48.7000;;;427619;2020;2022-T4
apartament;Sosea;FABRICA DE GLUCOZA;pipera sud;49.8000;;;66564;2020;2022-T3
apartament;Sosea;FABRICA DE GLUCOZA;pipera sud;52.7000;;;391484;2020;2022-T3
apartament;Sosea;FABRICA DE GLUCOZA;pipera sud;52.7000;;;474535;2020;2022-T3
apartament;Sosea;FABRICA DE GLUCOZA;pipera sud;54.2000;;;455484;2020;2022-T3
apartament;Sosea;FABRICA DE GLUCOZA;pipera sud;54.4000;;;406176;2020;2022-T3
apartament;Sosea;FABRICA DE GLUCOZA;pipera sud;54.4000;;;484816;2020;2022-T2
apartament;Sosea;FABRICA DE GLUCOZA;pipera sud;54.5000;;;425000;2020;2022-T3
apartament;Sosea;FABRICA DE GLUCOZA;pipera sud;66.5000;;;593272;2020;2022-T3
apartament;Sosea;FABRICA DE GLUCOZA;pipera sud;66.7000;;;454704;2020;2022-T3
apartament;Sosea;FABRICA DE GLUCOZA;pipera sud;66.7000;;;578647;2020;2022-T3
apartament;Sosea;FABRICA DE GLUCOZA;pipera sud;66.8000;;;679577;2022;2022-T4
apartament;Sosea;FABRICA DE GLUCOZA;pipera sud;67.3000;;;689738;2020;2022-T4
apartament;Sosea;FABRICA DE GLUCOZA;pipera sud;67.6000;;;637124;2020;2022-T3
apartament;Sosea;FABRICA DE GLUCOZA;pipera sud;67.7000;;;479435;2020;2022-T3
apartament;Sosea;FABRICA DE GLUCOZA;pipera sud;70.2000;;;757753;2020;2022-T2
apartament;Sosea;FABRICA DE GLUCOZA;pipera sud;70.4000;;;692281;2020;2022-T2
apartament;Sosea;FABRICA DE GLUCOZA;pipera sud;36.3000;;;383257;2020;2022-T2
apartament;Sosea;FABRICA DE GLUCOZA;pipera sud;46.3000;;;315525;2020;2022-T1
apartament;Sosea;FABRICA DE GLUCOZA;pipera sud;50.0000;;;458920;2020;2022-T2
apartament;Sosea;FABRICA DE GLUCOZA;pipera sud;53.0000;;;449925;2020;2022-T1
apartament;Sosea;FABRICA DE GLUCOZA;pipera sud;53.9000;;;529711;2020;2022-T1
apartament;Sosea;FABRICA DE GLUCOZA;pipera sud;66.1000;;;462854;2020;2022-T2
apartament;Sosea;FABRICA DE GLUCOZA;pipera sud;66.4000;;;462541;2020;2022-T2
apartament;Sosea;FABRICA DE GLUCOZA;pipera sud;67.0000;;;455972;2020;2022-T1
apartament;Sosea;FABRICA DE GLUCOZA;pipera sud;9.0100;;;586875;2020;2022-T1
apartament;Sosea;FABRICA DE GLUCOZA;pipera sud;69.5000;;;653800;2020;2022-T1
apartament;Sosea;FABRICA DE GLUCOZA;pipera sud;70.1000;;;642395;2020;2022-T2
apartament;Sosea;FABRICA DE GLUCOZA;pipera sud;;44.0000;;335455;2020;2022-T2
apartament;Sosea;FABRICA DE GLUCOZA;pipera sud;;45.7000;;338243;2020;2022-T1
apartament;Sosea;FABRICA DE GLUCOZA;pipera sud;4.7500;;;384948;2020;2022-T1
apartament;Sosea;FABRICA DE GLUCOZA;pipera sud;4.7600;;;365606;2020;2022-T1
apartament;Sosea;FABRICA DE GLUCOZA;pipera sud;37.0000;;;362143;2020;2022-T1
apartament;Sosea;FABRICA DE GLUCOZA;pipera sud;38.3000;;;550000;2020;2022-T2
apartament;Sosea;FABRICA DE GLUCOZA;pipera sud;47.6000;;;534490;2020;2022-T1
apartament;Sosea;FABRICA DE GLUCOZA;pipera sud;50.9000;;;443036;2020;2022-T4
apartament;Sosea;FABRICA DE GLUCOZA;pipera sud;52.5000;;;474567;2020;2022-T1
apartament;Sosea;FABRICA DE GLUCOZA;pipera sud;54.3000;;;438580;2020;2022-T1
apartament;Sosea;FABRICA DE GLUCOZA;pipera sud;66.2000;;;462452;2020;2022-T1
apartament;Sosea;FABRICA DE GLUCOZA;pipera sud;97.8000;;;902500;2018;2022-T2
apartament;Sosea;FABRICA DE GLUCOZA;pipera sud;56.9700;;;727475;2019;2022-T1
apartament;Sosea;FABRICA DE GLUCOZA;pipera sud;50.9000;;;515731;2020;2022-T3
apartament;Sosea;FABRICA DE GLUCOZA;pipera sud;43.1700;;;459392;2018;2022-T4
apartament;Sosea;FABRICA DE GLUCOZA;pipera sud;51.4000;;;447726;2020;2022-T3
apartament;Sosea;FABRICA DE GLUCOZA;pipera sud;42.6000;;;353878;2020;2022-T2
apartament;Sosea;FABRICA DE GLUCOZA;pipera sud;56.7000;;;453401;2020;2022-T2
apartament;Sosea;FABRICA DE GLUCOZA;pipera sud;;51.7000;;581755;2020;2022-T2
apartament;Sosea;FABRICA DE GLUCOZA;pipera sud;52.2000;;;411802;2022;2022-T3
apartament;Sosea;FABRICA DE GLUCOZA;pipera sud;52.1000;;;560522;2020;2022-T3
apartament;Sosea;FABRICA DE GLUCOZA;pipera sud;;;21.0000;796415;2020;2022-T3
apartament;Sosea;FABRICA DE GLUCOZA;pipera sud;54.6000;;;46257;2020;2022-T2
apartament;Sosea;FABRICA DE GLUCOZA;pipera sud;71.6000;;;409844;2020;2022-T3
apartament;Sosea;FABRICA DE GLUCOZA;pipera sud;82.7700;;;652858;2020;2022-T3
apartament;Sosea;FABRICA DE GLUCOZA;pipera sud;96.8300;;;463182;2020;2022-T3
apartament;Sosea;FABRICA DE GLUCOZA;pipera sud;103.0600;;;721541;2020;2022-T4
apartament;Sosea;FABRICA DE GLUCOZA;pipera sud;200.4300;;;101051;2020;2022-T3
apartament;Sosea;FABRICA DE GLUCOZA;pipera sud;;;12.7600;30000;2020;2022-T3
apartament;Sosea;FABRICA DE GLUCOZA;pipera sud;86.3300;;;442660;2020;2022-T2
apartament;Sosea;FABRICA DE GLUCOZA;pipera sud;118.7300;;;482740;2020;2022-T3
apartament;Sosea;FABRICA DE GLUCOZA;pipera sud;41.2500;;;484244;2020;2022-T2
apartament;Sosea;FABRICA DE GLUCOZA;pipera sud;43.1700;;;347345;2020;2022-T1
apartament;Sosea;FABRICA DE GLUCOZA;pipera sud;;;12.9600;527057;2020;2022-T1
apartament;Sosea;FABRICA DE GLUCOZA;pipera sud;75.7000;;;460675;2020;2022-T2
apartament;Sosea;FABRICA DE GLUCOZA;pipera sud;75.9500;;;462165;2020;2022-T2
apartament;Sosea;FABRICA DE GLUCOZA;pipera sud;43.9600;;;331623;2020;2022-T1
apartament;Sosea;FABRICA DE GLUCOZA;pipera sud;54.4800;;;412573;2020;2022-T2
apartament;Sosea;FABRICA DE GLUCOZA;pipera sud;55.9300;;;477872;2020;2022-T1
apartament;Sosea;FABRICA DE GLUCOZA;pipera sud;61.1500;;;447354;2020;2022-T1
apartament;Sosea;FABRICA DE GLUCOZA;pipera sud;129.3000;;;1118799;2020;2022-T2
apartament;Sosea;FABRICA DE GLUCOZA;pipera sud;90.6000;;;442779;2020;2022-T3
apartament;Sosea;FABRICA DE GLUCOZA;pipera sud;56.8500;;;568721;2022;2022-T2
apartament;Sosea;FABRICA DE GLUCOZA;pipera sud;;;11.9100;465441;2018;2022-T4
apartament;Sosea;FABRICA DE GLUCOZA;pipera sud;58.5200;;;300000;2019;2022-T3
apartament;Sosea;FABRICA DE GLUCOZA;pipera sud;175.5100;;;1044283;2020;2022-T3
apartament;Sosea;FABRICA DE GLUCOZA;pipera sud;168.1400;;;1311308;2018;2022-T1
apartament;Sosea;FABRICA DE GLUCOZA;pipera sud;36.7000;;;522065;2020;2022-T2
apartament;Sosea;FABRICA DE GLUCOZA;pipera sud;120.1500;;;564512;2020;2022-T3
apartament;Sosea;FABRICA DE GLUCOZA;pipera sud;;;12.0900;382538;2020;2022-T3
apartament;Sosea;FABRICA DE GLUCOZA;pipera sud;;;15.1600;508664;2022;2022-T2
apartament;Sosea;FABRICA DE GLUCOZA;pipera sud;;47.9000;;517851;2021;2022-T1
apartament;Sosea;FABRICA DE GLUCOZA;pipera sud;;;15.1600;463474;2020;2022-T2
apartament;Sosea;FABRICA DE GLUCOZA;pipera sud;;97.0100;;451388;2020;2022-T2
apartament;Sosea;FABRICA DE GLUCOZA;pipera sud;60.8000;;;459882;2020;2022-T1
apartament;Sosea;FABRICA DE GLUCOZA;pipera sud;82.2400;;;590508;2020;2022-T4
apartament;Sosea;FABRICA DE GLUCOZA;pipera sud;;;14.9700;627698;2020;2022-T3
apartament;Sosea;FABRICA DE GLUCOZA;pipera sud;71.7300;;;402098;2020;2022-T3
apartament;Sosea;FABRICA DE GLUCOZA;pipera sud;38.4300;;;588610;2019;2022-T1
apartament;Sosea;FABRICA DE GLUCOZA;pipera sud;89.3600;;;411738;2020;2022-T3
apartament;Sosea;FABRICA DE GLUCOZA;pipera sud;;;17.1400;724504;2020;2022-T4
apartament;Sosea;FABRICA DE GLUCOZA;pipera sud;99.5700;;;693455;2020;2022-T2
apartament;Sosea;FABRICA DE GLUCOZA;pipera sud;;;15.9900;446507;2022;2022-T1
apartament;Sosea;FABRICA DE GLUCOZA;pipera sud;;;15.4600;;2020;2022-T3
apartament;Sosea;FABRICA DE GLUCOZA;pipera sud;78.3200;;;384026;2020;2022-T1
apartament;Sosea;FABRICA DE GLUCOZA;pipera sud;124.4200;;;660000;2020;2022-T3
apartament;Sosea;FABRICA DE GLUCOZA;pipera sud;;;20.9400;714260;2020;2022-T3
apartament;Sosea;FABRICA DE GLUCOZA;pipera sud;;49.4000;;568709;2021;2022-T1
apartament;Sosea;FABRICA DE GLUCOZA;pipera sud;;;16.6500;457934;2020;2022-T2
apartament;Sosea;FABRICA DE GLUCOZA;pipera sud;;;20.9400;542037;2020;2022-T2
apartament;Sosea;FABRICA DE GLUCOZA;pipera sud;45.8000;;;337225;2020;2022-T3
apartament;Sosea;FABRICA DE GLUCOZA;pipera sud;52.7000;;;447348;2020;2022-T2
apartament;Sosea;FABRICA DE GLUCOZA;pipera sud;52.3000;;;568928;2020;2022-T2
apartament;Sosea;FABRICA DE GLUCOZA;pipera sud;46.1000;;;403049;2020;2022-T2
apartament;Sosea;FABRICA DE GLUCOZA;pipera sud;38.9000;;;314553;2020;2022-T3
apartament;Sosea;FABRICA DE GLUCOZA;pipera sud;52.7000;;;472448;2020;2022-T3
apartament;Sosea;FABRICA DE GLUCOZA;pipera sud;51.0000;;;451588;2020;2022-T3
apartament;Sosea;FABRICA DE GLUCOZA;pipera sud;66.4000;;;571505;2020;2022-T3
apartament;Sosea;FABRICA DE GLUCOZA;pipera sud;66.6000;;;723387;2020;2022-T3
apartament;Sosea;FABRICA DE GLUCOZA;pipera sud;75.9500;;;541462;2020;2022-T2
apartament;Sosea;FABRICA DE GLUCOZA;pipera sud;;;16.0000;575372;2022;2022-T4
apartament;Sosea;FABRICA DE GLUCOZA;pipera sud;65.1400;;;348179;2022;2022-T3
apartament;Sosea;FABRICA DE GLUCOZA;pipera sud;;;20.5400;555503;2020;2022-T3
apartament;Sosea;FABRICA DE GLUCOZA;pipera sud;124.7800;;;734317;2020;2022-T3
apartament;Sosea;FABRICA DE GLUCOZA;pipera sud;79.0000;;;758445;2020;2022-T1
apartament;Sosea;FABRICA DE GLUCOZA;pipera sud;;;12.6900;597485;2020;2022-T4
apartament;Sosea;FABRICA DE GLUCOZA;pipera sud;88.6900;;;595174;2021;2022-T4
apartament;Sosea;FABRICA DE GLUCOZA;pipera sud;68.8800;;;338147;2020;2022-T3
apartament;Sosea;FABRICA DE GLUCOZA;pipera sud;150.0000;;;89561;2020;2022-T4
apartament;Sosea;FABRICA DE GLUCOZA;pipera sud;60.1100;;;526838;2020;2022-T2
apartament;Sosea;FABRICA DE GLUCOZA;pipera sud;99.2300;;;719178;2020;2022-T2
apartament;Sosea;FABRICA DE GLUCOZA;pipera sud;45.3200;;;354420;2020;2022-T1
apartament;Sosea;FABRICA DE GLUCOZA;pipera sud;61.4800;;;580720;2020;2022-T3
apartament;Sosea;FABRICA DE GLUCOZA;pipera sud;56.7300;;;614400;2020;2022-T2
casa;Sosea;FABRICA DE GLUCOZA;pipera sud;0.0000;;17.1200;429893;2022;2022-T2
apartament;Sosea;FABRICA DE GLUCOZA;pipera sud;;;15.3800;77408;2022;2022-T2
apartament;Sosea;FABRICA DE GLUCOZA;pipera sud;;;11.8500;;2022;2022-T4
apartament;Sosea;FABRICA DE GLUCOZA;pipera sud;;;12.6800;;2022;2022-T3
teren;Sosea;FABRICA DE GLUCOZA;pipera sud;;;2367.0000;;2022;2022-T2
apartament;Sosea;FABRICA DE GLUCOZA;pipera sud;63.5800;;;692706;2010;2022-T1
apartament;Sosea;FABRICA DE GLUCOZA;pipera sud;;153.8200;;771274;2010;2022-T1
apartament;Sosea;FABRICA DE GLUCOZA;pipera sud;106.7900;;;1042695;2010;2022-T4
apartament;Sosea;FABRICA DE GLUCOZA;pipera sud;95.5900;;;692000;2010;2022-T4
apartament;Sosea;FABRICA DE GLUCOZA;pipera sud;142.2500;;;1192500;2010;2022-T3
apartament;Sosea;FABRICA DE GLUCOZA;pipera sud;86.8700;;;736939;2010;2022-T1
apartament;Sosea;FABRICA DE GLUCOZA;pipera sud;107.9000;;;1028287;2010;2022-T3
apartament;Sosea;FABRICA DE GLUCOZA;pipera sud;117.4800;;;1048742;2010;2022-T2
apartament;Sosea;FABRICA DE GLUCOZA;pipera sud;96.5300;;;538791;2010;2022-T4
apartament;Sosea;FABRICA DE GLUCOZA;pipera sud;95.4700;;;707850;2010;2022-T4
apartament;Sosea;FABRICA DE GLUCOZA;pipera sud;106.4600;;;1113187;2011;2022-T1
apartament;Sosea;FABRICA DE GLUCOZA;pipera sud;38.6500;;;643500;2010;2022-T3
apartament;Sosea;FABRICA DE GLUCOZA;pipera sud;95.6500;;;909640;2010;2022-T3
apartament;Sosea;FABRICA DE GLUCOZA;pipera sud;87.1300;;;795935;2010;2022-T3
apartament;Sosea;FABRICA DE GLUCOZA;pipera sud;154.4600;;;1053500;2010;2022-T1
apartament;Sosea;FABRICA DE GLUCOZA;pipera sud;84.9500;;;468044;2010;2022-T1
apartament;Sosea;FABRICA DE GLUCOZA;pipera sud;86.5500;;;788000;2010;2022-T2
apartament;Sosea;FABRICA DE GLUCOZA;pipera sud;64.7000;;;726764;2010;2022-T2
apartament;Sosea;FABRICA DE GLUCOZA;pipera sud;66.2700;;;647100;2010;2022-T4
apartament;Sosea;FABRICA DE GLUCOZA;pipera sud;;;12.9100;1052625;2022;2022-T4
apartament;Sosea;FABRICA DE GLUCOZA;pipera sud;86.1500;;;1117628;2019;2022-T1
apartament;Sosea;FABRICA DE GLUCOZA;pipera sud;86.4100;;;750000;2010;2022-T1
apartament;Sosea;FABRICA DE GLUCOZA;pipera sud;95.7900;;;893872;2010;2022-T3
apartament;Sosea;FABRICA DE GLUCOZA;pipera sud;96.2200;;;908942;2010;2022-T3
apartament;Sosea;FABRICA DE GLUCOZA;pipera sud;96.5200;;;988140;2010;2022-T2
apartament;Sosea;FABRICA DE GLUCOZA;pipera sud;105.7000;;;998654;2010;2022-T2
apartament;Sosea;FABRICA DE GLUCOZA;pipera sud;106.8600;;;1040000;2010;2022-T2
apartament;Sosea;FABRICA DE GLUCOZA;pipera sud;107.5300;;;939531;2010;2022-T2
apartament;Sosea;FABRICA DE GLUCOZA;pipera sud;108.1700;;;1170708;2010;2022-T4
apartament;Sosea;FABRICA DE GLUCOZA;pipera sud;;85.9000;;161000;2010;2022-T3
apartament;Sosea;FABRICA DE GLUCOZA;pipera sud;;137.2800;;1417500;2010;2022-T3
apartament;Sosea;FABRICA DE GLUCOZA;pipera sud;28.9900;;;577962;2010;2022-T4
apartament;Sosea;FABRICA DE GLUCOZA;pipera sud;85.5100;;;800000;2010;2022-T4
apartament;Sosea;FABRICA DE GLUCOZA;pipera sud;95.1100;;;813370;2010;2022-T4
apartament;Sosea;FABRICA DE GLUCOZA;pipera sud;118.8200;;;1037400;2010;2022-T1
apartament;Sosea;FABRICA DE GLUCOZA;pipera sud;136.5000;;;1387000;2010;2022-T1
apartament;Sosea;FABRICA DE GLUCOZA;pipera sud;137.1700;;;1400000;2010;2022-T2
apartament;Sosea;FABRICA DE GLUCOZA;pipera sud;140.6500;;;1215000;2010;2022-T1
apartament;Sosea;FABRICA DE GLUCOZA;pipera sud;193.8500;;;1460000;2010;2022-T4
apartament;Sosea;FABRICA DE GLUCOZA;pipera sud;138.7300;;;898000;2010;2022-T4
apartament;Sosea;FABRICA DE GLUCOZA;pipera sud;95.1900;;;969000;2016;2022-T4
apartament;Sosea;FABRICA DE GLUCOZA;pipera sud;74.4100;;;767520;2010;2022-T4
apartament;Sosea;FABRICA DE GLUCOZA;pipera sud;85.9400;;;806344;2010;2022-T2
apartament;Sosea;FABRICA DE GLUCOZA;pipera sud;;96.1300;;846130;2010;2022-T4
apartament;Sosea;FABRICA DE GLUCOZA;pipera sud;88.2500;;;587772;2010;2022-T4
apartament;Sosea;FABRICA DE GLUCOZA;pipera sud;126.0000;;;827366;2010;2022-T4
apartament;Sosea;FABRICA DE GLUCOZA;pipera sud;81.3600;;;841109;2010;2022-T2
apartament;Sosea;FUNDENI;pantelimon;46.9100;;;323700;1974;2022-T2
apartament;Sosea;FUNDENI;pantelimon;47.2000;;;284200;1974;2022-T4
apartament;Sosea;FUNDENI;pantelimon;64.7400;;;445650;1970;2022-T2
apartament;Sosea;FUNDENI;pantelimon;59.0000;;;89312;1938;2022-T2
teren;Sosea;FUNDENI;ion creanga;;;166.9500;146187;2022;2022-T1
apartament;Sosea;FUNDENI;colentina;44.1300;;;306943;2019;2022-T1
apartament;Sosea;FUNDENI;colentina;46.0600;;;245115;2019;2022-T4
apartament;Sosea;FUNDENI;colentina;47.3000;;;340423;2019;2022-T3
apartament;Sosea;FUNDENI;colentina;;68.1000;;448033;2019;2022-T1
apartament;Sosea;FUNDENI;colentina;60.6100;;;447064;2019;2022-T4
apartament;Sosea;FUNDENI;colentina;60.8800;;;412734;2019;2022-T1
apartament;Sosea;FUNDENI;colentina;61.6200;;;477090;2019;2022-T4
apartament;Sosea;FUNDENI;colentina;67.3300;;;457856;2017;2022-T1
apartament;Sosea;FUNDENI;colentina;67.8900;;;380503;2019;2022-T2
apartament;Sosea;FUNDENI;colentina;75.1600;;;569135;2019;2022-T1
apartament;Sosea;FUNDENI;colentina;;59.5600;;429875;2019;2022-T3
apartament;Sosea;FUNDENI;colentina;69.0900;;;504935;2019;2022-T3
teren;Sosea;FUNDENI;pantelimon;;;226.5000;123607;2022;2022-T2
teren;Sosea;FUNDENI;pantelimon;;;172.0000;98886;2022;2022-T2
apartament;Sosea;FUNDENI;pantelimon;65.5000;;;464322;1976;2022-T4
apartament;Sosea;FUNDENI;pantelimon;67.0700;;;300000;1976;2022-T3
teren;Sosea;FUNDENI;pantelimon;;;101.0000;49443;2022;2022-T2
apartament;Sosea;FUNDENI;colentina;30.2800;;;219967;1979;2022-T2
apartament;Sosea;FUNDENI;colentina;49.2700;;;305350;1978;2022-T4
apartament;Sosea;FUNDENI;colentina;51.1000;;;316640;1978;2022-T2
apartament;Sosea;FUNDENI;colentina;46.8000;;;287100;1983;2022-T2
apartament;Sosea;FUNDENI;colentina;47.3200;;;361247;1977;2022-T3
apartament;Sosea;FUNDENI;colentina;46.6200;;;267300;1977;2022-T1
apartament;Sosea;FUNDENI;colentina;46.7600;;;291939;1976;2022-T1
apartament;Sosea;FUNDENI;colentina;47.3000;;;291991;1977;2022-T1
apartament;Sosea;FUNDENI;colentina;48.4000;;;281000;1977;2022-T4
teren;Sosea;FUNDENI;pantelimon;;;145.0000;285242;2022;2022-T1
apartament;Sosea;FUNDENI;ion creanga;29.9600;;;273001;2018;2022-T3
apartament;Sosea;FUNDENI;ion creanga;30.6300;;;160602;2019;2022-T4
apartament;Sosea;FUNDENI;ion creanga;32.5700;;;250573;2018;2022-T3
apartament;Sosea;FUNDENI;ion creanga;36.4500;;;217488;2019;2022-T2
apartament;Sosea;FUNDENI;colentina;56.1000;;;488212;2022;2022-T4
apartament;Sosea;FUNDENI;colentina;65.0000;;;344080;2022;2022-T4
apartament;Sosea;FUNDENI;ion creanga;51.0500;;;193000;2010;2022-T2
apartament;Sosea;FUNDENI;pantelimon;36.2600;;;259875;1974;2022-T3
apartament;Sosea;FUNDENI;pantelimon;34.8000;;;229540;1979;2022-T4
apartament;Sosea;FUNDENI;pantelimon;38.3300;;;222750;1974;2022-T3
apartament;Sosea;FUNDENI;pantelimon;63.4000;;;346318;1974;2022-T2
apartament;Sosea;FUNDENI;pantelimon;60.6000;;;388759;1976;2022-T3
apartament;Sosea;FUNDENI;pantelimon;43.5000;;;365907;2022;2022-T4
apartament;Sosea;FUNDENI;pantelimon;;58.5000;;503052;2022;2022-T4
apartament;Sosea;FUNDENI;pantelimon;61.1000;;;416510;2022;2022-T4
apartament;Sosea;FUNDENI;pantelimon;;70.9000;;558523;2022;2022-T4
apartament;Sosea;FUNDENI;pantelimon;42.0000;;;335596;2022;2022-T4
apartament;Sosea;FUNDENI;pantelimon;44.9000;;;355846;2022;2022-T4
apartament;Sosea;FUNDENI;pantelimon;78.5000;;;416575;1984;2022-T4
apartament;Sosea;IANCULUI;iancului;93.5500;;;741945;1980;2022-T1
apartament;Sosea;IANCULUI;iancului;86.8000;;;588764;1978;2022-T2
apartament;Sosea;IANCULUI;vatra luminoasa;49.0900;;;408409;1976;2022-T4
apartament;Sosea;IANCULUI;vatra luminoasa;64.2000;;;462394;1977;2022-T3
apartament;Sosea;IANCULUI;iancului;64.3300;;;442864;1978;2022-T4
apartament;Sosea;IANCULUI;iancului;83.6800;;;494900;1976;2022-T1
apartament;Sosea;IANCULUI;vatra luminoasa;98.7000;;;668021;1980;2022-T2
apartament;Sosea;IANCULUI;iancului;81.3300;;;667480;1977;2022-T2
apartament;Sosea;IANCULUI;iancului;30.0000;;;276850;1978;2022-T4
apartament;Sosea;IANCULUI;iancului;47.4200;;;394480;1978;2022-T3
apartament;Sosea;IANCULUI;iancului;47.5000;;;316704;1979;2022-T3
apartament;Sosea;IANCULUI;iancului;48.5700;;;380000;1979;2022-T3
apartament;Sosea;IANCULUI;iancului;64.0000;;;460108;1978;2022-T2
apartament;Sosea;IANCULUI;iancului;81.2800;;;686322;1979;2022-T4
apartament;Sosea;IANCULUI;iancului;46.5100;;;404670;1976;2022-T4
apartament;Sosea;IANCULUI;vatra luminoasa;80.7900;;;725970;1979;2022-T4
apartament;Sosea;IANCULUI;iancului;83.3000;;;620000;1980;2022-T4
apartament;Sosea;IANCULUI;iancului;71.6800;;;323552;1976;2022-T4
apartament;Sosea;IANCULUI;iancului;79.4200;;;420061;1980;2022-T4
apartament;Sosea;IANCULUI;iancului;68.2000;;;294060;1978;2022-T4
apartament;Sosea;IANCULUI;iancului;85.7900;;;642577;1978;2022-T3
apartament;Sosea;IANCULUI;iancului;48.3000;;;288606;1980;2022-T2
apartament;Sosea;IANCULUI;vatra luminoasa;45.6000;;;434720;1977;2022-T1
apartament;Sosea;IANCULUI;vatra luminoasa;46.2600;;;368000;1978;2022-T1
apartament;Sosea;IANCULUI;vatra luminoasa;59.6000;;;443331;1977;2022-T3
apartament;Sosea;IANCULUI;vatra luminoasa;78.5000;;;517902;1958;2022-T3
apartament;Sosea;IANCULUI;iancului;63.0000;;;200000;1978;2022-T4
apartament;Sosea;IANCULUI;iancului;82.0900;;;575757;1977;2022-T4
apartament;Sosea;IANCULUI;vatra luminoasa;48.2600;;;267328;1976;2022-T3
apartament;Sosea;IANCULUI;vatra luminoasa;49.2500;;;301096;1976;2022-T4
apartament;Sosea;IANCULUI;vatra luminoasa;65.8000;;;420121;1976;2022-T2
comercial;Sosea;IANCULUI;iancului;;14.4000;;;1995;2022-T2
apartament;Sosea;IANCULUI;iancului;31.5100;;;247500;1980;2022-T3
apartament;Sosea;MIHAI BRAVU;colentina;71.5200;;;494400;1973;2022-T1
apartament;Sosea;MIHAI BRAVU;colentina;44.7700;;;;1963;2022-T2
apartament;Sosea;MIHAI BRAVU;colentina;44.8400;;;346444;1963;2022-T1
apartament;Sosea;MIHAI BRAVU;colentina;45.3000;;;242138;1963;2022-T4
apartament;Sosea;MIHAI BRAVU;colentina;45.5300;;;325294;1963;2022-T3
apartament;Sosea;MIHAI BRAVU;colentina;46.4600;;;277784;1962;2022-T3
comercial;Sosea;MIHAI BRAVU;colentina;185.8100;;;133141;1962;2022-T4
apartament;Sosea;MIHAI BRAVU;centrala;54.6000;;;467894;1988;2022-T3
apartament;Sosea;MIHAI BRAVU;centrala;50.6900;;;410650;1986;2022-T2
apartament;Sosea;MIHAI BRAVU;centrala;52.0300;;;461280;1986;2022-T4
apartament;Sosea;MIHAI BRAVU;centrala;58.4800;;;415228;1986;2022-T2
apartament;Sosea;MIHAI BRAVU;centrala;64.9000;;;598750;1986;2022-T4
apartament;Sosea;MIHAI BRAVU;centrala;30.0200;;;305655;1988;2022-T1
apartament;Sosea;MIHAI BRAVU;centrala;64.6900;;;541926;1984;2022-T4
apartament;Sosea;MIHAI BRAVU;centrala;65.1700;;;445068;1985;2022-T4
apartament;Sosea;MIHAI BRAVU;colentina;44.4000;;;316386;1962;2022-T4
apartament;Sosea;MIHAI BRAVU;colentina;45.0400;;;245705;1962;2022-T4
apartament;Sosea;MIHAI BRAVU;centrala;50.0800;;;358181;1988;2022-T4
apartament;Sosea;MIHAI BRAVU;centrala;56.6400;;;321471;1995;2022-T2
apartament;Sosea;MIHAI BRAVU;centrala;73.3200;;;590964;1981;2022-T3
apartament;Sosea;MIHAI BRAVU;centrala;58.0000;;;422500;1991;2022-T3
apartament;Sosea;MIHAI BRAVU;centrala;71.5200;;;667305;1987;2022-T2
apartament;Sosea;MIHAI BRAVU;centrala;38.7000;;;336966;1986;2022-T4
apartament;Sosea;MIHAI BRAVU;centrala;74.8100;;;494100;1986;2022-T4
apartament;Sosea;MIHAI BRAVU;centrala;58.1200;;;480000;1964;2022-T3
apartament;Sosea;MIHAI BRAVU;centrala;60.8700;;;225000;1964;2022-T2
apartament;Sosea;MIHAI BRAVU;centrala;37.6600;;;271914;1989;2022-T2
apartament;Sosea;MIHAI BRAVU;centrala;95.3000;;;708905;1989;2022-T4
apartament;Sosea;MIHAI BRAVU;centrala;114.2800;;;890046;1989;2022-T1
apartament;Sosea;MIHAI BRAVU;colentina;57.6200;;;123725;1962;2022-T1
apartament;Sosea;MIHAI BRAVU;colentina;29.4000;;;134803;1964;2022-T2
apartament;Sosea;MIHAI BRAVU;colentina;42.1900;;;296766;1961;2022-T3
apartament;Sosea;MIHAI BRAVU;colentina;43.5100;;;315000;1960;2022-T3
apartament;Sosea;MIHAI BRAVU;colentina;43.8100;;;384000;1965;2022-T2
apartament;Sosea;MIHAI BRAVU;colentina;57.1500;;;420512;1962;2022-T2
apartament;Sosea;MIHAI BRAVU;colentina;57.3500;;;380210;1962;2022-T4
apartament;Sosea;MIHAI BRAVU;centrala;73.3000;;;748132;1987;2022-T3
apartament;Sosea;MIHAI BRAVU;centrala;38.1300;;;75000;1989;2022-T1
apartament;Sosea;MIHAI BRAVU;centrala;58.8900;;;439812;1980;2022-T4
apartament;Sosea;MIHAI BRAVU;centrala;73.6700;;;615800;1987;2022-T3
apartament;Sosea;MIHAI BRAVU;centrala;57.0000;;;468920;1986;2022-T4
apartament;Sosea;MIHAI BRAVU;centrala;57.9700;;;583852;1988;2022-T1
apartament;Sosea;MIHAI BRAVU;centrala;73.1700;;;628838;1987;2022-T4
apartament;Sosea;MIHAI BRAVU;centrala;73.1900;;;600000;1986;2022-T4
apartament;Sosea;MIHAI BRAVU;centrala;74.0800;;;608198;1985;2022-T1
apartament;Sosea;MIHAI BRAVU;centrala;39.0000;;;279081;1987;2022-T3
apartament;Sosea;MIHAI BRAVU;centrala;40.7400;;;285000;1987;2022-T2
apartament;Sosea;MIHAI BRAVU;centrala;57.8600;;;292986;1986;2022-T3
apartament;Sosea;MIHAI BRAVU;centrala;50.6200;;;197200;1987;2022-T3
apartament;Sosea;MIHAI BRAVU;centrala;50.8000;;;396000;1993;2022-T2
apartament;Sosea;MIHAI BRAVU;centrala;51.2300;;;449750;1982;2022-T1
apartament;Sosea;MIHAI BRAVU;centrala;56.5600;;;630564;1988;2022-T4
apartament;Sosea;MIHAI BRAVU;centrala;77.7100;;;717126;1989;2022-T4
apartament;Sosea;MIHAI BRAVU;centrala;51.3800;;;486050;1980;2022-T3
apartament;Sosea;MIHAI BRAVU;colentina;88.0400;;;662929;2010;2022-T2
apartament;Sosea;MIHAI BRAVU;colentina;87.8500;;;707506;2010;2022-T1
apartament;Sosea;MIHAI BRAVU;colentina;146.3600;;;866250;2020;2022-T4
apartament;Sosea;MIHAI BRAVU;colentina;70.0300;;;690326;2010;2022-T4
apartament;Sosea;MIHAI BRAVU;colentina;79.2000;;;593868;2010;2022-T1
apartament;Sosea;MIHAI BRAVU;colentina;88.7000;;;658234;2010;2022-T4
apartament;Sosea;MIHAI BRAVU;colentina;45.4500;;;277144;1964;2022-T4
apartament;Sosea;MIHAI BRAVU;colentina;46.9000;;;295584;1964;2022-T3
apartament;Sosea;MIHAI BRAVU;colentina;48.1200;;;25000;1964;2022-T4
apartament;Sosea;MIHAI BRAVU;colentina;61.3000;;;382060;1975;2022-T4
apartament;Sosea;MIHAI BRAVU;colentina;61.9000;;;412178;1974;2022-T3
apartament;Sosea;MIHAI BRAVU;colentina;62.3900;;;341943;1976;2022-T4
apartament;Sosea;MIHAI BRAVU;colentina;62.7000;;;385460;1975;2022-T4
apartament;Sosea;MIHAI BRAVU;colentina;60.1400;;;450450;1975;2022-T1
apartament;Sosea;MIHAI BRAVU;colentina;61.3900;;;395864;1975;2022-T1
apartament;Sosea;MIHAI BRAVU;colentina;59.5000;;;454949;1978;2022-T3
apartament;Sosea;MIHAI BRAVU;colentina;60.4000;;;445383;1977;2022-T1
apartament;Sosea;MIHAI BRAVU;colentina;60.7700;;;479551;1977;2022-T2
apartament;Sosea;MIHAI BRAVU;centrala;31.0000;;;249242;1979;2022-T4
apartament;Sosea;MIHAI BRAVU;centrala;48.2400;;;446400;1979;2022-T3
apartament;Sosea;MIHAI BRAVU;centrala;51.7600;;;408072;1979;2022-T3
apartament;Sosea;MIHAI BRAVU;colentina;89.5000;;;682216;1977;2022-T3
apartament;Sosea;MIHAI BRAVU;centrala;33.9900;;;197312;1964;2022-T3
apartament;Sosea;MIHAI BRAVU;centrala;46.9600;;;271958;1966;2022-T1
apartament;Sosea;MIHAI BRAVU;centrala;57.3500;;;355341;1966;2022-T3
apartament;Sosea;MIHAI BRAVU;centrala;57.8600;;;361138;1964;2022-T4
apartament;Sosea;MIHAI BRAVU;centrala;60.6300;;;400000;1965;2022-T1
apartament;Sosea;MIHAI BRAVU;centrala;66.0700;;;386310;1964;2022-T4
apartament;Sosea;MIHAI BRAVU;colentina;50.3300;;;358477;1982;2022-T1
apartament;Sosea;MIHAI BRAVU;colentina;67.6600;;;563730;1982;2022-T4
apartament;Sosea;MIHAI BRAVU;iancului;43.7600;;;256937;1964;2022-T3
apartament;Sosea;MIHAI BRAVU;iancului;44.3300;;;285925;1961;2022-T4
apartament;Sosea;MIHAI BRAVU;iancului;48.7100;;;299475;1961;2022-T4
apartament;Sosea;MIHAI BRAVU;iancului;58.2600;;;380000;1961;2022-T2
apartament;Sosea;MIHAI BRAVU;centrala;74.6600;;;573156;1981;2022-T2
apartament;Sosea;MIHAI BRAVU;centrala;34.2300;;;335852;1986;2022-T3
apartament;Sosea;MIHAI BRAVU;centrala;34.9000;;;246235;1982;2022-T3
apartament;Sosea;MIHAI BRAVU;centrala;109.7200;;;731895;1981;2022-T4
apartament;Sosea;MIHAI BRAVU;centrala;58.0300;;;391352;1966;2022-T4
apartament;Sosea;MIHAI BRAVU;centrala;58.2300;;;247055;1964;2022-T3
apartament;Sosea;MIHAI BRAVU;centrala;60.7300;;;277560;1966;2022-T3
apartament;Sosea;MIHAI BRAVU;centrala;62.3900;;;441306;1966;2022-T4
apartament;Sosea;MIHAI BRAVU;iancului;46.2600;;;346400;1970;2022-T3
apartament;Sosea;MIHAI BRAVU;iancului;58.2000;;;296817;1970;2022-T2
apartament;Sosea;MIHAI BRAVU;iancului;58.4600;;;338992;1962;2022-T1
apartament;Sosea;MIHAI BRAVU;iancului;43.8400;;;405306;1965;2022-T4
apartament;Sosea;MIHAI BRAVU;iancului;43.8900;;;216200;1963;2022-T1
apartament;Sosea;MIHAI BRAVU;iancului;58.1000;;;397719;1986;2022-T3
apartament;Sosea;MIHAI BRAVU;centrala;42.4800;;;194000;1963;2022-T3
apartament;Sosea;MIHAI BRAVU;centrala;43.0500;;;201617;1964;2022-T4
apartament;Sosea;MIHAI BRAVU;centrala;44.5000;;;183101;1963;2022-T1
apartament;Sosea;MIHAI BRAVU;centrala;26.4400;;;222066;1963;2022-T2
apartament;Sosea;MIHAI BRAVU;centrala;48.4000;;;297000;1962;2022-T4
apartament;Sosea;MIHAI BRAVU;centrala;70.0300;;;401275;1963;2022-T3
apartament;Sosea;MORARILOR;pantelimon;37.5500;;;335642;2022;2022-T4
teren;Sosea;MORARILOR;pantelimon;;;;;2022;2022-T2
apartament;Sosea;MORARILOR;pantelimon;66.9500;;;282670;2019;2022-T4
apartament;Sosea;MORARILOR;pantelimon;66.2600;;;693460;2019;2022-T2
casa;Sosea;MORARILOR;pantelimon;11.5000;;;49661;2022;2022-T3
teren;Sosea;MORARILOR;pantelimon;;;;68743;2022;2022-T4
casa;Sosea;MORARILOR;pantelimon;11.5000;;;50500;2022;2022-T3
apartament;Sosea;MORARILOR;pantelimon;37.7000;;;348888;2022;2022-T2
apartament;Sosea;MORARILOR;pantelimon;45.5600;;;397511;2022;2022-T3
apartament;Sosea;MORARILOR;pantelimon;49.9000;;;498411;2022;2022-T2
apartament;Sosea;MORARILOR;pantelimon;54.1200;;;437742;2022;2022-T3
apartament;Sosea;MORARILOR;pantelimon;37.7700;;;318661;2022;2022-T2
apartament;Sosea;MORARILOR;pantelimon;50.0000;;;;2022;2022-T2
apartament;Sosea;MORARILOR;pantelimon;;54.0600;;69160;2022;2022-T2
apartament;Sosea;MORARILOR;pantelimon;37.5400;;;310416;2022;2022-T3
apartament;Sosea;MORARILOR;pantelimon;37.6000;;;352996;2022;2022-T2
apartament;Sosea;MORARILOR;pantelimon;37.6700;;;315600;2022;2022-T2
apartament;Sosea;MORARILOR;pantelimon;37.7200;;;308454;2022;2022-T3
apartament;Sosea;MORARILOR;pantelimon;45.5200;;;362105;2022;2022-T3
apartament;Sosea;MORARILOR;pantelimon;45.5500;;;364250;2022;2022-T2
apartament;Sosea;MORARILOR;pantelimon;45.5800;;;390260;2022;2022-T4
apartament;Sosea;MORARILOR;pantelimon;49.7400;;;391298;2022;2022-T2
apartament;Sosea;MORARILOR;pantelimon;49.8100;;;440119;2022;2022-T2
apartament;Sosea;MORARILOR;pantelimon;49.8500;;;129584;2022;2022-T2
apartament;Sosea;MORARILOR;pantelimon;54.0300;;;510900;2022;2022-T4
apartament;Sosea;MORARILOR;pantelimon;54.0500;;;420785;2022;2022-T2
apartament;Sosea;MORARILOR;pantelimon;54.6100;;;453405;2022;2022-T3
apartament;Sosea;MORARILOR;pantelimon;54.0600;;;407319;2022;2022-T2
apartament;Sosea;MORARILOR;pantelimon;45.5200;;;368000;2022;2022-T2
apartament;Sosea;MORARILOR;pantelimon;;49.9300;;425111;2022;2022-T3
apartament;Sosea;MORARILOR;pantelimon;;49.9300;;467124;2022;2022-T2
apartament;Sosea;MORARILOR;pantelimon;54.7800;;;433812;2022;2022-T2
apartament;Sosea;MORARILOR;pantelimon;;45.6000;;135433;2022;2022-T2
apartament;Sosea;MORARILOR;pantelimon;45.4700;;;430768;2022;2022-T2
apartament;Sosea;MORARILOR;pantelimon;37.9800;;;367633;2022;2022-T2
apartament;Sosea;MORARILOR;pantelimon;37.9200;;;370238;2022;2022-T2
apartament;Sosea;MORARILOR;pantelimon;;;8.3800;457000;2022;2022-T2
apartament;Sosea;MORARILOR;pantelimon;;49.8000;;473163;2022;2022-T2
apartament;Sosea;MORARILOR;pantelimon;54.1100;;;433491;2022;2022-T2
apartament;Sosea;MORARILOR;pantelimon;;3.7000;;17130;2022;2022-T3
apartament;Sosea;MORARILOR;pantelimon;;11.5000;;49315;2022;2022-T3
apartament;Sosea;MORARILOR;pantelimon;;37.6500;;88710;2022;2022-T3
apartament;Sosea;MORARILOR;pantelimon;;45.5300;;409456;2022;2022-T3
apartament;Sosea;MORARILOR;pantelimon;;45.5500;;364200;2022;2022-T3
apartament;Sosea;MORARILOR;pantelimon;;49.7500;;446601;2022;2022-T2
apartament;Sosea;MORARILOR;pantelimon;;49.8900;;400769;2022;2022-T3
apartament;Sosea;MORARILOR;pantelimon;;49.9100;;470153;2022;2022-T3
apartament;Sosea;MORARILOR;pantelimon;;54.0200;;421392;2022;2022-T3
apartament;Sosea;MORARILOR;pantelimon;;54.0900;;424345;2022;2022-T2
apartament;Sosea;MORARILOR;pantelimon;37.5600;;;306000;2022;2022-T2
apartament;Sosea;MORARILOR;pantelimon;37.7500;;;318163;2022;2022-T3
apartament;Sosea;MORARILOR;pantelimon;37.7700;;;366696;2022;2022-T2
apartament;Sosea;MORARILOR;pantelimon;11.1000;;;319000;2022;2022-T2
apartament;Sosea;MORARILOR;pantelimon;45.4700;;;485100;2022;2022-T3
apartament;Sosea;MORARILOR;pantelimon;45.5000;;;360093;2022;2022-T2
apartament;Sosea;MORARILOR;pantelimon;45.5200;;;359412;2022;2022-T2
apartament;Sosea;MORARILOR;pantelimon;45.5700;;;369495;2022;2022-T3
apartament;Sosea;MORARILOR;pantelimon;45.5800;;;405964;2022;2022-T2
apartament;Sosea;MORARILOR;pantelimon;45.5900;;;455070;2022;2022-T3
apartament;Sosea;MORARILOR;pantelimon;45.6200;;;359245;2022;2022-T3
apartament;Sosea;MORARILOR;pantelimon;45.6200;;;384400;2022;2022-T2
apartament;Sosea;MORARILOR;pantelimon;45.6200;;;415878;2022;2022-T2
apartament;Sosea;MORARILOR;pantelimon;45.6500;;;410628;2022;2022-T2
apartament;Sosea;MORARILOR;pantelimon;45.7900;;;364653;2022;2022-T2
apartament;Sosea;MORARILOR;pantelimon;49.8700;;;408502;2022;2022-T2
apartament;Sosea;MORARILOR;pantelimon;50.0100;;;455190;2022;2022-T3
apartament;Sosea;MORARILOR;pantelimon;53.9500;;;482657;2022;2022-T2
apartament;Sosea;MORARILOR;pantelimon;54.0100;;;468554;2022;2022-T2
apartament;Sosea;MORARILOR;pantelimon;54.0500;;;475000;2022;2022-T2
apartament;Sosea;MORARILOR;pantelimon;54.6300;;;448201;2022;2022-T2
apartament;Sosea;MORARILOR;pantelimon;54.0900;;;421470;2022;2022-T2
apartament;Sosea;MORARILOR;pantelimon;37.6300;;;298279;2022;2022-T3
apartament;Sosea;MORARILOR;pantelimon;37.6700;;;270972;2022;2022-T3
apartament;Sosea;MORARILOR;pantelimon;54.6200;;;;2022;2022-T3
apartament;Sosea;MORARILOR;pantelimon;54.0200;;;428991;2022;2022-T2
apartament;Sosea;MORARILOR;pantelimon;49.8900;;;454887;2022;2022-T3
apartament;Sosea;MORARILOR;pantelimon;45.7000;;;365497;2022;2022-T2
apartament;Sosea;MORARILOR;pantelimon;49.8700;;;438964;2022;2022-T2
apartament;Sosea;MORARILOR;pantelimon;49.8500;;;457703;2022;2022-T3
apartament;Sosea;MORARILOR;pantelimon;54.2600;;;421000;2022;2022-T3
apartament;Sosea;MORARILOR;pantelimon;53.9900;;;390853;2022;2022-T3
apartament;Sosea;MORARILOR;pantelimon;;;6.3000;;2022;2022-T3
casa;Sosea;MORARILOR;pantelimon;11.5000;;;50372;2022;2022-T4
apartament;Sosea;MORARILOR;pantelimon;53.9500;;;500027;2022;2022-T4
apartament;Sosea;MORARILOR;pantelimon;45.3800;;;401530;2022;2022-T4
apartament;Sosea;MORARILOR;pantelimon;45.3900;;;426700;2022;2022-T4
apartament;Sosea;MORARILOR;pantelimon;49.6200;;;406759;2022;2022-T4
apartament;Sosea;MORARILOR;pantelimon;;;9.7400;408000;2022;2022-T4
apartament;Sosea;MORARILOR;pantelimon;99.9300;;;1046566;2022;2022-T4
apartament;Sosea;MORARILOR;pantelimon;100.0000;;;1112257;2022;2022-T4
apartament;Sosea;MORARILOR;pantelimon;45.4200;;;;2022;2022-T4
apartament;Sosea;MORARILOR;pantelimon;37.6600;;;412180;2022;2022-T4
apartament;Sosea;MORARILOR;pantelimon;54.5200;;;503988;2022;2022-T4
apartament;Sosea;MORARILOR;pantelimon;;53.8000;;418500;2022;2022-T4
apartament;Sosea;MORARILOR;pantelimon;37.5300;;;399561;2022;2022-T4
apartament;Sosea;MORARILOR;pantelimon;37.6000;;;400107;2022;2022-T4
apartament;Sosea;MORARILOR;pantelimon;45.3700;;;380383;2022;2022-T4
apartament;Sosea;MORARILOR;pantelimon;45.3800;;;379882;2022;2022-T4
apartament;Sosea;MORARILOR;pantelimon;45.4400;;;381258;2022;2022-T4
apartament;Sosea;MORARILOR;pantelimon;;;9.8000;449318;2022;2022-T4
apartament;Sosea;MORARILOR;pantelimon;49.6500;;;456633;2022;2022-T4
apartament;Sosea;MORARILOR;pantelimon;49.6600;;;435412;2022;2022-T4
apartament;Sosea;MORARILOR;pantelimon;105.1800;;;973777;2022;2022-T4
apartament;Sosea;MORARILOR;pantelimon;45.3500;;;441370;2022;2022-T4
apartament;Sosea;MORARILOR;pantelimon;45.3600;;;390000;2022;2022-T4
apartament;Sosea;PANTELIMON;iancului;66.8300;;;484862;1980;2022-T2
apartament;Sosea;PANTELIMON;iancului;67.5300;;;342132;1979;2022-T4
apartament;Sosea;PANTELIMON;iancului;51.3200;;;321288;1980;2022-T2
apartament;Sosea;PANTELIMON;iancului;51.4000;;;316563;1979;2022-T4
apartament;Sosea;PANTELIMON;iancului;27.8000;;;195197;1980;2022-T2
apartament;Sosea;PANTELIMON;iancului;28.4900;;;194502;1980;2022-T4
apartament;Sosea;PANTELIMON;iancului;30.5400;;;239634;1992;2022-T2
apartament;Sosea;PANTELIMON;iancului;31.0000;;;217177;1980;2022-T3
apartament;Sosea;PANTELIMON;iancului;31.1000;;;214929;1991;2022-T2
apartament;Sosea;PANTELIMON;iancului;27.6100;;;197844;1980;2022-T1
apartament;Sosea;PANTELIMON;iancului;27.8400;;;257046;1980;2022-T2
apartament;Sosea;PANTELIMON;iancului;28.2000;;;212850;1975;2022-T4
apartament;Sosea;PANTELIMON;iancului;30.9800;;;197468;1981;2022-T4
apartament;Sosea;PANTELIMON;iancului;31.0400;;;202950;1973;2022-T3
apartament;Sosea;PANTELIMON;iancului;66.1600;;;380000;1980;2022-T1
apartament;Sosea;PANTELIMON;iancului;65.9700;;;455300;1978;2022-T1
apartament;Sosea;PANTELIMON;colentina;31.8400;;;257547;1986;2022-T1
apartament;Sosea;PANTELIMON;iancului;53.8000;;;306900;1979;2022-T3
apartament;Sosea;PANTELIMON;iancului;;70.3500;;37798;1970;2022-T1
apartament;Sosea;PANTELIMON;iancului;31.4100;;;242328;1975;2022-T2
apartament;Sosea;PANTELIMON;iancului;35.1800;;;222583;1976;2022-T2
apartament;Sosea;PANTELIMON;iancului;48.8300;;;155090;1975;2022-T1
apartament;Sosea;PANTELIMON;iancului;50.8500;;;375189;1979;2022-T4
apartament;Sosea;PANTELIMON;iancului;67.6000;;;44483;1976;2022-T2
apartament;Sosea;PANTELIMON;pantelimon;34.1200;;;232500;1975;2022-T3
apartament;Sosea;PANTELIMON;pantelimon;70.4300;;;403530;1979;2022-T4
apartament;Sosea;PANTELIMON;colentina;68.7100;;;435000;1960;2022-T2
apartament;Sosea;PANTELIMON;colentina;22.9100;;;83354;1952;2022-T4
apartament;Sosea;PANTELIMON;pantelimon;44.9100;;;405358;1976;2022-T1
apartament;Sosea;PANTELIMON;pantelimon;46.5900;;;281985;1975;2022-T4
apartament;Sosea;PANTELIMON;pantelimon;67.3100;;;391050;1976;2022-T2
apartament;Sosea;PANTELIMON;pantelimon;67.5100;;;395776;1976;2022-T2
apartament;Sosea;PANTELIMON;pantelimon;30.7700;;;216713;1976;2022-T4
apartament;Sosea;PANTELIMON;pantelimon;49.2900;;;295116;1976;2022-T4
apartament;Sosea;PANTELIMON;pantelimon;49.4000;;;301474;1975;2022-T2
apartament;Sosea;PANTELIMON;pantelimon;49.5300;;;360000;1975;2022-T4
apartament;Sosea;PANTELIMON;pantelimon;58.3900;;;362152;1977;2022-T3
apartament;Sosea;PANTELIMON;pantelimon;85.6400;;;543609;1978;2022-T4
apartament;Sosea;PANTELIMON;pantelimon;33.6800;;;231800;1977;2022-T4
apartament;Sosea;PANTELIMON;pantelimon;46.2400;;;266959;1976;2022-T3
apartament;Sosea;PANTELIMON;pantelimon;49.0600;;;380754;1975;2022-T2
apartament;Sosea;PANTELIMON;pantelimon;53.2300;;;200000;1977;2022-T3
apartament;Sosea;PANTELIMON;pantelimon;58.1000;;;346283;1980;2022-T2
apartament;Sosea;PANTELIMON;pantelimon;83.4300;;;494570;1980;2022-T1
apartament;Sosea;PANTELIMON;pantelimon;77.1900;;;469252;1978;2022-T4
apartament;Sosea;PANTELIMON;pantelimon;28.8100;;;222421;1975;2022-T3
apartament;Sosea;PANTELIMON;pantelimon;47.8700;;;307355;1975;2022-T4
apartament;Sosea;PANTELIMON;pantelimon;48.7400;;;383299;1975;2022-T4
apartament;Sosea;PANTELIMON;pantelimon;69.1100;;;409107;1976;2022-T4
apartament;Sosea;PANTELIMON;pantelimon;83.4500;;;458651;1976;2022-T4
apartament;Sosea;PANTELIMON;pantelimon;19.7000;;;351372;1975;2022-T2
apartament;Sosea;PANTELIMON;pantelimon;35.5000;;;492670;1975;2022-T4
apartament;Sosea;PANTELIMON;pantelimon;49.5700;;;312592;1974;2022-T4
apartament;Sosea;PANTELIMON;pantelimon;67.2400;;;464510;1975;2022-T3
apartament;Sosea;PANTELIMON;pantelimon;61.2700;;;371159;1975;2022-T1
apartament;Sosea;PANTELIMON;pantelimon;29.1800;;;201913;1976;2022-T3
apartament;Sosea;PANTELIMON;pantelimon;50.9000;;;270000;1975;2022-T1
apartament;Sosea;PANTELIMON;pantelimon;72.7800;;;338513;1980;2022-T3
apartament;Sosea;PANTELIMON;pantelimon;76.3400;;;354349;1978;2022-T4
apartament;Sosea;PANTELIMON;pantelimon;48.7000;;;370177;1975;2022-T4
apartament;Sosea;PANTELIMON;pantelimon;49.6200;;;318647;1978;2022-T4
apartament;Sosea;PANTELIMON;pantelimon;49.9000;;;116747;1975;2022-T3
apartament;Sosea;PANTELIMON;pantelimon;50.6800;;;250000;1975;2022-T2
apartament;Sosea;PANTELIMON;pantelimon;64.2600;;;336600;1975;2022-T1
apartament;Sosea;PANTELIMON;pantelimon;32.0300;;;251813;1976;2022-T2
apartament;Sosea;PANTELIMON;pantelimon;32.8600;;;227654;1976;2022-T4
apartament;Sosea;PANTELIMON;pantelimon;85.7100;;;352673;1977;2022-T2
apartament;Sosea;PANTELIMON;pantelimon;89.7500;;;515981;1976;2022-T4
apartament;Sosea;PANTELIMON;pantelimon;26.9000;;;177840;1975;2022-T1
apartament;Sosea;PANTELIMON;pantelimon;27.0000;;;187573;1980;2022-T4
apartament;Sosea;PANTELIMON;pantelimon;32.9000;;;218573;1976;2022-T4
apartament;Sosea;PANTELIMON;pantelimon;43.4400;;;195896;1973;2022-T2
apartament;Sosea;PANTELIMON;pantelimon;50.6300;;;276847;1976;2022-T3
apartament;Sosea;PANTELIMON;pantelimon;51.4300;;;316800;1976;2022-T2
apartament;Sosea;PANTELIMON;pantelimon;79.5000;;;541000;1974;2022-T3
apartament;Sosea;PANTELIMON;pantelimon;80.6600;;;474787;1979;2022-T2
apartament;Sosea;PANTELIMON;pantelimon;31.7000;;;224996;1974;2022-T4
apartament;Sosea;PANTELIMON;pantelimon;49.7700;;;360767;1978;2022-T2
apartament;Sosea;PANTELIMON;pantelimon;31.8000;;;168300;1975;2022-T1
apartament;Sosea;PANTELIMON;pantelimon;49.4100;;;198000;1975;2022-T2
apartament;Sosea;PANTELIMON;pantelimon;50.7000;;;382355;2021;2022-T1
apartament;Sosea;PANTELIMON;pantelimon;63.0000;;;449594;2021;2022-T4
apartament;Sosea;PANTELIMON;pantelimon;12.5000;;;39401;2018;2022-T3
apartament;Sosea;PANTELIMON;pantelimon;66.3000;;;472047;2021;2022-T1
apartament;Sosea;PANTELIMON;pantelimon;53.4000;;;446263;2021;2022-T1
apartament;Sosea;PANTELIMON;pantelimon;62.9000;;;450000;2021;2022-T1
casa;Sosea;PANTELIMON;pantelimon;;;0.4300;15536;2022;2022-T1
apartament;Sosea;PANTELIMON;pantelimon;63.3400;;;645208;2017;2022-T1
apartament;Sosea;PANTELIMON;pantelimon;63.8000;;;543730;2017;2022-T2
apartament;Sosea;PANTELIMON;pantelimon;63.1200;;;486921;2018;2022-T4
apartament;Sosea;PANTELIMON;pantelimon;;50.8000;;424597;2021;2022-T1
apartament;Sosea;PANTELIMON;pantelimon;50.1000;;;472500;2021;2022-T1
apartament;Sosea;PANTELIMON;pantelimon;51.4000;;;484338;2021;2022-T2
apartament;Sosea;PANTELIMON;pantelimon;;;29.3000;580720;2022;2022-T4
apartament;Sosea;PANTELIMON;pantelimon;62.9000;;;533971;2021;2022-T1
apartament;Sosea;PANTELIMON;pantelimon;53.7000;;;593508;2021;2022-T1
apartament;Sosea;PANTELIMON;pantelimon;57.6200;;;341191;1974;2022-T2
apartament;Sosea;PANTELIMON;pantelimon;58.8000;;;474854;1974;2022-T2
apartament;Sosea;PANTELIMON;pantelimon;59.9900;;;321080;1974;2022-T4
apartament;Sosea;PANTELIMON;pantelimon;60.0300;;;469908;1974;2022-T2
apartament;Sosea;PANTELIMON;pantelimon;60.8300;;;318410;1974;2022-T4
apartament;Sosea;PANTELIMON;pantelimon;82.2500;;;484912;1974;2022-T4
apartament;Sosea;PANTELIMON;pantelimon;59.1600;;;331301;1974;2022-T2
apartament;Sosea;PANTELIMON;pantelimon;64.1900;;;395672;1979;2022-T1
apartament;Sosea;PANTELIMON;pantelimon;64.7600;;;413325;1976;2022-T2
apartament;Sosea;PANTELIMON;pantelimon;57.8300;;;400842;1986;2022-T1
apartament;Sosea;PANTELIMON;pantelimon;58.8500;;;325000;1975;2022-T3
apartament;Sosea;PANTELIMON;pantelimon;63.8000;;;280000;1975;2022-T4
apartament;Sosea;PANTELIMON;pantelimon;57.5000;;;182809;1974;2022-T3
apartament;Sosea;PANTELIMON;pantelimon;55.9300;;;350000;1974;2022-T1
apartament;Sosea;PANTELIMON;pantelimon;66.6000;;;380834;1974;2022-T1
apartament;Sosea;PANTELIMON;pantelimon;65.0400;;;425347;1977;2022-T1
teren;Sosea;PANTELIMON;pantelimon;;;;103815;2022;2022-T3
apartament;Sosea;PANTELIMON;pantelimon;50.6000;;;290947;1986;2022-T3
apartament;Sosea;PANTELIMON;pantelimon;51.7000;;;336321;1986;2022-T1
apartament;Sosea;PANTELIMON;pantelimon;51.1800;;;345030;1985;2022-T4
apartament;Sosea;PANTELIMON;colentina;;55.3000;;329002;1961;2022-T3
apartament;Sosea;PANTELIMON;pantelimon;60.2400;;;385429;1976;2022-T3
apartament;Sosea;PANTELIMON;pantelimon;60.3600;;;325968;1974;2022-T3
apartament;Sosea;PANTELIMON;pantelimon;60.5100;;;395758;1974;2022-T1
apartament;Sosea;PANTELIMON;pantelimon;64.3600;;;395696;1975;2022-T1
apartament;Sosea;PANTELIMON;pantelimon;64.8100;;;356256;1974;2022-T2
apartament;Sosea;PANTELIMON;pantelimon;61.4300;;;346500;1973;2022-T2
comercial;Sosea;PANTELIMON;pantelimon;68.7400;;;443583;2022;2022-T3
apartament;Sosea;PANTELIMON;pantelimon;54.4000;;;390000;1980;2022-T3
apartament;Sosea;PANTELIMON;pantelimon;79.6000;;;460000;1980;2022-T1
apartament;Sosea;PANTELIMON;pantelimon;98.1200;;;445991;1979;2022-T4
apartament;Sosea;PANTELIMON;pantelimon;99.9900;;;717344;1980;2022-T2
apartament;Sosea;PANTELIMON;pantelimon;80.1700;;;568227;1979;2022-T2
apartament;Sosea;PANTELIMON;pantelimon;33.4900;;;130000;1975;2022-T4
apartament;Sosea;PANTELIMON;pantelimon;50.0000;;;255538;1975;2022-T1
apartament;Sosea;PANTELIMON;pantelimon;50.8000;;;310000;1976;2022-T1
apartament;Sosea;PANTELIMON;pantelimon;81.7000;;;380826;1974;2022-T1
apartament;Sosea;PANTELIMON;pantelimon;22.6500;;;98944;1974;2022-T2
apartament;Sosea;PANTELIMON;pantelimon;22.6500;;;118770;1974;2022-T3
apartament;Sosea;PANTELIMON;pantelimon;36.9500;;;98864;1974;2022-T2
apartament;Sosea;PANTELIMON;pantelimon;37.3100;;;137324;1974;2022-T3
apartament;Sosea;PANTELIMON;pantelimon;37.7000;;;202699;1974;2022-T1
apartament;Sosea;PANTELIMON;pantelimon;37.7700;;;239424;1974;2022-T4
apartament;Sosea;PANTELIMON;pantelimon;37.9100;;;282070;1975;2022-T2
apartament;Sosea;PANTELIMON;pantelimon;37.9300;;;232307;1978;2022-T3
apartament;Sosea;PANTELIMON;pantelimon;22.8800;;;153292;1975;2022-T2
apartament;Sosea;PANTELIMON;pantelimon;22.5200;;;142506;1970;2022-T4
apartament;Sosea;PANTELIMON;pantelimon;22.7400;;;163254;1975;2022-T4
apartament;Sosea;PANTELIMON;pantelimon;;22.0300;;151887;1974;2022-T4
apartament;Sosea;PANTELIMON;pantelimon;19.4800;;;148950;1974;2022-T2
apartament;Sosea;PANTELIMON;pantelimon;22.4100;;;158400;1975;2022-T1
apartament;Sosea;PANTELIMON;pantelimon;22.4500;;;;1975;2022-T4
apartament;Sosea;PANTELIMON;pantelimon;22.4700;;;158234;1974;2022-T2
apartament;Sosea;PANTELIMON;pantelimon;23.0500;;;145012;1974;2022-T1
apartament;Sosea;PANTELIMON;pantelimon;23.2100;;;126000;1974;2022-T4
apartament;Sosea;PANTELIMON;pantelimon;37.1000;;;231550;1974;2022-T4
apartament;Sosea;PANTELIMON;pantelimon;37.9300;;;220474;1975;2022-T3
apartament;Sosea;PANTELIMON;pantelimon;38.2800;;;188200;1974;2022-T2
apartament;Sosea;PANTELIMON;pantelimon;38.8500;;;240075;1974;2022-T4
apartament;Sosea;PANTELIMON;pantelimon;41.5000;;;182850;1975;2022-T2
apartament;Sosea;PANTELIMON;pantelimon;14.7700;;;88258;1972;2022-T4
apartament;Sosea;PANTELIMON;pantelimon;68.0300;;;405621;1977;2022-T2
apartament;Sosea;PANTELIMON;pantelimon;45.4700;;;251476;1974;2022-T4
apartament;Sosea;PANTELIMON;pantelimon;47.5800;;;296532;1974;2022-T2
apartament;Sosea;PANTELIMON;pantelimon;48.3000;;;148500;1974;2022-T3
apartament;Sosea;PANTELIMON;pantelimon;49.2000;;;275000;1974;2022-T4
apartament;Sosea;PANTELIMON;pantelimon;49.6400;;;306160;1974;2022-T1
apartament;Sosea;PANTELIMON;pantelimon;61.6000;;;420155;1974;2022-T2
apartament;Sosea;PANTELIMON;pantelimon;80.8000;;;45000;1977;2022-T4
apartament;Sosea;PANTELIMON;pantelimon;80.9400;;;460491;1975;2022-T4
apartament;Sosea;PANTELIMON;pantelimon;60.1000;;;360000;1976;2022-T1
apartament;Sosea;PANTELIMON;pantelimon;60.2700;;;417813;1974;2022-T3
apartament;Sosea;PANTELIMON;pantelimon;60.5200;;;346059;1974;2022-T2
apartament;Sosea;PANTELIMON;pantelimon;64.3600;;;222181;1976;2022-T3
apartament;Sosea;PANTELIMON;pantelimon;59.9900;;;260760;1974;2022-T4
apartament;Sosea;PANTELIMON;pantelimon;60.6600;;;332399;1974;2022-T3
apartament;Sosea;PANTELIMON;pantelimon;60.7800;;;247395;1974;2022-T2
apartament;Sosea;PANTELIMON;pantelimon;61.1000;;;245000;1974;2022-T4
apartament;Sosea;PANTELIMON;pantelimon;62.0100;;;344463;1971;2022-T4
apartament;Sosea;PANTELIMON;pantelimon;62.1000;;;345067;1974;2022-T3
apartament;Sosea;PANTELIMON;pantelimon;62.2500;;;375000;1980;2022-T3
apartament;Sosea;PANTELIMON;pantelimon;62.4300;;;351145;1976;2022-T1
apartament;Sosea;PANTELIMON;pantelimon;31.5000;;;191180;1974;2022-T3
apartament;Sosea;PANTELIMON;pantelimon;102.4200;;;450000;1978;2022-T4
comercial;Sosea;PANTELIMON;pantelimon;42.0000;;;321587;1977;2022-T1
apartament;Sosea;PANTELIMON;pantelimon;55.2300;;;305768;1977;2022-T3
apartament;Sosea;PANTELIMON;pantelimon;31.5000;;;190411;1975;2022-T2
apartament;Sosea;PANTELIMON;pantelimon;49.3800;;;321475;1975;2022-T2
apartament;Sosea;PANTELIMON;pantelimon;49.8100;;;321678;1977;2022-T1
apartament;Sosea;PANTELIMON;pantelimon;50.0500;;;345429;1975;2022-T3
apartament;Sosea;PANTELIMON;pantelimon;40.5100;;;250000;1975;2022-T1
apartament;Sosea;PANTELIMON;pantelimon;47.0200;;;112498;1976;2022-T4
apartament;Sosea;PANTELIMON;iancului;66.9000;;;395520;1980;2022-T1
apartament;Sosea;PANTELIMON;iancului;38.2200;;;197368;1935;2022-T2
apartament;Sosea;PANTELIMON;iancului;30.0600;;;257186;1990;2022-T1
apartament;Sosea;PANTELIMON;iancului;57.0000;;;324312;1984;2022-T4
apartament;Sosea;PANTELIMON;iancului;50.7000;;;356032;1980;2022-T3
apartament;Sosea;PANTELIMON;iancului;53.2600;;;415600;1980;2022-T3
apartament;Sosea;PANTELIMON;iancului;53.5000;;;376200;1980;2022-T1
apartament;Sosea;PANTELIMON;iancului;51.3000;;;321000;1981;2022-T3
apartament;Sosea;PANTELIMON;iancului;79.4000;;;504065;1981;2022-T2
apartament;Sosea;PANTELIMON;iancului;30.8600;;;268058;1980;2022-T4
apartament;Sosea;PANTELIMON;iancului;52.9000;;;284568;1991;2022-T2
apartament;Sosea;PIPERA;pipera sud;48.9000;;;460175;2020;2022-T3
apartament;Sosea;PIPERA;pipera sud;50.0000;;;647110;2021;2022-T3
apartament;Sosea;PIPERA;pipera sud;55.4000;;;664836;2021;2022-T3
apartament;Sosea;PIPERA;pipera sud;;50.1000;;652138;2021;2022-T3
apartament;Sosea;PIPERA;pipera sud;;50.1000;;593795;2021;2022-T3
apartament;Sosea;PIPERA;pipera sud;49.9000;;;653768;2021;2022-T4
apartament;Sosea;PIPERA;pipera sud;50.1000;;;548495;2021;2022-T3
apartament;Sosea;PIPERA;pipera sud;55.1000;;;590560;2021;2022-T3
apartament;Sosea;PIPERA;pipera sud;77.4000;;;717063;2021;2022-T3
apartament;Sosea;PIPERA;pipera sud;96.8000;;;1243054;2021;2022-T3
apartament;Sosea;PIPERA;pipera sud;50.0000;;;647828;2021;2022-T3
casa;Sosea;PIPERA;pipera sud;;12.0000;;123250;2021;2022-T3
apartament;Sosea;PIPERA;pipera sud;49.7000;;;646790;2021;2022-T4
apartament;Sosea;PIPERA;pipera sud;50.0000;;;723975;2021;2022-T4
apartament;Sosea;PIPERA;pipera sud;49.9000;;;570620;2021;2022-T4
apartament;Sosea;PIPERA;pipera sud;49.9000;;;577551;2021;2022-T4
apartament;Sosea;PIPERA;pipera sud;51.0000;;;450435;2021;2022-T3
apartament;Sosea;PIPERA;pipera sud;60.2000;;;650591;2021;2022-T3
apartament;Sosea;PIPERA;pipera sud;96.4000;;;165709;2021;2022-T3
apartament;Sosea;PIPERA;pipera sud;;77.1000;;11268;2021;2022-T3
apartament;Sosea;PIPERA;pipera sud;49.9000;;;726265;2021;2022-T3
apartament;Sosea;PIPERA;pipera sud;50.0000;;;693607;2021;2022-T3
apartament;Sosea;PIPERA;pipera sud;50.0000;;;726216;2021;2022-T3
apartament;Sosea;PIPERA;pipera sud;50.0000;;;653330;2022;2022-T4
apartament;Sosea;PIPERA;pipera sud;50.1000;;;472495;2022;2022-T4
apartament;Sosea;PIPERA;pipera sud;;;17.0400;1173292;2022;2022-T3
apartament;Sosea;PIPERA;pipera sud;50.0000;;;634339;2021;2022-T4
apartament;Sosea;PIPERA;pipera sud;51.1000;;;507568;2021;2022-T3
apartament;Sosea;PIPERA;pipera sud;54.0000;;;719811;2021;2022-T3
apartament;Sosea;PIPERA;pipera sud;55.1000;;;648932;2021;2022-T3
apartament;Sosea;PIPERA;pipera sud;55.1000;;;713677;2021;2022-T3
apartament;Sosea;PIPERA;pipera sud;55.2000;;;588020;2021;2022-T3
apartament;Sosea;PIPERA;pipera sud;55.6000;;;567679;2021;2022-T4
apartament;Sosea;PIPERA;pipera sud;57.0000;;;704992;2021;2022-T3
apartament;Sosea;PIPERA;pipera sud;49.8000;;;532780;2021;2022-T3
apartament;Sosea;PIPERA;pipera sud;49.8000;;;592170;2021;2022-T3
apartament;Sosea;PIPERA;pipera sud;49.8000;;;554411;2022;2022-T3
apartament;Sosea;PIPERA;pipera sud;77.0000;;;720821;2021;2022-T3
apartament;Sosea;PIPERA;pipera sud;59.3000;;;700930;2021;2022-T4
apartament;Sosea;PIPERA;pipera sud;;;14.3600;204245;2022;2022-T3
apartament;Sosea;PIPERA;pipera sud;97.1000;;;1275281;2021;2022-T3
apartament;Sosea;PIPERA;pipera sud;77.2000;;;966706;2021;2022-T3
apartament;Sosea;PIPERA;pipera sud;83.5000;;;1188720;2021;2022-T3
apartament;Sosea;PIPERA;pipera sud;;96.8000;;1173613;2021;2022-T3
apartament;Sosea;PIPERA;pipera sud;;50.1000;;723918;2021;2022-T4
apartament;Sosea;PIPERA;pipera sud;;50.1000;;712059;2021;2022-T3
apartament;Sosea;PIPERA;pipera sud;50.0000;;;726356;2021;2022-T3
apartament;Sosea;PIPERA;pipera sud;49.7100;;;555037;2021;2022-T3
apartament;Sosea;PIPERA;pipera sud;49.8000;;;602423;2021;2022-T3
apartament;Sosea;PIPERA;pipera sud;49.9000;;;610732;2021;2022-T3
apartament;Sosea;PIPERA;pipera sud;;;9.5800;486714;2022;2022-T3
apartament;Sosea;PIPERA;pipera sud;50.0000;;;486697;2021;2022-T3
apartament;Sosea;PIPERA;pipera sud;50.1000;;;555241;2021;2022-T3
apartament;Sosea;PIPERA;pipera sud;;;16.5900;588013;2021;2022-T4
apartament;Sosea;PIPERA;pipera sud;50.2000;;;464472;2021;2022-T3
apartament;Sosea;PIPERA;pipera sud;51.0000;;;149163;2021;2022-T3
apartament;Sosea;PIPERA;pipera sud;55.3000;;;579007;2021;2022-T3
apartament;Sosea;PIPERA;pipera sud;55.4000;;;731490;2021;2022-T4
apartament;Sosea;PIPERA;pipera sud;;;10.8400;596260;2022;2022-T3
apartament;Sosea;PIPERA;pipera sud;55.5000;;;619554;2021;2022-T4
apartament;Sosea;PIPERA;pipera sud;55.8000;;;578592;2021;2022-T3
apartament;Sosea;PIPERA;pipera sud;57.0000;;;643700;2021;2022-T3
apartament;Sosea;PIPERA;pipera sud;60.3000;;;549053;2021;2022-T3
apartament;Sosea;PIPERA;pipera sud;;;13.9500;614812;2021;2022-T3
apartament;Sosea;PIPERA;pipera sud;83.5000;;;1227821;2021;2022-T3
apartament;Sosea;PIPERA;pipera sud;83.5000;;;1288703;2021;2022-T3
apartament;Sosea;PIPERA;pipera sud;83.6000;;;1190121;2021;2022-T3
apartament;Sosea;PIPERA;pipera sud;96.5000;;;1354535;2021;2022-T3
apartament;Sosea;PIPERA;pipera sud;96.6000;;;984890;2021;2022-T4
apartament;Sosea;PIPERA;pipera sud;96.6000;;;1164978;2021;2022-T3
apartament;Sosea;PIPERA;pipera sud;;40.5000;;424174;2021;2022-T3
apartament;Sosea;PIPERA;pipera sud;;40.6000;;503514;2021;2022-T3
apartament;Sosea;PIPERA;pipera sud;;;13.4200;654045;2021;2022-T3
apartament;Sosea;PIPERA;pipera sud;;;8.5300;665121;2022;2022-T3
apartament;Sosea;PIPERA;pipera sud;;50.1000;;635637;2021;2022-T3
apartament;Sosea;PIPERA;pipera sud;;77.8000;;720566;2021;2022-T3
apartament;Sosea;PIPERA;pipera sud;40.4000;;;439372;2021;2022-T3
apartament;Sosea;PIPERA;pipera sud;40.5000;;;550344;2021;2022-T3
apartament;Sosea;PIPERA;pipera sud;40.5000;;;448560;2021;2022-T3
apartament;Sosea;PIPERA;pipera sud;40.6000;;;377126;2021;2022-T3
apartament;Sosea;PIPERA;pipera sud;40.6000;;;437384;2021;2022-T3
apartament;Sosea;PIPERA;pipera sud;40.6000;;;439582;2021;2022-T3
apartament;Sosea;PIPERA;pipera sud;40.6000;;;458605;2021;2022-T3
apartament;Sosea;PIPERA;pipera sud;49.9000;;;624555;2021;2022-T3
apartament;Sosea;PIPERA;pipera sud;49.9000;;;769695;2021;2022-T4
apartament;Sosea;PIPERA;pipera sud;49.9000;;;849654;2021;2022-T4
apartament;Sosea;PIPERA;pipera sud;50.0000;;;569385;2021;2022-T3
apartament;Sosea;PIPERA;pipera sud;50.0000;;;711408;2021;2022-T3
apartament;Sosea;PIPERA;pipera sud;50.0000;;;732122;2021;2022-T3
apartament;Sosea;PIPERA;pipera sud;50.1000;;;542245;2021;2022-T3
apartament;Sosea;PIPERA;pipera sud;50.1000;;;581962;2021;2022-T4
apartament;Sosea;PIPERA;pipera sud;50.1000;;;670383;2021;2022-T3
apartament;Sosea;PIPERA;pipera sud;50.1000;;;680024;2021;2022-T4
apartament;Sosea;PIPERA;pipera sud;50.3000;;;612516;2021;2022-T3
apartament;Sosea;PIPERA;pipera sud;;;8.6400;735300;2022;2022-T4
apartament;Sosea;PIPERA;pipera sud;51.1000;;;557146;2021;2022-T3
apartament;Sosea;PIPERA;pipera sud;55.2000;;;609039;2021;2022-T3
apartament;Sosea;PIPERA;pipera sud;55.2000;;;594834;2021;2022-T3
apartament;Sosea;PIPERA;pipera sud;55.2000;;;605722;2022;2022-T3
apartament;Sosea;PIPERA;pipera sud;55.4000;;;472497;2021;2022-T4
apartament;Sosea;PIPERA;pipera sud;55.4000;;;719751;2021;2022-T3
apartament;Sosea;PIPERA;pipera sud;77.1000;;;956831;2021;2022-T3
apartament;Sosea;PIPERA;pipera sud;77.1000;;;968154;2021;2022-T3
apartament;Sosea;PIPERA;pipera sud;77.4000;;;1008702;2021;2022-T3
apartament;Sosea;PIPERA;pipera sud;77.6000;;;1161075;2021;2022-T3
apartament;Sosea;PIPERA;pipera sud;;;;1191767;2021;2022-T3
apartament;Sosea;PIPERA;pipera sud;;50.0000;;451627;2021;2022-T4
apartament;Sosea;PIPERA;pipera sud;;50.0000;;627014;2021;2022-T3
apartament;Sosea;PIPERA;pipera sud;;50.0000;;657457;2021;2022-T3
apartament;Sosea;PIPERA;pipera sud;;50.0000;;725871;2021;2022-T4
apartament;Sosea;PIPERA;pipera sud;;;18.3900;566189;2021;2022-T3
apartament;Sosea;PIPERA;pipera sud;50.0000;;;530701;2021;2022-T3
apartament;Sosea;PIPERA;pipera sud;50.0000;;;561890;2021;2022-T3
apartament;Sosea;PIPERA;pipera sud;50.0000;;;585973;2021;2022-T3
apartament;Sosea;PIPERA;pipera sud;50.0000;;;621983;2021;2022-T3
apartament;Sosea;PIPERA;pipera sud;50.0000;;;622125;2021;2022-T3
apartament;Sosea;PIPERA;pipera sud;50.0000;;;713832;2021;2022-T3
apartament;Sosea;PIPERA;pipera sud;50.0000;;;721386;2021;2022-T4
apartament;Sosea;PIPERA;pipera sud;50.0000;;;520840;2022;2022-T3
apartament;Sosea;PIPERA;pipera sud;50.0000;;;627917;2022;2022-T3
apartament;Sosea;PIPERA;pipera sud;50.0000;;;682133;2022;2022-T3
apartament;Sosea;PIPERA;pipera sud;50.1000;;;559582;2022;2022-T3
apartament;Sosea;PIPERA;pipera sud;55.2000;;;713045;2021;2022-T3
apartament;Sosea;PIPERA;pipera sud;57.1000;;;459160;2021;2022-T3
apartament;Sosea;PIPERA;pipera sud;57.1000;;;571538;2021;2022-T3
apartament;Sosea;PIPERA;pipera sud;83.5000;;;1238048;2021;2022-T3
apartament;Sosea;PIPERA;pipera sud;96.8000;;;1318325;2021;2022-T3
apartament;Sosea;PIPERA;pipera sud;96.8000;;;1331887;2021;2022-T3
apartament;Sosea;PIPERA;pipera sud;;49.8000;;523566;2021;2022-T3
apartament;Sosea;PIPERA;pipera sud;;77.2000;;724222;2021;2022-T4
apartament;Sosea;PIPERA;pipera sud;;77.2000;;724565;2021;2022-T3
apartament;Sosea;PIPERA;pipera sud;;77.5000;;1026803;2021;2022-T3
apartament;Sosea;PIPERA;pipera sud;40.1000;;;441790;2021;2022-T3
apartament;Sosea;PIPERA;pipera sud;40.2000;;;374885;2021;2022-T3
apartament;Sosea;PIPERA;pipera sud;40.2000;;;450011;2021;2022-T3
apartament;Sosea;PIPERA;pipera sud;45.4000;;;450015;2021;2022-T3
apartament;Sosea;PIPERA;pipera sud;49.8000;;;562688;2021;2022-T3
apartament;Sosea;PIPERA;pipera sud;49.8000;;;575526;2021;2022-T3
apartament;Sosea;PIPERA;pipera sud;49.8000;;;714031;2021;2022-T3
apartament;Sosea;PIPERA;pipera sud;49.8000;;;716929;2021;2022-T4
apartament;Sosea;PIPERA;pipera sud;77.2000;;;722187;2021;2022-T3
apartament;Sosea;PIPERA;pipera sud;77.2000;;;722290;2021;2022-T3
apartament;Sosea;PIPERA;pipera sud;77.2000;;;725999;2021;2022-T3
apartament;Sosea;PIPERA;pipera sud;77.4000;;;1039032;2021;2022-T3
apartament;Sosea;PIPERA;pipera sud;77.5000;;;719119;2021;2022-T3
apartament;Sosea;PIPERA;pipera sud;77.5000;;;1003927;2021;2022-T3
apartament;Sosea;PIPERA;pipera sud;77.5000;;;1174684;2021;2022-T3
apartament;Sosea;PIPERA;pipera sud;77.5000;;;814655;2022;2022-T3
apartament;Sosea;PIPERA;pipera sud;118.1000;;;1686663;2021;2022-T3
apartament;Sosea;PIPERA;pipera sud;49.8100;;;823587;2021;2022-T4
apartament;Sosea;PIPERA;pipera sud;59.5000;;;;2021;2022-T4
apartament;Sosea;PIPERA;pipera sud;55.7000;;;584550;2021;2022-T4
apartament;Sosea;PIPERA;pipera sud;83.5000;;;1161310;2021;2022-T3
apartament;Sosea;PIPERA;pipera sud;;;13.9500;728551;2021;2022-T3
apartament;Sosea;PIPERA;pipera sud;49.9000;;;668114;2021;2022-T3
apartament;Sosea;PIPERA;pipera sud;54.9000;;;690441;2021;2022-T3
apartament;Sosea;PIPERA;pipera sud;55.3100;;;678011;2021;2022-T3
apartament;Sosea;PIPERA;pipera sud;50.0000;;;719396;2022;2022-T3
apartament;Sosea;PIPERA;pipera sud;;;15.5100;695041;2022;2022-T4
apartament;Sosea;PIPERA;pipera sud;55.1000;;;511662;2021;2022-T3
apartament;Sosea;PIPERA;pipera sud;49.8000;;;555021;2021;2022-T3
apartament;Sosea;PIPERA;pipera sud;40.1000;;;460968;2021;2022-T3
apartament;Sosea;PIPERA;pipera sud;50.0000;;;613888;2021;2022-T3
apartament;Sosea;PIPERA;pipera sud;40.1000;;;467615;2021;2022-T3
apartament;Sosea;PIPERA;pipera sud;49.9000;;;460130;2021;2022-T3
apartament;Sosea;PIPERA;pipera sud;40.1000;;;455522;2021;2022-T3
apartament;Sosea;PIPERA;pipera sud;50.5000;;;462079;2021;2022-T3
apartament;Sosea;PIPERA;pipera sud;49.9000;;;505248;2001;2022-T3
apartament;Sosea;PIPERA;pipera sud;55.4000;;;;2021;2022-T3
apartament;Sosea;PIPERA;pipera sud;;50.5000;;422595;2021;2022-T4
apartament;Sosea;PIPERA;pipera sud;50.1000;;;642393;2021;2022-T3
apartament;Sosea;PIPERA;pipera sud;55.2000;;;634375;2021;2022-T3
apartament;Sosea;PIPERA;pipera sud;51.1000;;;578562;2021;2022-T4
apartament;Sosea;PIPERA;pipera sud;77.4200;;;850776;2021;2022-T3
apartament;Sosea;PIPERA;pipera sud;;;12.1000;627041;2022;2022-T3
apartament;Sosea;PIPERA;pipera sud;;50.0000;;555805;2021;2022-T3
apartament;Sosea;PIPERA;pipera sud;64.1000;;;692028;2020;2022-T2
apartament;Sosea;PIPERA;pipera sud;58.5000;;;664387;2020;2022-T2
apartament;Sosea;PIPERA;pipera sud;;;16.1500;692380;2022;2022-T4
apartament;Sosea;PIPERA;pipera sud;42.0000;;;469934;2020;2022-T1
apartament;Sosea;PIPERA;pipera sud;;;5.7200;494319;2022;2022-T2
apartament;Sosea;PIPERA;pipera sud;46.5000;;;613187;2020;2022-T3
apartament;Sosea;PIPERA;pipera sud;83.5000;;;906699;2020;2022-T2
apartament;Sosea;PIPERA;pipera sud;84.1000;;;906935;2020;2022-T1
apartament;Sosea;PIPERA;pipera sud;46.1000;;;615519;2020;2022-T4
apartament;Sosea;PIPERA;pipera sud;46.4000;;;249282;2020;2022-T3
apartament;Sosea;PIPERA;pipera sud;57.2000;;;675142;2020;2022-T3
apartament;Sosea;PIPERA;pipera sud;81.5000;;;686728;2020;2022-T4
apartament;Sosea;PIPERA;pipera sud;83.8000;;;727503;2020;2022-T1
apartament;Sosea;PIPERA;pipera sud;41.8000;;;389582;2020;2022-T1
apartament;Sosea;PIPERA;pipera sud;83.8000;;;906932;2020;2022-T1
apartament;Sosea;PIPERA;pipera sud;41.8000;;;473573;2020;2022-T4
apartament;Sosea;PIPERA;pipera sud;;;5.2300;642615;2022;2022-T2
apartament;Sosea;PIPERA;pipera sud;53.1000;;;703278;2020;2022-T2
apartament;Sosea;PIPERA;pipera sud;66.9000;;;726302;2020;2022-T3
apartament;Sosea;PIPERA;pipera sud;82.8000;;;926845;2020;2022-T1
apartament;Sosea;PIPERA;pipera sud;89.4000;;;1321281;2020;2022-T3
apartament;Sosea;PIPERA;pipera sud;56.6000;;;83125;2020;2022-T1
apartament;Sosea;PIPERA;pipera sud;;44.3000;;608075;2020;2022-T3
apartament;Sosea;PIPERA;pipera sud;46.3000;;;625568;2020;2022-T3
apartament;Sosea;PIPERA;pipera sud;53.4000;;;724343;2020;2022-T2
apartament;Sosea;PIPERA;pipera sud;83.4000;;;727270;2020;2022-T1
apartament;Sosea;PIPERA;pipera sud;84.1000;;;726701;2020;2022-T2
apartament;Sosea;PIPERA;pipera sud;84.1000;;;727049;2020;2022-T1
apartament;Sosea;PIPERA;pipera sud;;45.6000;;590318;2020;2022-T3
apartament;Sosea;PIPERA;pipera sud;42.0000;;;611273;2020;2022-T3
apartament;Sosea;PIPERA;pipera sud;46.4000;;;439091;2020;2022-T3
apartament;Sosea;PIPERA;pipera sud;46.4000;;;439340;2020;2022-T1
apartament;Sosea;PIPERA;pipera sud;92.3000;;;719605;2020;2022-T4
apartament;Sosea;PIPERA;pipera sud;93.5000;;;726978;2020;2022-T3
apartament;Sosea;PIPERA;pipera sud;;11.9000;;58839;2020;2022-T2
apartament;Sosea;PIPERA;pipera sud;;58.6000;;691074;2020;2022-T2
apartament;Sosea;PIPERA;pipera sud;41.8000;;;457034;2020;2022-T1
apartament;Sosea;PIPERA;pipera sud;;;5.8800;462339;2020;2022-T1
apartament;Sosea;PIPERA;pipera sud;46.3000;;;430973;2020;2022-T1
apartament;Sosea;PIPERA;pipera sud;54.4000;;;456862;2020;2022-T3
apartament;Sosea;PIPERA;pipera sud;64.6000;;;660569;2020;2022-T1
apartament;Sosea;PIPERA;pipera sud;82.8000;;;727402;2020;2022-T1
apartament;Sosea;PIPERA;pipera sud;46.1000;;;431283;2020;2022-T3
apartament;Sosea;PIPERA;pipera sud;54.4000;;;465907;2020;2022-T2
apartament;Sosea;PIPERA;pipera sud;54.6000;;;614175;2020;2022-T4
apartament;Sosea;PIPERA;pipera sud;54.7000;;;465890;2020;2022-T2
apartament;Sosea;PIPERA;pipera sud;64.1000;;;727136;2020;2022-T1
apartament;Sosea;PIPERA;pipera sud;87.4000;;;1312080;2020;2022-T2
apartament;Sosea;PIPERA;pipera sud;83.8000;;;726959;2020;2022-T1
apartament;Sosea;PIPERA;pipera sud;54.5000;;;729594;2020;2022-T2
apartament;Sosea;PIPERA;pipera sud;;;15.1100;727341;2020;2022-T1
apartament;Sosea;PIPERA;pipera sud;;;10.7000;982620;2022;2022-T1
apartament;Sosea;PIPERA;pipera sud;;;21.8400;1053322;2020;2022-T1
apartament;Sosea;PIPERA;pipera sud;42.0000;;;457297;2020;2022-T1
apartament;Sosea;PIPERA;pipera sud;;;9.7000;561711;2020;2022-T4
apartament;Sosea;PIPERA;pipera sud;92.3000;;;726723;2020;2022-T4
teren;Sosea;PIPERA;pipera sud;;;;132859;2020;2022-T4
apartament;Sosea;PIPERA;pipera sud;;;6.1900;472493;2022;2022-T1
casa;Sosea;PIPERA;pipera sud;;;5.8700;451912;2022;2022-T1
teren;Sosea;PIPERA;pipera sud;;;;;2022;2022-T4
teren;Sosea;PIPERA;pipera sud;;;90.0000;188012;2022;2022-T3
apartament;Sosea;PIPERA;-;46.4000;;;440990;2020;2022-T2
apartament;Sosea;STEFAN CEL MARE;centrala;48.2000;;;344048;1982;2022-T3
apartament;Sosea;STEFAN CEL MARE;centrala;48.3500;;;197708;1991;2022-T3
apartament;Sosea;STEFAN CEL MARE;centrala;;84.6200;;544390;1980;2022-T2
apartament;Sosea;STEFAN CEL MARE;tei;;66.7900;;281428;1965;2022-T3
apartament;Sosea;STEFAN CEL MARE;tei;43.1600;;;335246;1961;2022-T3
apartament;Sosea;STEFAN CEL MARE;tei;43.4500;;;414953;1960;2022-T3
apartament;Sosea;STEFAN CEL MARE;tei;52.7800;;;415565;1968;2022-T4
apartament;Sosea;STEFAN CEL MARE;tei;58.0300;;;302151;1960;2022-T3
apartament;Sosea;STEFAN CEL MARE;tei;45.7500;;;420444;1991;2022-T2
apartament;Sosea;STEFAN CEL MARE;tei;57.9000;;;395824;1962;2022-T2
apartament;Sosea;STEFAN CEL MARE;centrala;63.4600;;;593700;1984;2022-T1
apartament;Sosea;STEFAN CEL MARE;tei;57.0900;;;394707;1961;2022-T4
apartament;Sosea;STEFAN CEL MARE;tei;59.3200;;;498354;1961;2022-T1
apartament;Sosea;STEFAN CEL MARE;tei;50.5800;;;470640;1978;2022-T3
apartament;Sosea;STEFAN CEL MARE;tei;56.0900;;;97786;2007;2022-T3
apartament;Sosea;STEFAN CEL MARE;tei;44.1900;;;88196;2007;2022-T3
apartament;Sosea;STEFAN CEL MARE;tei;44.1900;;;78040;2007;2022-T2
apartament;Sosea;STEFAN CEL MARE;tei;56.0900;;;97786;2007;2022-T2
apartament;Sosea;STEFAN CEL MARE;tei;44.1900;;;84841;2007;2022-T2
apartament;Sosea;STEFAN CEL MARE;tei;56.1000;;;104393;2007;2022-T2
apartament;Sosea;STEFAN CEL MARE;tei;56.3800;;;105323;2007;2022-T2
apartament;Sosea;STEFAN CEL MARE;tei;56.3800;;;112249;2007;2022-T3
apartament;Sosea;STEFAN CEL MARE;tei;74.7900;;;111699;2007;2022-T3
apartament;Sosea;STEFAN CEL MARE;tei;44.1900;;;83275;2007;2022-T2
apartament;Sosea;STEFAN CEL MARE;tei;42.8300;;;76479;2007;2022-T2
apartament;Sosea;STEFAN CEL MARE;tei;42.8400;;;76504;2007;2022-T2
apartament;Sosea;STEFAN CEL MARE;tei;44.1900;;;78040;2007;2022-T2
apartament;Sosea;STEFAN CEL MARE;tei;44.1900;;;78040;2007;2022-T2
apartament;Sosea;STEFAN CEL MARE;tei;44.1900;;;83026;2007;2022-T3
apartament;Sosea;STEFAN CEL MARE;tei;56.3800;;;98312;2007;2022-T2
apartament;Sosea;STEFAN CEL MARE;tei;56.3800;;;103735;2007;2022-T2
apartament;Sosea;STEFAN CEL MARE;tei;56.3800;;;105455;2007;2022-T3
apartament;Sosea;STEFAN CEL MARE;tei;44.1900;;;88926;2007;2022-T3
apartament;Sosea;STEFAN CEL MARE;tei;56.0600;;;110550;2007;2022-T3
apartament;Sosea;STEFAN CEL MARE;tei;56.3800;;;;2007;2022-T2
apartament;Sosea;STEFAN CEL MARE;tei;56.3800;;;104933;2007;2022-T2
apartament;Sosea;STEFAN CEL MARE;tei;56.3800;;;115037;2007;2022-T2
apartament;Sosea;STEFAN CEL MARE;tei;56.3800;;;105323;2007;2022-T2
apartament;Sosea;STEFAN CEL MARE;tei;56.0800;;;97722;2007;2022-T2
apartament;Sosea;STEFAN CEL MARE;tei;56.1100;;;106583;2007;2022-T2
apartament;Sosea;STEFAN CEL MARE;tei;44.1900;;;89078;2007;2022-T3
apartament;Sosea;STEFAN CEL MARE;tei;44.1900;;;83170;2007;2022-T2
apartament;Sosea;STEFAN CEL MARE;tei;42.8400;;;76506;2007;2022-T2
apartament;Sosea;STEFAN CEL MARE;centrala;49.5500;;;445311;1986;2022-T1
apartament;Sosea;STEFAN CEL MARE;centrala;48.4000;;;415581;2011;2022-T2
apartament;Sosea;STEFAN CEL MARE;centrala;49.5900;;;430536;1981;2022-T1
apartament;Sosea;STEFAN CEL MARE;tei;39.0000;;;297000;1960;2022-T3
apartament;Sosea;STEFAN CEL MARE;tei;39.4500;;;314217;1961;2022-T4
apartament;Sosea;STEFAN CEL MARE;centrala;58.2900;;;406807;1982;2022-T3
apartament;Sosea;STEFAN CEL MARE;tei;79.4700;;;565694;1989;2022-T1
apartament;Sosea;STEFAN CEL MARE;tei;50.1600;;;246330;1970;2022-T4
apartament;Sosea;STEFAN CEL MARE;tei;63.4700;;;508078;1980;2022-T3
apartament;Sosea;STEFAN CEL MARE;centrala;48.6400;;;359370;1982;2022-T4
apartament;Sosea;STEFAN CEL MARE;centrala;52.4600;;;439677;1980;2022-T3
apartament;Sosea;STEFAN CEL MARE;tei;57.8200;;;320112;1965;2022-T4
apartament;Sosea;STEFAN CEL MARE;tei;42.9000;;;273034;1965;2022-T3
apartament;Sosea;STEFAN CEL MARE;tei;43.1000;;;311296;1964;2022-T3
apartament;Sosea;STEFAN CEL MARE;tei;44.4000;;;293094;1963;2022-T3
apartament;Sosea;STEFAN CEL MARE;centrala;82.0800;;;713564;1982;2022-T1
apartament;Sosea;STEFAN CEL MARE;tei;39.3000;;;271500;1960;2022-T4
apartament;Sosea;STEFAN CEL MARE;centrala;52.7700;;;370837;1982;2022-T1
apartament;Sosea;STEFAN CEL MARE;tei;43.4800;;;326112;1963;2022-T2
apartament;Sosea;STEFAN CEL MARE;tei;44.9700;;;291884;1963;2022-T2
apartament;Sosea;STEFAN CEL MARE;tei;29.7300;;;196536;1978;2022-T4
apartament;Sosea;STEFAN CEL MARE;tei;58.9400;;;343910;1962;2022-T4
apartament;Sosea;STEFAN CEL MARE;tei;60.2500;;;297645;1963;2022-T3
apartament;Sosea;STEFAN CEL MARE;tei;62.3300;;;195000;1963;2022-T1
apartament;Sosea;STEFAN CEL MARE;tei;57.0100;;;235553;1965;2022-T3
apartament;Sosea;STEFAN CEL MARE;tei;60.7400;;;;1963;2022-T2
apartament;Sosea;STEFAN CEL MARE;tei;42.8000;;;257046;1962;2022-T2
apartament;Sosea;STEFAN CEL MARE;tei;42.9800;;;296712;1965;2022-T1
apartament;Sosea;STEFAN CEL MARE;tei;58.6000;;;247013;1972;2022-T1
apartament;Sosea;STEFAN CEL MARE;tei;58.6100;;;300791;1965;2022-T3
apartament;Sosea;STEFAN CEL MARE;tei;58.9200;;;347900;1961;2022-T1
apartament;Sosea;STEFAN CEL MARE;tei;44.0600;;;263500;1963;2022-T4
apartament;Sosea;STEFAN CEL MARE;centrala;49.5000;;;418251;1981;2022-T4
apartament;Sosea;STEFAN CEL MARE;centrala;80.8100;;;44541;1980;2022-T1
apartament;Sosea;STEFAN CEL MARE;tei;28.3400;;;285000;1958;2022-T3
apartament;Sosea;STEFAN CEL MARE;centrala;48.0500;;;410410;1980;2022-T1
apartament;Sosea;STEFAN CEL MARE;tei;28.6700;;;232255;1962;2022-T4
apartament;Sosea;STEFAN CEL MARE;tei;63.4900;;;390821;1962;2022-T2
apartament;Sosea;STEFAN CEL MARE;centrala;51.1900;;;390846;1982;2022-T2
apartament;Sosea;STEFAN CEL MARE;centrala;80.6200;;;526015;1981;2022-T4
apartament;Sosea;STEFAN CEL MARE;centrala;87.0000;;;742320;1981;2022-T1
apartament;Sosea;STEFAN CEL MARE;centrala;66.6700;;;506771;1978;2022-T3
apartament;Sosea;STEFAN CEL MARE;floreasca;58.7300;;;355024;1968;2022-T4
apartament;Sosea;STEFAN CEL MARE;centrala;48.9400;;;425000;1984;2022-T1
apartament;Sosea;STEFAN CEL MARE;centrala;51.9000;;;368250;1981;2022-T3
apartament;Sosea;STEFAN CEL MARE;centrala;84.3900;;;740372;1982;2022-T3
apartament;Sosea;STEFAN CEL MARE;centrala;60.5600;;;504267;1981;2022-T2
apartament;Sosea;STEFAN CEL MARE;centrala;52.4200;;;457227;1979;2022-T2
apartament;Sosea;STEFAN CEL MARE;centrala;52.7000;;;346000;1978;2022-T2
apartament;Sosea;STEFAN CEL MARE;centrala;53.4000;;;362500;1979;2022-T3
apartament;Sosea;STEFAN CEL MARE;centrala;51.4500;;;479927;1978;2022-T2
apartament;Sosea;STEFAN CEL MARE;centrala;51.1000;;;418081;1981;2022-T4
apartament;Sosea;STEFAN CEL MARE;centrala;52.3400;;;470069;1981;2022-T1
apartament;Sosea;STEFAN CEL MARE;centrala;79.9200;;;645300;1981;2022-T2
apartament;Sosea;STEFAN CEL MARE;centrala;80.4700;;;642993;1981;2022-T3
apartament;Sosea;STEFAN CEL MARE;centrala;53.9800;;;464569;1982;2022-T4
apartament;Sosea;VERGULUI;pantelimon;80.2000;;;439641;1978;2022-T3
apartament;Sosea;VERGULUI;pantelimon;84.6600;;;425330;1979;2022-T2
apartament;Sosea;VERGULUI;pantelimon;35.5100;;;228464;1978;2022-T3
apartament;Sosea;VERGULUI;pantelimon;61.9500;;;167665;1978;2022-T3
apartament;Sosea;VERGULUI;pantelimon;65.4500;;;485100;1980;2022-T2
apartament;Sosea;VERGULUI;pantelimon;66.4000;;;370943;1978;2022-T2
apartament;Sosea;VERGULUI;pantelimon;32.1600;;;190000;1978;2022-T3
apartament;Sosea;VERGULUI;pantelimon;52.0600;;;320152;1980;2022-T4
apartament;Sosea;VERGULUI;pantelimon;36.3400;;;311453;2019;2022-T2
apartament;Sosea;VERGULUI;pantelimon;50.5700;;;464905;2019;2022-T1
apartament;Sosea;VERGULUI;pantelimon;30.9000;;;222692;1974;2022-T2
apartament;Sosea;VERGULUI;pantelimon;38.3500;;;246235;1977;2022-T3
apartament;Sosea;VERGULUI;pantelimon;49.0400;;;247065;1974;2022-T2
apartament;Sosea;VERGULUI;pantelimon;50.8000;;;311516;1976;2022-T2
apartament;Sosea;VERGULUI;pantelimon;64.3900;;;325034;1974;2022-T4
casa;Strada;AGREGATELOR;andronache;;160.0000;;964996;2000;2022-T1
apartament;Strada;AGRICULTORI;centrala;26.6000;;;171073;1994;2022-T2
apartament;Strada;AGRICULTORI;centrala;52.0800;;;373528;2017;2022-T1
apartament;Strada;AGRICULTORI;centrala;90.6000;;;548826;1998;2022-T1
apartament;Strada;AGRICULTORI;centrala;;;16.6300;633446;2022;2022-T1
apartament;Strada;ALECU RUSSO;centrala;52.6400;;;721478;2019;2022-T3
apartament;Strada;ALECU RUSSO;centrala;70.5600;;;760000;1947;2022-T3
apartament;Strada;ALECU RUSSO;centrala;71.5100;;;385000;1910;2022-T2
casa;Strada;ALECU RUSSO;centrala;47.0000;;;428870;1950;2022-T2
apartament;Strada;ALEXANDRU CEL BUN;tei;58.9000;;;370746;1987;2022-T3
apartament;Strada;ALEXANDRU CEL BUN;tei;50.5000;;;310560;1986;2022-T4
apartament;Strada;ALEXANDRU CEL BUN;tei;49.8900;;;425330;1985;2022-T2
apartament;Strada;ALEXANDRU CEL BUN;tei;25.3900;;;188059;1985;2022-T1
apartament;Strada;ALEXANDRU CEL BUN;tei;50.9000;;;370583;1986;2022-T2
apartament;Strada;ALEXANDRU CEL BUN;tei;79.8000;;;571462;1991;2022-T3
apartament;Strada;ALEXANDRU CEL BUN;tei;63.8200;;;497364;1991;2022-T1
apartament;Strada;ALEXANDRU CEL BUN;tei;47.6000;;;324159;1986;2022-T1
apartament;Strada;ALEXANDRU CEL BUN;tei;84.6500;;;492530;1984;2022-T4
apartament;Strada;ALEXANDRU CEL BUN;tei;51.3000;;;359546;1986;2022-T3
apartament;Strada;ALEXANDRU CEL BUN;tei;54.9300;;;150000;1985;2022-T3
apartament;Strada;ALEXANDRU CEL BUN;tei;22.2100;;;194537;1986;2022-T4
apartament;Strada;ALEXANDRU CEL BUN;tei;47.7500;;;345000;1986;2022-T3
apartament;Strada;ALEXANDRU CEL BUN;tei;66.2200;;;428860;1985;2022-T4
apartament;Strada;ALEXANDRU CEL BUN;tei;80.4800;;;420401;1988;2022-T1
apartament;Strada;ALEXANDRU CEL BUN;tei;54.0400;;;372255;1985;2022-T2
apartament;Strada;ALEXANDRU CEL BUN;tei;54.1200;;;376040;1986;2022-T2
casa;Strada;ALEXANDRU CEL BUN;tei;;115.7500;;145467;1984;2022-T1
casa;Strada;ALEXANDRU DONICI;centrala;24.7500;;;293049;1910;2022-T3
apartament;Strada;ALEXANDRU DONICI;centrala;97.2300;;;939853;1937;2022-T4
casa;Strada;ALEXANDRU DONICI;centrala;290.0000;;;1979640;1943;2022-T1
apartament;Strada;ALEXANDRU DONICI;centrala;145.0000;;;640770;1935;2022-T4
apartament;Strada;ALEXANDRU IPSILANTI;pantelimon;38.1900;;;227493;1974;2022-T1
apartament;Strada;ALEXANDRU IPSILANTI;pantelimon;58.0300;;;247285;1978;2022-T2
apartament;Strada;ALEXANDRU PAULESCU, LOCOTENENT;-;26.2500;;;92500;1950;2022-T1
casa;Strada;ALEXANDRU ROMANO;-;79.6800;;;1434833;2012;2022-T2
apartament;Strada;ALEXANDRU ROMANO;-;19.1900;;;83644;1974;2022-T4
apartament;Strada;AMIDONULUI;tei;61.4000;;;853435;2021;2022-T2
apartament;Strada;AMIDONULUI;tei;70.6000;;;659895;2021;2022-T3
casa;Strada;AMIDONULUI;tei;;27.7900;;911995;1930;2022-T4
casa;Strada;ANTON IONESCU, LOCOTENENT;-;68.2000;;;1136476;2008;2022-T2
casa;Strada;ANTON IONESCU, LOCOTENENT;-;;96.4400;;884909;1934;2022-T4
casa;Strada;APOSTOL NICOLAE;ion creanga;;56.0000;;45000;1972;2022-T3
teren;Strada;APOSTOL NICOLAE;ion creanga;;;245.9400;98950;2022;2022-T2
apartament;Strada;APRODUL PURICE;centrala;91.0100;;;130433;1935;2022-T3
casa;Strada;ARCULUI;centrala;32.4900;;;27664;1932;2022-T2
apartament;Strada;ARCULUI;centrala;114.9500;;;641900;1934;2022-T3
apartament;Strada;ARCULUI;centrala;19.1100;;;107498;1932;2022-T4
apartament;Strada;ARDELENI;centrala;30.4500;;;301627;1981;2022-T2
apartament;Strada;ARDELENI;centrala;30.5800;;;269676;1980;2022-T4
casa;Strada;ARDELENI;centrala;69.8200;;;197236;1960;2022-T4
apartament;Strada;ARDELENI;centrala;63.0400;;;331650;1901;2022-T1
apartament;Strada;ARDELENI;centrala;51.5900;;;590520;2008;2022-T2
apartament;Strada;ARGETOAIA;centrala;103.5900;;;977800;1940;2022-T4
apartament;Strada;ARMENEASCA;centrala;24.1000;;;186300;1932;2022-T2
apartament;Strada;ARMENEASCA;centrala;34.0600;;;163314;1948;2022-T1
apartament;Strada;AROMEI;tei;23.6000;;;237499;1982;2022-T4
apartament;Strada;AROMEI;tei;24.7100;;;211442;1981;2022-T4
apartament;Strada;AROMEI;tei;26.4600;;;205321;1992;2022-T2
apartament;Strada;AROMEI;tei;74.1600;;;669745;2008;2022-T4
apartament;Strada;AROMEI;tei;88.4300;;;736920;2009;2022-T4
apartament;Strada;AROMEI;tei;26.4600;;;211555;1981;2022-T4
casa;Strada;AROMEI;tei;;36.9000;;1062788;1928;2022-T2
casa;Strada;AURA BUZESCU;vatra luminoasa;100.2000;;;878000;1943;2022-T3
apartament;Strada;AUREL VLAICU;centrala;;52.0000;;475000;1982;2022-T1
apartament;Strada;AUREL VLAICU;centrala;49.6000;;;468449;1983;2022-T2
apartament;Strada;AUREL VLAICU;centrala;52.7300;;;577804;1984;2022-T4
apartament;Strada;AUREL VLAICU;centrala;56.7600;;;242159;1982;2022-T1
apartament;Strada;AUREL VLAICU;centrala;100.0000;;;1380120;1922;2022-T4
apartament;Strada;AUREL VLAICU;centrala;84.9500;;;806371;1950;2022-T4
apartament;Strada;AUREL VLAICU;centrala;;;21.8800;941513;2022;2022-T1
apartament;Strada;AUREL VLAICU;centrala;;;15.3800;351223;2020;2022-T2
apartament;Strada;AUREL VLAICU;centrala;30.8600;;;320000;1935;2022-T4
casa;Strada;AUREL VLAICU;centrala;;;4.0300;74181;2022;2022-T3
apartament;Strada;AURULUI;pantelimon;18.8400;;;;1972;2022-T1
apartament;Strada;AURULUI;pantelimon;16.9700;;;93832;1975;2022-T4
apartament;Strada;AURULUI;pantelimon;17.1800;;;90000;1973;2022-T4
apartament;Strada;AURULUI;pantelimon;17.2500;;;123683;1978;2022-T1
apartament;Strada;AURULUI;pantelimon;17.5000;;;87761;1976;2022-T3
apartament;Strada;AURULUI;pantelimon;18.7000;;;116181;1971;2022-T3
apartament;Strada;AURULUI;pantelimon;18.7300;;;130486;1970;2022-T4
apartament;Strada;AURULUI;pantelimon;19.0000;;;128700;1970;2022-T2
apartament;Strada;AURULUI;pantelimon;19.0200;;;103771;1984;2022-T2
apartament;Strada;AURULUI;pantelimon;17.6000;;;113703;1973;2022-T3
apartament;Strada;AURULUI;pantelimon;18.2800;;;118190;1968;2022-T4
apartament;Strada;AURULUI;pantelimon;79.4000;;;182136;1960;2022-T1
apartament;Strada;AUSTRULUI;centrala;5.4000;;;514030;1935;2022-T2
apartament;Strada;AUSTRULUI;centrala;63.7700;;;341000;1946;2022-T3
apartament;Strada;AUSTRULUI;centrala;53.5500;;;188100;1929;2022-T4
casa;Strada;AVRAM IANCU;centrala;;123.3000;;1101060;1952;2022-T3
casa;Strada;AVRAM IANCU;centrala;;193.0000;;393072;1929;2022-T4
apartament;Strada;AVRAM IANCU;centrala;;42.4700;;182172;1930;2022-T3
apartament;Strada;AVRAM IANCU;centrala;55.6100;;;172942;2013;2022-T2
apartament;Strada;AVRIG;colentina;;55.2100;;494610;2008;2022-T1
apartament;Strada;AVRIG;colentina;33.7700;;;356400;2009;2022-T3
apartament;Strada;AVRIG;colentina;134.3800;;;1285908;2008;2022-T1
apartament;Strada;AVRIG;colentina;164.0900;;;1255949;2008;2022-T1
apartament;Strada;AVRIG;colentina;61.0600;;;370905;1976;2022-T2
apartament;Strada;AVRIG;colentina;45.7900;;;323091;1963;2022-T3
apartament;Strada;AVRIG;colentina;38.6500;;;370792;2014;2022-T1
apartament;Strada;AVRIG;colentina;45.5600;;;269280;1978;2022-T2
apartament;Strada;AVRIG;colentina;33.2000;;;250000;1978;2022-T1
apartament;Strada;AVRIG;colentina;53.1700;;;407568;1978;2022-T4
apartament;Strada;AVRIG;colentina;65.9700;;;448761;1979;2022-T4
apartament;Strada;AVRIG;colentina;30.9500;;;252189;1978;2022-T3
apartament;Strada;AVRIG;colentina;27.1200;;;212033;1978;2022-T3
apartament;Strada;AVRIG;colentina;27.1300;;;255000;1980;2022-T3
apartament;Strada;AVRIG;colentina;27.8700;;;;1978;2022-T2
apartament;Strada;AVRIG;colentina;29.4600;;;249737;1991;2022-T1
apartament;Strada;AVRIG;colentina;31.2700;;;281910;1978;2022-T4
apartament;Strada;AVRIG;colentina;39.3300;;;287092;2018;2022-T3
apartament;Strada;AVRIG;colentina;35.4400;;;430650;2018;2022-T3
apartament;Strada;AVRIG;colentina;54.8100;;;436613;2018;2022-T1
apartament;Strada;AVRIG;iancului;68.6500;;;538885;1982;2022-T2
apartament;Strada;AVRIG;iancului;48.6700;;;375183;2020;2022-T4
apartament;Strada;AVRIG;iancului;46.9800;;;428255;1983;2022-T3
apartament;Strada;AVRIG;iancului;27.5700;;;240149;1980;2022-T4
apartament;Strada;AVRIG;iancului;27.7200;;;213326;1981;2022-T4
apartament;Strada;AVRIG;iancului;28.2300;;;260368;1978;2022-T4
apartament;Strada;AVRIG;iancului;28.8100;;;267192;1980;2022-T2
apartament;Strada;AVRIG;iancului;31.6600;;;240000;1982;2022-T1
apartament;Strada;AVRIG;iancului;48.5000;;;413228;1982;2022-T1
apartament;Strada;AVRIG;iancului;30.6000;;;220640;1980;2022-T3
apartament;Strada;AVRIG;iancului;30.6000;;;260442;1982;2022-T4
apartament;Strada;AVRIG;iancului;32.4000;;;242060;1979;2022-T2
apartament;Strada;AVRIG;iancului;33.5200;;;267833;1990;2022-T1
apartament;Strada;AVRIG;iancului;29.8000;;;248000;1981;2022-T3
apartament;Strada;AVRIG;iancului;29.9000;;;192855;1981;2022-T1
apartament;Strada;AVRIG;iancului;32.6500;;;234604;1981;2022-T4
apartament;Strada;AVRIG;iancului;44.4000;;;276965;1962;2022-T2
apartament;Strada;AVRIG;iancului;44.6000;;;335000;1965;2022-T2
apartament;Strada;AVRIG;iancului;57.4200;;;396855;1965;2022-T4
apartament;Strada;AVRIG;iancului;61.1800;;;469984;1992;2022-T2
apartament;Strada;AVRIG;iancului;27.5100;;;252348;1982;2022-T4
apartament;Strada;AVRIG;iancului;27.7000;;;145000;1981;2022-T3
apartament;Strada;AVRIG;iancului;27.8300;;;271939;1981;2022-T2
apartament;Strada;AVRIG;iancului;30.6000;;;237547;1991;2022-T1
apartament;Strada;AVRIG;iancului;30.8000;;;177530;1981;2022-T4
apartament;Strada;AVRIG;colentina;30.1900;;;262292;1978;2022-T1
apartament;Strada;AVRIG;colentina;28.3000;;;219569;1968;2022-T3
apartament;Strada;AVRIG;colentina;46.2000;;;296580;1963;2022-T2
apartament;Strada;AZOTULUI;pantelimon;35.9900;;;220415;1976;2022-T4
apartament;Strada;BAIA DE ARAMA;pantelimon;69.7600;;;329710;2020;2022-T4
apartament;Strada;BAIA DE ARAMA;pantelimon;;;6.1700;889756;2022;2022-T2
apartament;Strada;BAIA DE ARAMA;pantelimon;85.7000;;;816750;2009;2022-T1
apartament;Strada;BAIA DE ARAMA;pantelimon;;;20.8000;601058;2022;2022-T4
apartament;Strada;BAIA DE ARAMA;pantelimon;85.3500;;;791840;2010;2022-T1
apartament;Strada;BAIA DE ARAMA;pantelimon;52.2000;;;534380;2009;2022-T3
apartament;Strada;BAIA DE ARAMA;pantelimon;70.3400;;;305600;2020;2022-T4
apartament;Strada;BAIA DE ARAMA;pantelimon;70.6500;;;625727;2020;2022-T3
apartament;Strada;BAIA DE ARAMA;pantelimon;85.0500;;;739005;2009;2022-T4
apartament;Strada;BAIA DE ARAMA;pantelimon;85.7000;;;390000;2010;2022-T2
apartament;Strada;BAIA DE ARAMA;pantelimon;61.0500;;;341460;2010;2022-T3
apartament;Strada;BAIA DE ARAMA;pantelimon;76.1000;;;573840;2009;2022-T2
apartament;Strada;BAIA DE ARAMA;pantelimon;76.1000;;;245930;2009;2022-T4
apartament;Strada;BAIA DE ARAMA;pantelimon;90.8100;;;351222;2009;2022-T1
apartament;Strada;BAICULUI;iancului;27.8300;;;197904;1991;2022-T2
apartament;Strada;BAICULUI;iancului;28.3400;;;276915;1979;2022-T3
apartament;Strada;BAICULUI;iancului;50.1600;;;303134;1986;2022-T3
apartament;Strada;BAICULUI;colentina;59.0600;;;375714;1990;2022-T1
apartament;Strada;BAICULUI;colentina;74.9600;;;314706;2002;2022-T1
apartament;Strada;BAICULUI;iancului;50.0500;;;365893;1985;2022-T1
apartament;Strada;BAICULUI;iancului;62.7500;;;415000;1986;2022-T1
apartament;Strada;BAICULUI;colentina;56.8500;;;197688;1990;2022-T2
casa;Strada;BALOTULUI;ion creanga;;44.0000;;316326;1962;2022-T2
apartament;Strada;BANITEI;tei;52.5400;;;345457;1970;2022-T3
casa;Strada;BARBU BRADESCU;colentina;;80.0000;;177818;1970;2022-T1
casa;Strada;BARBU BRADESCU;colentina;;50.0000;;198000;1960;2022-T3
teren;Strada;BARBU BRADESCU;colentina;;;180.0000;382425;2022;2022-T2
casa;Strada;BARBU PARIS MUMULEANU;centrala;48.1400;;;94842;1938;2022-T3
apartament;Strada;BARBU PARIS MUMULEANU;centrala;54.6500;;;269148;1938;2022-T3
apartament;Strada;BARBU PARIS MUMULEANU;centrala;54.2500;;;371186;1930;2022-T1
apartament;Strada;BARBU PARIS MUMULEANU;centrala;8.1200;;;450000;1940;2022-T3
apartament;Strada;BARBU PARIS MUMULEANU;centrala;42.6800;;;271442;1926;2022-T3
apartament;Strada;BARBU PARIS MUMULEANU;centrala;65.4400;;;900336;2015;2022-T2
apartament;Strada;BARBU VACARESCU;tei;58.6000;;;570336;2020;2022-T4
apartament;Strada;BARBU VACARESCU;tei;;55.7000;;668451;2021;2022-T1
apartament;Strada;BARBU VACARESCU;tei;;58.3000;;691267;2020;2022-T2
apartament;Strada;BARBU VACARESCU;tei;59.0000;;;726673;2020;2022-T3
apartament;Strada;BARBU VACARESCU;tei;59.5000;;;685734;2017;2022-T4
apartament;Strada;BARBU VACARESCU;tei;;49.0000;;727297;2020;2022-T2
apartament;Strada;BARBU VACARESCU;tei;;58.9000;;726915;2020;2022-T1
apartament;Strada;BARBU VACARESCU;tei;;59.2000;;700000;2020;2022-T2
apartament;Strada;BARBU VACARESCU;tei;44.4000;;;668793;2020;2022-T4
apartament;Strada;BARBU VACARESCU;tei;44.7000;;;702702;2020;2022-T4
apartament;Strada;BARBU VACARESCU;tei;50.9000;;;662629;2020;2022-T1
apartament;Strada;BARBU VACARESCU;tei;56.5000;;;462224;2000;2022-T3
apartament;Strada;BARBU VACARESCU;tei;56.5000;;;692356;2020;2022-T2
apartament;Strada;BARBU VACARESCU;tei;57.0000;;;697802;2020;2022-T2
apartament;Strada;BARBU VACARESCU;tei;57.1000;;;716965;2020;2022-T1
apartament;Strada;BARBU VACARESCU;tei;59.0000;;;727488;2020;2022-T1
apartament;Strada;BARBU VACARESCU;tei;59.3200;;;705075;2020;2022-T2
apartament;Strada;BARBU VACARESCU;tei;65.1000;;;723387;2020;2022-T3
apartament;Strada;BARBU VACARESCU;tei;106.4000;;;735000;2020;2022-T1
apartament;Strada;BARBU VACARESCU;tei;148.4000;;;1976051;2020;2022-T1
apartament;Strada;BARBU VACARESCU;tei;58.7000;;;813750;2017;2022-T1
apartament;Strada;BARBU VACARESCU;tei;;59.3000;;727267;2020;2022-T2
apartament;Strada;BARBU VACARESCU;floreasca;61.0900;;;568974;1968;2022-T1
apartament;Strada;BARBU VACARESCU;floreasca;31.4300;;;298808;1970;2022-T1
apartament;Strada;BARBU VACARESCU;floreasca;43.9800;;;403243;1960;2022-T4
apartament;Strada;BARBU VACARESCU;floreasca;43.7700;;;400000;1959;2022-T2
apartament;Strada;BARBU VACARESCU;floreasca;46.1700;;;383786;1957;2022-T4
apartament;Strada;BARBU VACARESCU;floreasca;44.3100;;;432432;1958;2022-T4
apartament;Strada;BARBU VACARESCU;floreasca;46.7700;;;385320;1965;2022-T2
apartament;Strada;BARBU VACARESCU;floreasca;46.8500;;;420062;1964;2022-T2
apartament;Strada;BARBU VACARESCU;floreasca;60.6100;;;489959;1970;2022-T2
apartament;Strada;BARBU VACARESCU;floreasca;44.5100;;;442935;1960;2022-T1
apartament;Strada;BARBU VACARESCU;floreasca;;46.5500;;425003;1964;2022-T2
apartament;Strada;BARBU VACARESCU;tei;38.6400;;;293000;1989;2022-T3
apartament;Strada;BARBU VACARESCU;tei;58.0900;;;488180;1990;2022-T3
apartament;Strada;BARBU VACARESCU;tei;45.2000;;;351016;1991;2022-T3
apartament;Strada;BARBU VACARESCU;tei;55.7000;;;489713;1961;2022-T2
apartament;Strada;BARBU VACARESCU;tei;58.2300;;;617987;1991;2022-T2
apartament;Strada;BARBU VACARESCU;floreasca;62.0000;;;394224;1936;2022-T4
casa;Strada;BAROMETRULUI;andronache;;204.0000;;395904;2019;2022-T1
apartament;Strada;BARTOK BELA;floreasca;47.2200;;;463310;1959;2022-T1
apartament;Strada;BARTOK BELA;floreasca;46.2600;;;424994;1960;2022-T3
apartament;Strada;BARTOK BELA;floreasca;;;64.5000;441178;1955;2022-T1
apartament;Strada;BATISTE;centrala;90.4500;;;750000;1947;2022-T1
apartament;Strada;BATISTE;centrala;38.9800;;;388142;1939;2022-T3
apartament;Strada;BATISTE;centrala;23.9000;;;191189;1939;2022-T4
comercial;Strada;BATISTE;centrala;11.3800;;;49475;2022;2022-T1
apartament;Strada;BATISTE;centrala;55.3200;;;1065000;2017;2022-T3
apartament;Strada;BATISTE;centrala;40.1200;;;102765;1949;2022-T4
casa;Strada;BATISTE;centrala;58.1800;;;215701;1936;2022-T4
apartament;Strada;BATISTE;centrala;23.6200;;;252129;1940;2022-T2
casa;Strada;BERECHET;tei;;125.0000;;681898;1960;2022-T3
casa;Strada;BERECHET;tei;57.7900;;;565110;1995;2022-T4
apartament;Strada;BERECHET;tei;36.3400;;;258809;1980;2022-T4
apartament;Strada;BERECHET;tei;36.5900;;;244896;1992;2022-T1
apartament;Strada;BERECHET;tei;36.7000;;;256479;1985;2022-T3
apartament;Strada;BERECHET;tei;36.7400;;;297000;1986;2022-T1
apartament;Strada;BERECHET;tei;37.0000;;;249436;1982;2022-T3
apartament;Strada;BISERICA MARCUTA;pantelimon;33.6600;;;222624;1974;2022-T2
apartament;Strada;BISERICA MARCUTA;pantelimon;35.5500;;;237499;1974;2022-T1
apartament;Strada;BOCSA;centrala;113.5600;;;518889;1932;2022-T3
apartament;Strada;BODESTI;pantelimon;76.4800;;;395840;1978;2022-T2
apartament;Strada;BODESTI;pantelimon;83.0200;;;420750;1978;2022-T2
apartament;Strada;BODESTI;pantelimon;60.6200;;;404486;1974;2022-T3
apartament;Strada;BODESTI;pantelimon;63.5400;;;410555;1975;2022-T2
apartament;Strada;BODESTI;pantelimon;63.6500;;;375554;1976;2022-T2
apartament;Strada;BODESTI;pantelimon;77.8000;;;420214;1976;2022-T2
apartament;Strada;BODESTI;pantelimon;62.5300;;;345000;1975;2022-T1
apartament;Strada;BODESTI;pantelimon;63.0500;;;405648;1976;2022-T2
apartament;Strada;BODESTI;pantelimon;77.1600;;;365486;1976;2022-T3
apartament;Strada;BODESTI;pantelimon;79.3200;;;410767;1975;2022-T1
apartament;Strada;BODESTI;pantelimon;79.3200;;;393240;1978;2022-T1
casa;Strada;BRANA;tei;;34.0000;;123623;1946;2022-T3
apartament;Strada;BRASOVENI;tei;68.4100;;;445392;1983;2022-T1
apartament;Strada;BRASOVENI;tei;29.0100;;;202500;1980;2022-T2
apartament;Strada;BRASOVENI;tei;49.3400;;;315520;1980;2022-T4
apartament;Strada;BRASOVENI;tei;53.1800;;;311277;1980;2022-T2
apartament;Strada;BRASOVENI;tei;53.2100;;;369360;1980;2022-T4
apartament;Strada;BRASOVENI;tei;;52.7400;;35843;1985;2022-T1
apartament;Strada;BRASOVENI;tei;50.3900;;;345823;1984;2022-T3
apartament;Strada;BRASOVENI;tei;65.0000;;;446810;1984;2022-T3
casa;Strada;BRATULUI;centrala;;20.0000;;27020;1998;2022-T4
casa;Strada;BRATULUI;centrala;99.0000;;;776222;1952;2022-T4
apartament;Strada;BREBU;tei;65.6900;;;588502;1985;2022-T2
apartament;Strada;BREBU;tei;47.9400;;;172833;1985;2022-T2
apartament;Strada;BUDILA;centrala;86.4200;;;817648;2009;2022-T1
apartament;Strada;BUDILA;centrala;85.1000;;;469908;1938;2022-T2
apartament;Strada;BUDILA;centrala;66.7000;;;870580;2015;2022-T3
casa;Strada;BUJORUL ALB;colentina;;114.0000;;478935;2015;2022-T4
casa;Strada;BUSOLEI;centrala;36.3200;;;182965;1950;2022-T2
apartament;Strada;C. A. ROSETTI;centrala;134.0900;;;530712;1934;2022-T4
apartament;Strada;C. A. ROSETTI;centrala;50.4100;;;400950;1936;2022-T1
apartament;Strada;C. A. ROSETTI;centrala;81.9700;;;590000;1938;2022-T4
teren;Strada;CAIMATEI;centrala;;;98.2000;64350;2022;2022-T1
casa;Strada;CALINULUI;vatra luminoasa;;141.0000;;889884;1942;2022-T2
casa;Strada;CALUSEI;centrala;;33.9300;;97742;1970;2022-T4
apartament;Strada;CALUSEI;centrala;115.5000;;;1542682;2019;2022-T4
apartament;Strada;CALUSEI;centrala;34.7000;;;539235;2019;2022-T2
apartament;Strada;CALUSEI;centrala;80.7000;;;715000;2020;2022-T4
apartament;Strada;CALUSEI;centrala;12.1000;;;659413;2019;2022-T2
apartament;Strada;CAMINULUI;iancului;43.0500;;;296532;1960;2022-T2
apartament;Strada;CAMINULUI;iancului;43.8600;;;328662;1962;2022-T2
apartament;Strada;CAMINULUI;iancului;44.3200;;;187408;1961;2022-T4
apartament;Strada;CAMINULUI;iancului;45.2000;;;98900;1965;2022-T1
apartament;Strada;CAMINULUI;iancului;43.7300;;;305625;1960;2022-T4
apartament;Strada;CAMINULUI;iancului;42.1200;;;296616;1960;2022-T3
apartament;Strada;CAMINULUI;iancului;42.2100;;;309000;1961;2022-T3
apartament;Strada;CAMINULUI;iancului;63.5200;;;210351;1940;2022-T4
apartament;Strada;CAMINULUI;iancului;109.7400;;;716924;1932;2022-T2
apartament;Strada;CAMINULUI;iancului;;43.2900;;281277;1968;2022-T3
apartament;Strada;CAMINULUI;iancului;45.8900;;;145500;1977;2022-T2
apartament;Strada;CAMINULUI;iancului;42.9500;;;316705;1961;2022-T1
apartament;Strada;CAMINULUI;iancului;43.4800;;;135731;1961;2022-T4
apartament;Strada;CAMINULUI;iancului;43.6000;;;274514;1960;2022-T1
apartament;Strada;CAMINULUI;iancului;44.0000;;;306466;1963;2022-T3
casa;Strada;CAMPUL CU NARCISE;ion creanga;;78.0000;;392400;1964;2022-T3
teren;Strada;CARAUSILOR;iancului;;;300.0000;1121314;2022;2022-T3
teren;Strada;CARAUSILOR;iancului;;;246.5200;500000;2022;2022-T3
apartament;Strada;CARAUSILOR;iancului;44.9000;;;227448;2021;2022-T3
apartament;Strada;CARAUSILOR;iancului;52.1000;;;390181;2021;2022-T3
apartament;Strada;CARAUSILOR;iancului;76.4000;;;472401;2021;2022-T1
apartament;Strada;CARAUSILOR;iancului;77.2000;;;411105;2021;2022-T1
apartament;Strada;CARAUSILOR;iancului;90.6000;;;593309;2021;2022-T2
apartament;Strada;CARAUSILOR;iancului;;44.9000;;217354;2021;2022-T4
apartament;Strada;CARAUSILOR;iancului;47.1000;;;382500;2021;2022-T3
apartament;Strada;CARAUSILOR;iancului;91.5000;;;472500;2021;2022-T3
apartament;Strada;CARAUSILOR;iancului;72.9000;;;664194;2021;2022-T2
teren;Strada;CARAUSILOR;iancului;;;107.0000;216021;2022;2022-T2
apartament;Strada;CAREI;pantelimon;34.7400;;;261976;1987;2022-T3
apartament;Strada;CAREI;pantelimon;36.5200;;;239667;1987;2022-T4
apartament;Strada;CAREI;pantelimon;36.7100;;;;1987;2022-T2
apartament;Strada;CAREI;pantelimon;47.3900;;;405912;1981;2022-T1
apartament;Strada;CAREI;pantelimon;66.0600;;;342097;1982;2022-T4
apartament;Strada;CAREI;pantelimon;47.6000;;;326297;1980;2022-T3
apartament;Strada;CAREI;pantelimon;65.2600;;;495000;1983;2022-T1
casa;Strada;CAROTENI;tei;;43.0000;;241075;1960;2022-T3
casa;Strada;CATRINTEI;ion creanga;58.0000;;;445500;1955;2022-T3
casa;Strada;CEPTURA;colentina;;83.0000;;445410;1960;2022-T1
apartament;Strada;CERCULUI;centrala;30.9900;;;153169;1925;2022-T3
apartament;Strada;CERCULUI;centrala;53.2000;;;400869;1984;2022-T2
apartament;Strada;CERCULUI;centrala;48.8200;;;346415;1983;2022-T1
apartament;Strada;CERCULUI;centrala;52.9800;;;417660;1984;2022-T3
apartament;Strada;CERNAUTI;pantelimon;48.4300;;;330100;1984;2022-T3
apartament;Strada;CERNAUTI;pantelimon;63.6500;;;491015;1984;2022-T4
apartament;Strada;CERNAUTI;pantelimon;85.6700;;;627780;1981;2022-T4
apartament;Strada;CERNAUTI;pantelimon;42.7000;;;420376;2001;2022-T2
apartament;Strada;CERNAUTI;pantelimon;27.5400;;;211000;1970;2022-T2
apartament;Strada;CERNAUTI;pantelimon;27.9100;;;197148;1983;2022-T3
apartament;Strada;CERNAUTI;pantelimon;27.9500;;;212458;1984;2022-T2
apartament;Strada;CERNAUTI;pantelimon;28.4900;;;192804;1982;2022-T2
apartament;Strada;CERNAUTI;pantelimon;28.9300;;;207900;1988;2022-T2
apartament;Strada;CERNAUTI;pantelimon;34.0400;;;211600;1982;2022-T4
apartament;Strada;CERNAUTI;pantelimon;47.3400;;;333564;1981;2022-T4
apartament;Strada;CERNAUTI;pantelimon;48.2300;;;299848;1982;2022-T3
apartament;Strada;CERNAUTI;pantelimon;66.8700;;;467775;1982;2022-T2
apartament;Strada;CERNAUTI;pantelimon;67.5800;;;570708;1984;2022-T3
apartament;Strada;CERNAUTI;pantelimon;49.5500;;;587497;2016;2022-T3
apartament;Strada;CHIRISTIGIILOR;colentina;66.0000;;;728472;2022;2022-T4
apartament;Strada;CHIRISTIGIILOR;colentina;55.8000;;;555566;2022;2022-T4
apartament;Strada;CHIRISTIGIILOR;colentina;53.9000;;;615443;2022;2022-T4
apartament;Strada;CHIRISTIGIILOR;colentina;23.9900;;;262035;1985;2022-T3
comercial;Strada;CHIRISTIGIILOR;colentina;67.8000;;;903175;1984;2022-T1
casa;Strada;CIBERNETICII;pipera sud;;92.0000;;180697;1960;2022-T2
apartament;Strada;CIOCARLIEI;pantelimon;64.1000;;;198000;1979;2022-T2
apartament;Strada;CIOCARLIEI;pantelimon;49.9200;;;366286;1985;2022-T3
apartament;Strada;CIRESULUI;centrala;56.6300;;;413550;2015;2022-T3
apartament;Strada;CIRESULUI;centrala;72.0300;;;628104;2015;2022-T2
apartament;Strada;CIRESULUI;centrala;29.5100;;;221958;2015;2022-T3
apartament;Strada;CIUREA;vatra luminoasa;50.5000;;;350877;1975;2022-T4
apartament;Strada;CIUREA;vatra luminoasa;66.6100;;;449250;1976;2022-T1
apartament;Strada;CIUREA;vatra luminoasa;87.1100;;;717112;1960;2022-T2
apartament;Strada;CIUREA;vatra luminoasa;40.7000;;;200000;1991;2022-T4
apartament;Strada;CIUREA;vatra luminoasa;56.6000;;;415811;1956;2022-T4
apartament;Strada;CIUREA;vatra luminoasa;58.0000;;;369503;1956;2022-T4
apartament;Strada;CIUREA;vatra luminoasa;60.3400;;;462194;1958;2022-T3
apartament;Strada;CLOPOTULUI;ion creanga;31.7000;;;251714;2014;2022-T2
apartament;Strada;COMARNIC;colentina;85.3000;;;654500;2021;2022-T2
casa;Strada;COMARNIC;colentina;;49.0000;;395664;1934;2022-T1
casa;Strada;CONSTANTIN BEIU;tei;;38.2700;;248370;1960;2022-T4
casa;Strada;CONSTANTIN IONESCU BAICAN, LOCOTENENT;vatra luminoasa;61.8000;;;281706;1936;2022-T1
casa;Strada;CONSTANTIN IONESCU BAICAN, LOCOTENENT;vatra luminoasa;;68.1500;;988940;1960;2022-T2
apartament;Strada;CONSTANTIN IONESCU BAICAN, LOCOTENENT;vatra luminoasa;79.3000;;;900168;2020;2022-T1
casa;Strada;CONSTANTIN IONESCU BAICAN, LOCOTENENT;vatra luminoasa;;109.0000;;959380;1960;2022-T4
apartament;Strada;CONSTANTIN NACU;centrala;24.0800;;;185000;1934;2022-T2
casa;Strada;CONSTANTIN ZLATESCU, LOCOTENENT DOCTOR;-;;108.3100;;568399;1910;2022-T2
apartament;Strada;CONSTANTIN ZLATESCU, LOCOTENENT DOCTOR;centrala;57.8500;;;155364;1963;2022-T2
apartament;Strada;CONSTANTIN ZLATESCU, LOCOTENENT DOCTOR;centrala;59.8900;;;405323;1963;2022-T4
apartament;Strada;CONSTANTIN ZLATESCU, LOCOTENENT DOCTOR;centrala;56.6300;;;368775;1968;2022-T3
apartament;Strada;CORBENI;centrala;42.9200;;;361204;;2022-T2
apartament;Strada;CORBENI;centrala;;26.6400;;333882;1910;2022-T2
apartament;Strada;CORBENI;centrala;57.1400;;;440000;1939;2022-T4
apartament;Strada;CORBENI;centrala;50.6000;;;186392;1910;2022-T3
casa;Strada;CORBENI;centrala;48.9700;;;598000;1960;2022-T1
casa;Strada;CORBENI;centrala;151.0700;;;239653;;2022-T2
apartament;Strada;COSTACHE CONACHI;iancului;47.2300;;;352158;1984;2022-T3
apartament;Strada;COSTACHE CONACHI;iancului;76.9900;;;440452;1985;2022-T2
apartament;Strada;COSTACHE CONACHI;iancului;50.3300;;;339024;1985;2022-T4
apartament;Strada;COSTACHE CONACHI;iancului;63.7300;;;198000;1984;2022-T2
apartament;Strada;COSTACHE CONACHI;iancului;51.3600;;;337654;1985;2022-T3
apartament;Strada;COSTACHE CONACHI;iancului;63.5600;;;405826;1985;2022-T1
apartament;Strada;COSTACHE CONACHI;iancului;76.9200;;;580050;1984;2022-T3
casa;Strada;COTMEANA;ion creanga;;71.8800;;197916;1960;2022-T2
apartament;Strada;CREMENITA;colentina;63.0300;;;407000;1977;2022-T2
apartament;Strada;CREMENITA;colentina;105.6100;;;551825;2019;2022-T1
apartament;Strada;CREMENITA;colentina;75.8000;;;703969;2022;2022-T3
apartament;Strada;CREMENITA;colentina;45.5000;;;357180;2022;2022-T2
apartament;Strada;CREMENITA;colentina;66.0300;;;397036;2022;2022-T3
apartament;Strada;CREMENITA;colentina;57.2000;;;469650;2022;2022-T3
apartament;Strada;CREMENITA;colentina;45.7000;;;315036;2022;2022-T3
apartament;Strada;CREMENITA;colentina;59.9000;;;597435;2022;2022-T3
apartament;Strada;CREMENITA;colentina;;67.5000;;471976;2022;2022-T3
apartament;Strada;CREMENITA;colentina;66.8000;;;467750;2022;2022-T3
apartament;Strada;CREMENITA;colentina;66.8000;;;689497;2022;2022-T3
apartament;Strada;CREMENITA;colentina;;;42.5500;422495;2022;2022-T3
apartament;Strada;CREMENITA;colentina;49.4000;;;363618;2022;2022-T2
apartament;Strada;CREMENITA;colentina;61.7000;;;434605;2022;2022-T2
apartament;Strada;CREMENITA;colentina;28.7000;;;222355;2018;2022-T3
apartament;Strada;CREMENITA;colentina;33.0300;;;237518;2012;2022-T1
apartament;Strada;CREMENITA;colentina;30.1200;;;148422;1980;2022-T1
apartament;Strada;CREMENITA;colentina;30.3000;;;197507;1980;2022-T3
apartament;Strada;CREMENITA;colentina;32.4200;;;222350;1980;2022-T2
apartament;Strada;CREMENITA;colentina;50.9600;;;375440;1978;2022-T2
apartament;Strada;CRISTEA MATEESCU;tei;47.2500;;;376077;1985;2022-T3
apartament;Strada;CRISTEA MATEESCU;tei;64.5000;;;434711;1980;2022-T3
apartament;Strada;CRISTEA MATEESCU;tei;78.6400;;;486520;1985;2022-T3
apartament;Strada;CRISTEA MATEESCU;tei;50.5600;;;300614;1986;2022-T4
apartament;Strada;CRISTEA MATEESCU;tei;51.0600;;;300645;1984;2022-T4
apartament;Strada;CRISTEA MATEESCU;tei;48.0400;;;296940;1982;2022-T1
apartament;Strada;CRISTEA MATEESCU;tei;51.8800;;;123750;1985;2022-T3
apartament;Strada;CRISTEA MATEESCU;tei;50.8500;;;320000;1985;2022-T3
apartament;Strada;CRISTEA MATEESCU;tei;49.8000;;;324779;1986;2022-T4
apartament;Strada;CRISTEA MATEESCU;tei;44.4000;;;400000;1983;2022-T1
apartament;Strada;CRISTEA MATEESCU;tei;46.7000;;;383000;1983;2022-T2
apartament;Strada;CRISTEA MATEESCU;tei;65.4600;;;371167;1983;2022-T1
apartament;Strada;CRISTEA MATEESCU;tei;22.7100;;;195118;1985;2022-T4
apartament;Strada;CRISTEA MATEESCU;tei;24.0900;;;172435;1985;2022-T2
apartament;Strada;CRISTEA MATEESCU;tei;56.2400;;;320632;1986;2022-T3
casa;Strada;CUMPENEI;andronache;;209.0000;;691852;2012;2022-T4
apartament;Strada;DAMBOVICIOARA;tei;54.7200;;;462888;2010;2022-T4
apartament;Strada;DAMBOVICIOARA;tei;46.4000;;;745000;2017;2022-T1
apartament;Strada;DAMBOVICIOARA;tei;47.0100;;;767095;2017;2022-T1
apartament;Strada;DAMBOVICIOARA;tei;72.2700;;;1000256;2017;2022-T4
apartament;Strada;DAMBOVICIOARA;tei;54.5800;;;825559;2017;2022-T4
casa;Strada;DANULESTI;ion creanga;;128.0000;;741960;1965;2022-T1
apartament;Strada;DAVID PRAPORGESCU, GENERAL;centrala;86.0000;;;442575;1922;2022-T4
casa;Strada;DAVID PRAPORGESCU, GENERAL;centrala;;;;26000;1950;2022-T1
apartament;Strada;DAVID PRAPORGESCU, GENERAL;centrala;6.8700;;;24604;1938;2022-T4
apartament;Strada;DELEA VECHE;centrala;131.6600;;;1306536;2007;2022-T2
apartament;Strada;DELEA VECHE;centrala;44.4900;;;494470;2010;2022-T2
apartament;Strada;DELEA VECHE;centrala;64.6300;;;514321;2011;2022-T2
apartament;Strada;DELEA VECHE;centrala;45.0600;;;493670;2010;2022-T4
apartament;Strada;DELEA VECHE;centrala;68.6500;;;537922;2014;2022-T4
apartament;Strada;DELEA VECHE;centrala;57.8700;;;388525;2022;2022-T4
apartament;Strada;DELEA VECHE;centrala;36.9000;;;370642;2014;2022-T4
apartament;Strada;DELEA VECHE;centrala;63.6900;;;781135;2014;2022-T4
apartament;Strada;DELENI;tei;37.3500;;;172504;1987;2022-T3
apartament;Strada;DELENI;tei;35.8100;;;232096;1978;2022-T4
apartament;Strada;DELENI;tei;74.1100;;;392175;1983;2022-T4
apartament;Strada;DELENI;tei;56.1400;;;343225;1987;2022-T4
apartament;Strada;DELENI;tei;71.5000;;;492090;1986;2022-T4
apartament;Strada;DELENI;tei;71.8100;;;656887;1988;2022-T3
apartament;Strada;DELENI;tei;36.2000;;;305033;1985;2022-T4
apartament;Strada;DELENI;tei;73.6000;;;370620;1980;2022-T3
apartament;Strada;DELENI;tei;70.8900;;;465480;1986;2022-T4
apartament;Strada;DELENI;tei;77.4600;;;622818;1990;2022-T2
apartament;Strada;DELFINULUI;pantelimon;76.9200;;;517083;1986;2022-T4
apartament;Strada;DELFINULUI;pantelimon;51.0200;;;400488;1983;2022-T2
apartament;Strada;DELFINULUI;pantelimon;63.9300;;;390829;1984;2022-T2
apartament;Strada;DELFINULUI;pantelimon;41.6000;;;247080;1973;2022-T2
apartament;Strada;DELFINULUI;pantelimon;37.1000;;;292050;1975;2022-T3
apartament;Strada;DELFINULUI;pantelimon;47.6000;;;285000;1974;2022-T1
apartament;Strada;DELFINULUI;pantelimon;83.8300;;;200000;1984;2022-T1
apartament;Strada;DELFINULUI;pantelimon;47.7700;;;346404;1983;2022-T2
apartament;Strada;DELFINULUI;pantelimon;35.3500;;;242560;1974;2022-T3
apartament;Strada;DELFINULUI;pantelimon;35.8400;;;148428;1974;2022-T1
apartament;Strada;DELFINULUI;pantelimon;36.2400;;;213959;1975;2022-T3
apartament;Strada;DELFINULUI;pantelimon;37.3600;;;117621;1975;2022-T2
apartament;Strada;DELFINULUI;pantelimon;41.4800;;;229975;1974;2022-T2
apartament;Strada;DELFINULUI;pantelimon;50.8400;;;342000;1984;2022-T3
apartament;Strada;DESPOT VODA;centrala;77.1600;;;1311087;2021;2022-T2
apartament;Strada;DESPOT VODA;centrala;76.7200;;;882701;2021;2022-T1
apartament;Strada;DESPOT VODA;centrala;78.1100;;;726988;2021;2022-T2
apartament;Strada;DESPOT VODA;centrala;55.8400;;;563855;2021;2022-T3
apartament;Strada;DESPOT VODA;centrala;42.2900;;;420002;2021;2022-T3
casa;Strada;DESPOT VODA;centrala;50.1500;;;117237;1899;2022-T3
apartament;Strada;DESPOT VODA;centrala;53.3300;;;440194;1979;2022-T1
apartament;Strada;DIANEI;centrala;78.3600;;;492860;1936;2022-T4
apartament;Strada;DIANEI;centrala;;58.0400;;464038;1940;2022-T4
apartament;Strada;DIANEI;centrala;81.4000;;;496611;1940;2022-T4
apartament;Strada;DIANEI;centrala;63.1000;;;477510;1950;2022-T1
casa;Strada;DIANEI;centrala;27.7200;;;310000;1951;2022-T3
casa;Strada;DIANEI;centrala;50.9400;;;582300;1901;2022-T3
apartament;Strada;DIANEI;centrala;;11.5000;;35000;1924;2022-T2
apartament;Strada;DIANEI;centrala;93.4900;;;346399;1940;2022-T2
apartament;Strada;DIMA CRISTESCU, SUBLOCOTENENT;colentina;65.1900;;;295000;1978;2022-T1
apartament;Strada;DIMA CRISTESCU, SUBLOCOTENENT;colentina;53.5600;;;467950;1979;2022-T3
apartament;Strada;DIMA CRISTESCU, SUBLOCOTENENT;colentina;50.3700;;;337359;2010;2022-T3
apartament;Strada;DIMA CRISTESCU, SUBLOCOTENENT;colentina;53.3600;;;379225;1978;2022-T4
apartament;Strada;DIMA CRISTESCU, SUBLOCOTENENT;colentina;49.1100;;;395544;1979;2022-T2
apartament;Strada;DIMA CRISTESCU, SUBLOCOTENENT;colentina;53.4400;;;385546;1978;2022-T2
apartament;Strada;DIMA CRISTESCU, SUBLOCOTENENT;colentina;53.3900;;;405432;1979;2022-T2
apartament;Strada;DIMA CRISTESCU, SUBLOCOTENENT;colentina;53.5500;;;321750;1979;2022-T1
apartament;Strada;DIMITRIE HARJEU;vatra luminoasa;48.6200;;;296856;1938;2022-T1
casa;Strada;DIMITRIE HARJEU;vatra luminoasa;284.0000;;;2671704;2000;2022-T1
apartament;Strada;DIMITRIE HARLESCU;pantelimon;51.1800;;;346000;1983;2022-T1
apartament;Strada;DIMITRIE HARLESCU;pantelimon;;34.6600;;246435;1982;2022-T3
apartament;Strada;DIMITRIE HARLESCU;pantelimon;27.1500;;;138510;1981;2022-T1
apartament;Strada;DIMITRIE HARLESCU;pantelimon;27.7800;;;228000;1984;2022-T3
apartament;Strada;DIMITRIE HARLESCU;pantelimon;28.1000;;;192499;1981;2022-T3
apartament;Strada;DIMITRIE HARLESCU;pantelimon;28.3300;;;107214;1993;2022-T3
apartament;Strada;DIMITRIE HARLESCU;pantelimon;28.4000;;;212622;1979;2022-T1
apartament;Strada;DIMITRIE HARLESCU;pantelimon;28.7900;;;98952;1981;2022-T1
apartament;Strada;DIMITRIE HARLESCU;pantelimon;28.8000;;;264685;1982;2022-T2
apartament;Strada;DIMITRIE HARLESCU;pantelimon;28.9500;;;202176;1982;2022-T3
apartament;Strada;DIMITRIE HARLESCU;pantelimon;29.4600;;;226914;1979;2022-T4
apartament;Strada;DIMITRIE HARLESCU;pantelimon;31.1000;;;212729;1982;2022-T2
apartament;Strada;DIMITRIE HARLESCU;pantelimon;31.2900;;;257343;1981;2022-T1
apartament;Strada;DIMITRIE ONCIUL;centrala;80.0400;;;444033;1931;2022-T3
casa;Strada;DIMITRIE RACOVITA;centrala;;105.9300;;796000;1940;2022-T1
casa;Strada;DIMITRIE RACOVITA;centrala;122.8000;;;954879;1944;2022-T4
apartament;Strada;DIMITRIE RACOVITA;centrala;126.0600;;;975000;1936;2022-T1
apartament;Strada;DIMITRIE RACOVITA;centrala;138.6000;;;1048976;1936;2022-T1
apartament;Strada;DIMITRIE SALMEN, GENERAL;centrala;62.2800;;;312043;1940;2022-T3
apartament;Strada;DINU VINTILA;tei;55.6200;;;36500;1989;2022-T2
apartament;Strada;DINU VINTILA;tei;120.8100;;;1683960;2008;2022-T3
apartament;Strada;DINU VINTILA;tei;114.0500;;;;2007;2022-T1
apartament;Strada;DINU VINTILA;tei;94.7600;;;505000;2005;2022-T4
apartament;Strada;DINU VINTILA;tei;119.4100;;;1645233;2008;2022-T3
apartament;Strada;DINU VINTILA;tei;115.8200;;;1459365;2007;2022-T1
apartament;Strada;DINU VINTILA;tei;86.7200;;;1213001;2007;2022-T4
apartament;Strada;DINU VINTILA;tei;117.1700;;;1730541;2008;2022-T2
apartament;Strada;DINU VINTILA;tei;94.1500;;;1301892;2007;2022-T4
apartament;Strada;DINU VINTILA;tei;117.2800;;;1235900;2007;2022-T3
apartament;Strada;DINU VINTILA;tei;118.3000;;;1600000;2008;2022-T3
apartament;Strada;DINU VINTILA;tei;94.0700;;;1230650;2007;2022-T3
apartament;Strada;DINU VINTILA;tei;94.4100;;;1386000;2007;2022-T4
apartament;Strada;DINU VINTILA;tei;139.8400;;;1732087;2007;2022-T1
apartament;Strada;DINU VINTILA;tei;122.1700;;;1383536;2007;2022-T2
apartament;Strada;DINU VINTILA;tei;56.5800;;;565869;1988;2022-T4
apartament;Strada;DOAMNA GHICA;tei;69.8100;;;405670;1978;2022-T2
apartament;Strada;DOAMNA GHICA;colentina;65.8000;;;320775;1974;2022-T4
apartament;Strada;DOAMNA GHICA;colentina;72.6600;;;513365;1990;2022-T4
apartament;Strada;DOAMNA GHICA;colentina;72.6000;;;445122;1990;2022-T2
apartament;Strada;DOAMNA GHICA;colentina;59.2700;;;357500;1992;2022-T2
apartament;Strada;DOAMNA GHICA;colentina;92.3000;;;399982;1989;2022-T2
apartament;Strada;DOAMNA GHICA;colentina;73.8300;;;48000;1978;2022-T3
apartament;Strada;DOAMNA GHICA;colentina;71.9500;;;395768;1992;2022-T2
apartament;Strada;DOAMNA GHICA;colentina;89.0500;;;533692;1991;2022-T4
apartament;Strada;DOAMNA GHICA;colentina;35.5400;;;202000;1986;2022-T4
apartament;Strada;DOAMNA GHICA;colentina;58.7000;;;305743;1990;2022-T4
apartament;Strada;DOAMNA GHICA;colentina;73.2500;;;415682;1990;2022-T3
apartament;Strada;DOAMNA GHICA;colentina;72.7500;;;458712;1991;2022-T4
apartament;Strada;DOAMNA GHICA;colentina;59.4200;;;317637;1991;2022-T4
apartament;Strada;DOAMNA GHICA;colentina;89.6900;;;544390;1988;2022-T1
apartament;Strada;DOAMNA GHICA;colentina;65.5100;;;421600;2010;2022-T1
apartament;Strada;DOAMNA GHICA;colentina;91.5600;;;513576;2008;2022-T4
apartament;Strada;DOAMNA GHICA;colentina;53.2400;;;389177;2007;2022-T3
apartament;Strada;DOAMNA GHICA;colentina;49.9400;;;362259;2009;2022-T3
apartament;Strada;DOAMNA GHICA;colentina;50.7800;;;385468;2021;2022-T2
apartament;Strada;DOAMNA GHICA;colentina;49.8400;;;346059;2011;2022-T3
apartament;Strada;DOAMNA GHICA;colentina;50.2300;;;321600;2007;2022-T3
apartament;Strada;DOAMNA GHICA;colentina;55.6000;;;259480;2008;2022-T3
apartament;Strada;DOAMNA GHICA;colentina;149.2700;;;517921;2008;2022-T3
apartament;Strada;DOAMNA GHICA;tei;59.9800;;;335696;1976;2022-T4
apartament;Strada;DOAMNA GHICA;tei;66.7800;;;281671;1975;2022-T4
apartament;Strada;DOAMNA GHICA;tei;62.0900;;;346332;1977;2022-T2
apartament;Strada;DOAMNA GHICA;colentina;57.4000;;;321821;1987;2022-T2
apartament;Strada;DOAMNA GHICA;tei;66.4300;;;435274;1976;2022-T1
apartament;Strada;DOAMNA GHICA;tei;60.2800;;;417652;1976;2022-T4
apartament;Strada;DOAMNA GHICA;tei;60.2800;;;343941;1976;2022-T1
apartament;Strada;DOAMNA GHICA;tei;61.1800;;;311606;1975;2022-T1
apartament;Strada;DOAMNA GHICA;colentina;65.8000;;;289142;1977;2022-T2
apartament;Strada;DOAMNA GHICA;colentina;57.1800;;;205430;2011;2022-T4
casa;Strada;DOAMNA OLTEA;floreasca;;244.0000;;1800000;1926;2022-T3
casa;Strada;DOGARILOR;centrala;;76.0000;;316262;1960;2022-T4
apartament;Strada;DOGARILOR;centrala;70.4100;;;714000;2014;2022-T4
apartament;Strada;DOGARILOR;centrala;42.0400;;;185434;1910;2022-T2
apartament;Strada;DOGARILOR;centrala;40.6100;;;441000;2013;2022-T4
apartament;Strada;DOGARILOR;centrala;59.7600;;;960000;2013;2022-T2
casa;Strada;DORIN PAVEL;tei;;45.3000;;987072;1960;2022-T3
casa;Strada;DRAGOS VODA;centrala;13.0900;;;193000;2012;2022-T2
apartament;Strada;DRAGOS VODA;centrala;128.6000;;;1235775;2013;2022-T2
apartament;Strada;DRAGOS VODA;centrala;42.0300;;;75000;1940;2022-T2
apartament;Strada;DROBETA;centrala;27.4000;;;380000;1936;2022-T3
apartament;Strada;DROBETA;centrala;32.9400;;;242500;1936;2022-T3
apartament;Strada;DROBETA;centrala;48.2000;;;583769;1971;2022-T2
casa;Strada;DROPIEI;ion creanga;;148.7800;;353074;1960;2022-T4
apartament;Strada;DUMBRAVA ROSIE;centrala;;119.8700;;1530230;2020;2022-T1
apartament;Strada;DUMBRAVA ROSIE;centrala;101.8200;;;2071829;2020;2022-T1
apartament;Strada;DUMBRAVA ROSIE;centrala;238.8400;;;1238025;2020;2022-T4
apartament;Strada;DUMITRU MARINESCU;vatra luminoasa;54.2000;;;420308;1972;2022-T2
casa;Strada;DUMITRU THEODOR NECULUTA;vatra luminoasa;;40.5000;;495500;1944;2022-T2
apartament;Strada;EDUCATIEI;centrala;;71.0000;;459000;1960;2022-T4
casa;Strada;EDUCATIEI;centrala;;73.3600;;1285000;1934;2022-T4
apartament;Strada;ELENA;colentina;67.6800;;;420000;1967;2022-T4
apartament;Strada;ELENA;colentina;61.1000;;;343000;1969;2022-T4
apartament;Strada;ELENA;colentina;64.1200;;;336600;1969;2022-T3
teren;Strada;ELENA POLIZU;pantelimon;;;294.0000;142858;2022;2022-T4
apartament;Strada;EMANOIL BACALOGLU;centrala;96.6100;;;578506;1910;2022-T1
teren;Strada;EMISFEREI;ion creanga;;;1769.0000;;2022;2022-T4
casa;Strada;ENACHE SANDU;ion creanga;;183.5000;;;2022;2022-T2
casa;Strada;ENACHE SANDU;ion creanga;;196.0000;;769570;2001;2022-T3
apartament;Strada;EPISCOP ILARION;centrala;122.9600;;;866250;1934;2022-T1
casa;Strada;EPISCOP ILARION;centrala;52.4000;;;393041;1931;2022-T1
apartament;Strada;EPISCOP RADU;centrala;45.0600;;;480763;2015;2022-T4
apartament;Strada;EPISCOP RADU;centrala;71.8900;;;435000;1945;2022-T4
apartament;Strada;EPISCOP RADU;centrala;76.1000;;;555282;2007;2022-T4
apartament;Strada;EPISCOP RADU;centrala;43.9800;;;471770;2021;2022-T2
apartament;Strada;EPISCOP RADU;centrala;41.4800;;;500000;2021;2022-T2
apartament;Strada;EPISCOP RADU;centrala;44.0200;;;;2021;2022-T2
apartament;Strada;EPISCOP RADU;centrala;44.5600;;;519991;2021;2022-T2
apartament;Strada;EPISCOP RADU;centrala;60.7200;;;678118;2021;2022-T4
apartament;Strada;EPISCOP RADU;centrala;65.2600;;;672570;2021;2022-T2
apartament;Strada;EPISCOP RADU;centrala;44.4100;;;510782;2021;2022-T2
apartament;Strada;EPISCOP RADU;centrala;41.1700;;;391512;2021;2022-T2
apartament;Strada;EPISCOP RADU;centrala;44.7600;;;472175;2021;2022-T2
apartament;Strada;EPISCOP RADU;centrala;33.2200;;;363648;2021;2022-T2
casa;Strada;ESCALEI;andronache;;26.0000;;550000;1960;2022-T1
casa;Strada;EUFROSIN POTECA;iancului;8.3000;;;962416;1938;2022-T2
apartament;Strada;EUFROSIN POTECA;iancului;76.1100;;;616250;1935;2022-T4
teren;Strada;EXISTENTEI;andronache;;;467.0000;415422;2022;2022-T1
apartament;Strada;FABRICA DE GHEATA;Colentina;92.0000;;;111517;2017;2022-T4
apartament;Strada;FABRICA DE GHEATA;Colentina;94.8500;;;678300;2017;2022-T3
apartament;Strada;FABRICA DE GHEATA;Colentina;9.2700;;;589050;2017;2022-T3
apartament;Strada;FABRICA DE GHEATA;Colentina;63.3000;;;375776;1978;2022-T4
apartament;Strada;FABRICA DE GHEATA;Colentina;63.5000;;;338698;1977;2022-T1
apartament;Strada;FABRICA DE GHEATA;Colentina;76.0300;;;310000;1978;2022-T2
apartament;Strada;FABRICA DE GHEATA;Colentina;80.4400;;;400712;1980;2022-T4
apartament;Strada;FABRICA DE GHEATA;Colentina;45.5000;;;154050;1977;2022-T3
apartament;Strada;FABRICA DE GHEATA;Colentina;45.8200;;;197112;1976;2022-T4
apartament;Strada;FABRICA DE GHEATA;Colentina;46.5000;;;286514;1977;2022-T2
apartament;Strada;FABRICA DE GHEATA;Colentina;63.0300;;;419254;1977;2022-T3
apartament;Strada;FABRICA DE GHEATA;Colentina;59.0100;;;371123;1977;2022-T1
apartament;Strada;FABRICA DE GHEATA;Colentina;46.1000;;;306769;1977;2022-T2
apartament;Strada;FABRICA DE GHEATA;Colentina;48.3300;;;318825;1977;2022-T3
apartament;Strada;FABRICA DE GHEATA;Colentina;61.1500;;;311717;1977;2022-T1
apartament;Strada;FABRICA DE GHEATA;Colentina;61.2800;;;;1977;2022-T2
apartament;Strada;FABRICA DE GHEATA;Colentina;63.0300;;;356526;1977;2022-T4
apartament;Strada;FABRICA DE GHEATA;Colentina;49.1800;;;341184;1981;2022-T2
apartament;Strada;FABRICA DE GHEATA;Colentina;52.3700;;;340000;1982;2022-T2
apartament;Strada;FABRICA DE GHEATA;Colentina;52.1300;;;281850;1979;2022-T2
apartament;Strada;FABRICA DE GHEATA;Colentina;46.4300;;;326323;1978;2022-T3
apartament;Strada;FABRICA DE GHEATA;Colentina;50.0000;;;456486;2020;2022-T3
apartament;Strada;FABRICA DE GHEATA;Colentina;64.3600;;;204452;1976;2022-T1
apartament;Strada;FAINARI;centrala;49.1700;;;395896;1992;2022-T1
apartament;Strada;FAINARI;centrala;65.8000;;;528922;1981;2022-T2
apartament;Strada;FAINARI;centrala;66.6900;;;543972;1992;2022-T1
apartament;Strada;FAINARI;centrala;65.2700;;;554288;1982;2022-T1
apartament;Strada;FAINARI;centrala;47.8000;;;411764;1981;2022-T1
apartament;Strada;FAINARI;centrala;48.9500;;;418769;1984;2022-T4
apartament;Strada;FAINARI;centrala;51.1700;;;415288;1983;2022-T2
casa;Strada;FALTICENI;andronache;;168.0000;;83000;2003;2022-T3
apartament;Strada;FANTANICA;iancului;53.3500;;;341280;1979;2022-T2
apartament;Strada;FECIOAREI;centrala;64.9000;;;690176;2021;2022-T2
apartament;Strada;FECIOAREI;centrala;64.6000;;;721965;2021;2022-T2
apartament;Strada;FECIOAREI;centrala;;;24.2300;509600;2022;2022-T2
casa;Strada;FECIOAREI;centrala;4.0000;;;1131083;2021;2022-T3
apartament;Strada;FECIOAREI;centrala;44.0000;;;462976;2021;2022-T2
apartament;Strada;FECIOAREI;centrala;64.9000;;;718273;2021;2022-T3
apartament;Strada;FECIOAREI;centrala;74.6000;;;1187670;2017;2022-T3
apartament;Strada;FECIOAREI;centrala;14.0600;;;931950;1998;2022-T3
casa;Strada;FERESTREI;tei;;30.0000;;211977;1948;2022-T4
apartament;Strada;FIBREI;tei;80.8900;;;1118996;2019;2022-T3
apartament;Strada;FIBREI;tei;82.4300;;;1360814;2019;2022-T1
apartament;Strada;FIBREI;tei;80.5800;;;867000;2010;2022-T4
apartament;Strada;FLOREA LAZAR, SOLDAT;pantelimon;59.8000;;;356097;1976;2022-T2
apartament;Strada;FLOREA LAZAR, SOLDAT;pantelimon;75.5000;;;399038;1976;2022-T3
teren;Strada;FLORIAN AARON;centrala;;;112.0000;1118041;2022;2022-T1
casa;Strada;FLUIERULUI;centrala;35.9000;;;569250;1938;2022-T1
apartament;Strada;FLUIERULUI;centrala;43.9700;;;380495;1938;2022-T2
casa;Strada;FOLCLORULUI;tei;;50.0000;;217204;1960;2022-T3
casa;Strada;FRANZELARILOR;centrala;96.1600;;;487000;1901;2022-T2
apartament;Strada;FRANZELARILOR;centrala;32.7600;;;321451;1920;2022-T2
apartament;Strada;FRANZELARILOR;centrala;54.5100;;;650000;2008;2022-T2
apartament;Strada;FREDERIC CHOPIN;floreasca;44.0700;;;493100;1957;2022-T3
apartament;Strada;FREDERIC CHOPIN;floreasca;46.9000;;;122433;1954;2022-T2
apartament;Strada;FREDERIC CHOPIN;floreasca;37.3600;;;331650;1959;2022-T3
apartament;Strada;FREDERIC CHOPIN;floreasca;47.6000;;;420062;1958;2022-T2
apartament;Strada;FREDERIC CHOPIN;floreasca;43.4100;;;416949;1965;2022-T3
apartament;Strada;FREDERIC CHOPIN;floreasca;75.2700;;;1068271;1968;2022-T2
apartament;Strada;FREDERIC CHOPIN;floreasca;36.3100;;;394288;1967;2022-T4
apartament;Strada;FREDERIC CHOPIN;floreasca;;36.6400;;350000;1959;2022-T2
apartament;Strada;FREDERIC CHOPIN;floreasca;31.8300;;;341198;1964;2022-T2
apartament;Strada;FREDERIC CHOPIN;floreasca;36.9900;;;358693;1960;2022-T2
apartament;Strada;FREDERIC CHOPIN;floreasca;92.2400;;;1317762;2009;2022-T3
casa;Strada;FRUNZEI;centrala;115.4600;;;1805341;1910;2022-T4
apartament;Strada;GAETANO DONIZZETI;floreasca;217.0000;;;3004308;1925;2022-T3
apartament;Strada;GAETANO DONIZZETI;floreasca;63.1700;;;552327;2008;2022-T3
casa;Strada;GALITA;andronache;;46.0000;;325000;1960;2022-T3
casa;Strada;GATERULUI;andronache;;97.0000;;388253;1958;2022-T1
casa;Strada;GEAMANDUREI;-;;58.0000;;162326;1960;2022-T3
apartament;Strada;GEORGE MANDREA, ARHITECT;vatra luminoasa;29.8700;;;173250;1930;2022-T2
apartament;Strada;GEORGE MANDREA, ARHITECT;vatra luminoasa;44.4300;;;395272;1930;2022-T2
casa;Strada;GEORGE MANDREA, ARHITECT;vatra luminoasa;113.7900;;;828000;1945;2022-T3
casa;Strada;GEORGE MANDREA, ARHITECT;vatra luminoasa;36.8600;;;1560000;1945;2022-T3
apartament;Strada;GEORGES BIZET;floreasca;35.4100;;;358724;1965;2022-T3
apartament;Strada;GEORGES BIZET;floreasca;55.2500;;;445221;1964;2022-T2
casa;Strada;GHEORGHE D. PALADE;centrala;83.4700;;;800000;1950;2022-T2
apartament;Strada;GHEORGHE GH. BULUGEA, CAPORAL;-;87.2000;;;470250;1936;2022-T2
apartament;Strada;GHEORGHE MATAC, SOLDAT;tei;11.8800;;;543672;2021;2022-T1
apartament;Strada;GHEORGHE MATAC, SOLDAT;tei;51.3600;;;677314;2021;2022-T1
apartament;Strada;GHEORGHE MATAC, SOLDAT;tei;70.1500;;;474771;2021;2022-T1
apartament;Strada;GHEORGHE MATAC, SOLDAT;tei;107.7100;;;1023840;2021;2022-T4
apartament;Strada;GHEORGHE MATAC, SOLDAT;tei;83.1700;;;620835;2021;2022-T4
casa;Strada;GHEORGHE POP DE BASESTI;centrala;188.2300;;;697200;1937;2022-T2
apartament;Strada;GHEORGHE POP DE BASESTI;centrala;61.9800;;;628000;1959;2022-T4
apartament;Strada;GHEORGHE STANESCU, SUBLOCOTENENT;iancului;53.9000;;;400860;1978;2022-T1
apartament;Strada;GHEORGHE STANESCU, SUBLOCOTENENT;iancului;50.4500;;;397500;1978;2022-T1
apartament;Strada;GHEORGHE STANESCU, SUBLOCOTENENT;iancului;54.7300;;;385881;1979;2022-T2
apartament;Strada;GHEORGHE STANESCU, SUBLOCOTENENT;iancului;64.7000;;;460229;1979;2022-T2
apartament;Strada;GHEORGHE TITEICA;tei;35.8200;;;242550;1992;2022-T4
apartament;Strada;GHEORGHE TITEICA;tei;36.6400;;;267300;1990;2022-T1
casa;Strada;GHEORGHE TITEICA;tei;149.8000;;;703950;1940;2022-T1
casa;Strada;GHEORGHE TITEICA;tei;75.3500;;;494800;1960;2022-T1
apartament;Strada;GHEORGHE TITEICA;floreasca;95.8000;;;3001423;2020;2022-T1
apartament;Strada;GHEORGHE TITEICA;floreasca;83.1100;;;1228350;2016;2022-T4
apartament;Strada;GHEORGHE TITEICA;floreasca;197.9300;;;3388797;2014;2022-T4
apartament;Strada;GHEORGHE TITEICA;tei;36.6000;;;191302;1994;2022-T4
apartament;Strada;GHEORGHE TITEICA;tei;37.4500;;;249486;1988;2022-T4
casa;Strada;GHEORGHE ZAMFIR, SOLDAT;-;;30.0000;;118102;1960;2022-T4
apartament;Strada;GHERGHITEI;colentina;47.9100;;;283199;1979;2022-T3
apartament;Strada;GHERGHITEI;colentina;49.2000;;;316268;1978;2022-T4
apartament;Strada;GHERGHITEI;andronache;;62.4000;;534482;2015;2022-T1
apartament;Strada;GHERGHITEI;andronache;66.6000;;;678021;2020;2022-T3
casa;Strada;GHIMBAV;tei;;63.0000;;235632;1954;2022-T3
apartament;Strada;GHIOCEI;centrala;49.4100;;;407682;1982;2022-T1
apartament;Strada;GHIOCEI;centrala;52.8400;;;365302;1980;2022-T3
apartament;Strada;GIACOMO PUCCINI;floreasca;122.6500;;;1500000;2001;2022-T4
apartament;Strada;GIACOMO PUCCINI;floreasca;46.7000;;;395475;1955;2022-T3
apartament;Strada;GIACOMO PUCCINI;floreasca;47.5000;;;404801;1957;2022-T4
apartament;Strada;GIACOMO PUCCINI;floreasca;42.1500;;;395416;1953;2022-T3
apartament;Strada;GIACOMO PUCCINI;floreasca;47.9000;;;491689;1957;2022-T4
casa;Strada;GIMALAU;tei;;28.0000;;343098;1937;2022-T3
teren;Strada;GIMALAU;tei;;;120.0000;246858;2022;2022-T3
casa;Strada;GIMALAU;tei;;45.0000;;248428;1960;2022-T3
apartament;Strada;GIOACHINO ROSSINI;floreasca;20.5400;;;182939;1968;2022-T2
apartament;Strada;GIOACHINO ROSSINI;floreasca;20.2000;;;156873;1956;2022-T4
apartament;Strada;GIOACHINO ROSSINI;floreasca;45.8300;;;385883;1952;2022-T3
apartament;Strada;GIUSEPPE GARIBALDI;floreasca;96.9000;;;1706094;1970;2022-T1
apartament;Strada;GIUSEPPE GARIBALDI;floreasca;61.6400;;;615075;1957;2022-T4
apartament;Strada;GIUSEPPE GARIBALDI;floreasca;45.7500;;;422968;1959;2022-T4
apartament;Strada;GIUSEPPE GARIBALDI;floreasca;44.1900;;;417698;1960;2022-T4
apartament;Strada;GIUSEPPE GARIBALDI;floreasca;32.6900;;;380711;1960;2022-T2
apartament;Strada;GIUSEPPE GARIBALDI;floreasca;36.2600;;;380000;1960;2022-T2
apartament;Strada;GIUSEPPE GARIBALDI;floreasca;62.5900;;;48000;1960;2022-T1
apartament;Strada;GIUSEPPE GARIBALDI;floreasca;106.4700;;;1038030;1965;2022-T2
apartament;Strada;GIUSEPPE GARIBALDI;floreasca;45.7700;;;608505;1959;2022-T2
apartament;Strada;GIUSEPPE GARIBALDI;floreasca;35.4200;;;243965;1970;2022-T3
apartament;Strada;GIUSEPPE GARIBALDI;floreasca;48.1500;;;593484;1960;2022-T2
apartament;Strada;GORGAN SPATARUL;andronache;59.8000;;;370937;2021;2022-T1
casa;Strada;GORGAN SPATARUL;andronache;;16.1000;;12357;2022;2022-T3
apartament;Strada;GORGAN SPATARUL;andronache;60.1000;;;296082;2020;2022-T3
apartament;Strada;GORGAN SPATARUL;andronache;60.1000;;;370995;2021;2022-T2
apartament;Strada;GORGAN SPATARUL;andronache;;;9.0100;569135;2020;2022-T2
apartament;Strada;GORGAN SPATARUL;andronache;50.6000;;;325000;2020;2022-T1
casa;Strada;GORGAN SPATARUL;andronache;;66.0000;;270715;1969;2022-T3
apartament;Strada;GORGAN SPATARUL;andronache;;61.8000;;400390;2021;2022-T1
apartament;Strada;GORGAN SPATARUL;andronache;62.7000;;;364427;2021;2022-T3
apartament;Strada;GORGAN SPATARUL;andronache;83.6000;;;445215;2021;2022-T1
apartament;Strada;GORGAN SPATARUL;andronache;66.3000;;;402165;2019;2022-T1
apartament;Strada;GORGAN SPATARUL;andronache;70.8300;;;648439;2019;2022-T1
apartament;Strada;GORGAN SPATARUL;andronache;57.6100;;;197620;2019;2022-T1
casa;Strada;GORGAN SPATARUL;andronache;;67.0000;;177469;2015;2022-T4
casa;Strada;GORGAN SPATARUL;andronache;88.1000;;;588000;1950;2022-T3
casa;Strada;GORGAN SPATARUL;andronache;62.2100;;;35000;1960;2022-T1
casa;Strada;GRADISTEA FLORESTILOR;floreasca;143.2100;;;687127;1936;2022-T1
apartament;Strada;GRIGORE C. MOISIL;tei;46.4100;;;295254;1978;2022-T4
apartament;Strada;GRIGORE C. MOISIL;tei;53.0400;;;2943994;1971;2022-T3
apartament;Strada;GRIGORE C. MOISIL;tei;38.1000;;;247244;1975;2022-T3
apartament;Strada;GRIGORE C. MOISIL;tei;77.4800;;;414674;1976;2022-T4
apartament;Strada;GRIGORE C. MOISIL;tei;39.3290;;;276130;1975;2022-T4
apartament;Strada;GRIGORE C. MOISIL;tei;36.2100;;;225400;1975;2022-T4
apartament;Strada;GRIGORE C. MOISIL;tei;34.8700;;;227437;1976;2022-T2
apartament;Strada;GRIGORE C. MOISIL;tei;35.6900;;;267051;1975;2022-T2
apartament;Strada;GRIGORE C. MOISIL;tei;36.0600;;;259586;1975;2022-T1
apartament;Strada;GRIGORE C. MOISIL;tei;41.2700;;;253076;1975;2022-T4
apartament;Strada;GRIGORE C. MOISIL;tei;43.5000;;;255071;1980;2022-T4
apartament;Strada;GRIGORE C. MOISIL;tei;55.5300;;;469205;1975;2022-T3
apartament;Strada;GRIGORE C. MOISIL;tei;60.4600;;;402532;1975;2022-T3
apartament;Strada;GRIGORE C. MOISIL;tei;61.7000;;;415683;1978;2022-T3
apartament;Strada;GRIGORE C. MOISIL;tei;65.0200;;;431363;1987;2022-T2
apartament;Strada;GRIGORE C. MOISIL;tei;39.9900;;;242153;1975;2022-T2
apartament;Strada;GRIGORE C. MOISIL;tei;38.5000;;;210209;1977;2022-T2
apartament;Strada;GRIGORE C. MOISIL;tei;;66.0000;;36000;1975;2022-T4
apartament;Strada;GRIGORE C. MOISIL;tei;34.7900;;;252017;1979;2022-T2
apartament;Strada;GRIGORE C. MOISIL;tei;35.5600;;;350000;1978;2022-T2
apartament;Strada;GRIGORE C. MOISIL;tei;36.7200;;;;1975;2022-T1
apartament;Strada;GRIGORE C. MOISIL;tei;38.9100;;;219120;1975;2022-T4
apartament;Strada;GRIGORE C. MOISIL;tei;47.9000;;;336525;1975;2022-T1
casa;Strada;GRIGORE C. MOISIL;tei;;94.0000;;55000;1960;2022-T1
apartament;Strada;GRIGORE IONESCU;tei;65.8000;;;390655;1983;2022-T1
apartament;Strada;GRIGORE IONESCU;tei;66.9900;;;423180;1982;2022-T1
casa;Strada;GRIGORE IONESCU;tei;43.0800;;;140972;1999;2022-T2
apartament;Strada;GRIGORE IONESCU;tei;90.8700;;;574200;1986;2022-T3
apartament;Strada;GRIGORE IONESCU;tei;74.2400;;;480391;1984;2022-T4
apartament;Strada;GRIGORE IONESCU;tei;58.8000;;;371044;1993;2022-T3
apartament;Strada;GRIGORE IONESCU;tei;64.0500;;;482070;1982;2022-T2
apartament;Strada;GRIGORE IONESCU;tei;64.1400;;;469813;1986;2022-T3
apartament;Strada;GRIGORE IONESCU;tei;24.5900;;;1977666;1985;2022-T3
apartament;Strada;GRIGORE IONESCU;tei;62.1800;;;617959;1987;2022-T3
apartament;Strada;GRIGORE IONESCU;tei;79.8400;;;617837;1986;2022-T4
apartament;Strada;GRIGORE IONESCU;tei;;63.9000;;169399;1983;2022-T2
casa;Strada;GRIGORE IONESCU;tei;31.5100;;;262133;1985;2022-T1
apartament;Strada;GRIGORE IONESCU;tei;49.8000;;;351272;1986;2022-T2
apartament;Strada;GRIGORE IONESCU;tei;64.0000;;;375842;1987;2022-T1
apartament;Strada;HAMBARULUI;vatra luminoasa;20.9100;;;140865;1981;2022-T3
apartament;Strada;HAMBARULUI;vatra luminoasa;21.0900;;;113786;1979;2022-T2
apartament;Strada;HAMBARULUI;vatra luminoasa;21.0300;;;158140;1974;2022-T2
apartament;Strada;HAMBARULUI;vatra luminoasa;21.1600;;;187823;1980;2022-T3
apartament;Strada;HAMBARULUI;vatra luminoasa;20.9700;;;92673;1979;2022-T4
apartament;Strada;HAMBARULUI;vatra luminoasa;21.0500;;;160101;1978;2022-T3
apartament;Strada;HAMBARULUI;vatra luminoasa;37.6200;;;199355;1980;2022-T2
apartament;Strada;HATISULUI;pantelimon;62.2000;;;385421;1982;2022-T4
apartament;Strada;HATISULUI;pantelimon;48.7600;;;346024;1982;2022-T2
casa;Strada;HELIADE INTRE VII;colentina;;31.0000;;895805;1960;2022-T1
apartament;Strada;HELIADE INTRE VII;colentina;;55.6000;;380225;2022;2022-T4
apartament;Strada;HELIADE INTRE VII;colentina;;56.1000;;452551;2022;2022-T4
apartament;Strada;HELIADE INTRE VII;colentina;;56.3000;;331196;2022;2022-T4
apartament;Strada;HELIADE INTRE VII;colentina;55.3000;;;424992;2022;2022-T4
apartament;Strada;HELIADE INTRE VII;colentina;72.5000;;;447007;2022;2022-T4
apartament;Strada;HERTA;pantelimon;69.8000;;;415000;1984;2022-T3
apartament;Strada;HERTA;pantelimon;24.0000;;;192761;1980;2022-T2
apartament;Strada;HERTA;pantelimon;35.2000;;;259217;1970;2022-T3
apartament;Strada;HERTA;pantelimon;35.4400;;;197580;1975;2022-T4
apartament;Strada;HERTA;pantelimon;24.0000;;;197816;1984;2022-T3
apartament;Strada;HERTA;pantelimon;25.4000;;;198000;1985;2022-T1
apartament;Strada;HERTA;pantelimon;35.4000;;;250542;1975;2022-T4
apartament;Strada;HERTA;pantelimon;38.8600;;;283000;1978;2022-T3
apartament;Strada;HERTA;pantelimon;22.3300;;;178088;1976;2022-T2
apartament;Strada;HERTA;pantelimon;22.4300;;;160743;1976;2022-T2
apartament;Strada;HERTA;pantelimon;22.5000;;;152821;1974;2022-T4
apartament;Strada;HERTA;pantelimon;22.7100;;;197854;1976;2022-T3
apartament;Strada;HERTA;pantelimon;22.7400;;;152663;1978;2022-T4
apartament;Strada;HERTA;pantelimon;22.8600;;;160875;1975;2022-T3
apartament;Strada;HERTA;pantelimon;23.3000;;;133340;1970;2022-T4
apartament;Strada;HERTA;pantelimon;38.9000;;;269338;1975;2022-T4
apartament;Strada;HERTA;pantelimon;33.5700;;;197796;1981;2022-T2
apartament;Strada;HERTA;pantelimon;65.3100;;;563946;1982;2022-T2
apartament;Strada;HISPANIA;andronache;44.7700;;;341550;2018;2022-T3
casa;Strada;HOREI;centrala;;344.0000;;;2021;2022-T2
apartament;Strada;HOREI;centrala;41.0000;;;207614;1952;2022-T2
apartament;Strada;IANCU CAVALER DE FLONDOR;centrala;67.5200;;;197600;1899;2022-T1
apartament;Strada;ICOANEI;centrala;87.3000;;;979810;1939;2022-T1
apartament;Strada;ICOANEI;centrala;100.5000;;;709282;1940;2022-T1
apartament;Strada;ICOANEI;centrala;33.7000;;;222435;1930;2022-T3
teren;Strada;IERNII;centrala;;;189.9800;370444;2022;2022-T4
teren;Strada;ILARIE CHENDI;centrala;;;63.0000;57324;2022;2022-T2
teren;Strada;ILARIE CHENDI;centrala;;;100.0000;150000;2022;2022-T2
apartament;Strada;INGINERILOR TEI;tei;36.4200;;;266862;1987;2022-T2
apartament;Strada;INGINERILOR TEI;tei;36.7300;;;276852;1986;2022-T2
apartament;Strada;INGINERILOR TEI;tei;36.1000;;;204314;1986;2022-T2
apartament;Strada;INGINERILOR TEI;tei;38.3200;;;217378;1984;2022-T3
apartament;Strada;INGINERILOR TEI;tei;38.5900;;;239885;1987;2022-T3
apartament;Strada;INGINERILOR TEI;tei;36.7200;;;256433;1986;2022-T4
apartament;Strada;INGINERILOR TEI;tei;36.9000;;;282500;1985;2022-T3
apartament;Strada;INGINERILOR TEI;tei;37.4700;;;226821;1987;2022-T4
apartament;Strada;INGINERILOR TEI;tei;36.8300;;;252450;1986;2022-T3
apartament;Strada;INGINERILOR TEI;tei;36.2400;;;296934;1986;2022-T1
apartament;Strada;INGINERILOR TEI;tei;36.6800;;;212235;1986;2022-T4
apartament;Strada;INGINERILOR TEI;tei;40.3200;;;42500;1985;2022-T3
apartament;Strada;INISOR;centrala;39.6600;;;314457;1912;2022-T4
casa;Strada;IOAN URSU;-;65.0000;;;480298;1960;2022-T4
apartament;Strada;ION ANDREESCU;centrala;40.4500;;;148500;1942;2022-T1
apartament;Strada;ION ANDREESCU;centrala;26.8700;;;186868;1946;2022-T4
apartament;Strada;ION ANDREESCU;centrala;44.1900;;;236016;1937;2022-T1
casa;Strada;ION ANDREESCU;centrala;53.0100;;;1168968;1966;2022-T3
apartament;Strada;ION ANDREESCU;centrala;52.8900;;;274436;1932;2022-T2
apartament;Strada;ION CORAVU, MAIOR;vatra luminoasa;57.6900;;;579044;1969;2022-T1
apartament;Strada;ION CORAVU, MAIOR;vatra luminoasa;36.5400;;;409937;1939;2022-T3
apartament;Strada;ION CORAVU, MAIOR;vatra luminoasa;43.7600;;;341550;1968;2022-T2
apartament;Strada;ION CORAVU, MAIOR;vatra luminoasa;121.4400;;;963563;1945;2022-T4
apartament;Strada;ION CORAVU, MAIOR;vatra luminoasa;27.5400;;;222705;1967;2022-T1
apartament;Strada;ION CORAVU, MAIOR;vatra luminoasa;27.7100;;;229599;1967;2022-T3
apartament;Strada;ION CORAVU, MAIOR;vatra luminoasa;27.9100;;;187340;1967;2022-T2
apartament;Strada;ION CORAVU, MAIOR;vatra luminoasa;28.0200;;;230000;1976;2022-T3
apartament;Strada;ION CORAVU, MAIOR;vatra luminoasa;28.1100;;;259550;1967;2022-T3
apartament;Strada;ION CORAVU, MAIOR;vatra luminoasa;28.3000;;;239000;1968;2022-T2
apartament;Strada;ION CORAVU, MAIOR;vatra luminoasa;28.6500;;;247305;1968;2022-T1
apartament;Strada;ION CORAVU, MAIOR;vatra luminoasa;30.9500;;;219914;1967;2022-T1
apartament;Strada;ION CORAVU, MAIOR;vatra luminoasa;76.8800;;;711504;1984;2022-T4
apartament;Strada;ION CORAVU, MAIOR;vatra luminoasa;59.9500;;;514500;1955;2022-T3
apartament;Strada;ION CORAVU, MAIOR;vatra luminoasa;52.1000;;;468854;1948;2022-T3
apartament;Strada;ION CORAVU, MAIOR;vatra luminoasa;82.1400;;;854927;1970;2022-T3
apartament;Strada;ION CORAVU, MAIOR;vatra luminoasa;43.5900;;;369045;1960;2022-T4
apartament;Strada;ION D. BERINDEI;tei;48.4400;;;353075;1971;2022-T3
apartament;Strada;ION D. BERINDEI;tei;55.8700;;;327142;1975;2022-T2
apartament;Strada;ION D. BERINDEI;tei;32.6000;;;18701;1975;2022-T3
apartament;Strada;ION D. BERINDEI;tei;32.7600;;;207698;1975;2022-T1
apartament;Strada;ION D. BERINDEI;tei;60.0000;;;336151;1975;2022-T2
apartament;Strada;ION D. BERINDEI;tei;61.3500;;;447500;1975;2022-T3
apartament;Strada;ION D. BERINDEI;tei;31.0000;;;191029;1979;2022-T4
apartament;Strada;ION D. BERINDEI;tei;31.3000;;;211560;1976;2022-T4
apartament;Strada;ION D. BERINDEI;tei;44.7600;;;321685;1970;2022-T2
apartament;Strada;ION D. BERINDEI;tei;61.6400;;;291391;1972;2022-T2
apartament;Strada;ION D. BERINDEI;tei;64.9100;;;336000;1970;2022-T1
apartament;Strada;ION D. BERINDEI;tei;59.1900;;;349141;1970;2022-T3
apartament;Strada;ION D. BERINDEI;tei;61.2500;;;410426;1970;2022-T3
apartament;Strada;ION D. BERINDEI;tei;;44.6700;;296886;1978;2022-T1
apartament;Strada;ION D. BERINDEI;tei;48.9000;;;125779;1970;2022-T4
apartament;Strada;ION D. BERINDEI;tei;58.3900;;;369375;1970;2022-T4
apartament;Strada;ION D. BERINDEI;tei;58.8400;;;271997;1970;2022-T2
apartament;Strada;ION D. BERINDEI;tei;59.4000;;;355845;1971;2022-T2
apartament;Strada;ION D. BERINDEI;tei;60.8400;;;457678;1970;2022-T3
apartament;Strada;ION D. BERINDEI;tei;46.7700;;;349654;1971;2022-T3
apartament;Strada;ION D. BERINDEI;tei;61.1500;;;425000;1970;2022-T2
apartament;Strada;ION D. BERINDEI;tei;62.8200;;;330192;1970;2022-T2
apartament;Strada;ION D. BERINDEI;tei;49.9000;;;306659;1972;2022-T2
apartament;Strada;ION D. BERINDEI;tei;46.0200;;;306838;1975;2022-T1
apartament;Strada;ION D. BERINDEI;tei;58.4000;;;346024;1971;2022-T3
casa;Strada;ION FLORUTA;andronache;;60.0000;;290000;1960;2022-T1
apartament;Strada;ION LUCA CARAGIALE;centrala;113.0600;;;691740;1939;2022-T4
apartament;Strada;ION LUCA CARAGIALE;centrala;95.5300;;;855834;1936;2022-T4
apartament;Strada;ION LUCA CARAGIALE;centrala;105.2300;;;750000;1938;2022-T4
apartament;Strada;ION MAIORESCU;centrala;51.3400;;;458006;1984;2022-T4
apartament;Strada;ION MAIORESCU;centrala;50.6800;;;328705;1979;2022-T3
apartament;Strada;ION MAIORESCU;centrala;64.6000;;;541916;1982;2022-T1
casa;Strada;ION MAIORESCU;centrala;;138.0000;;611091;1940;2022-T1
apartament;Strada;ION MAIORESCU;centrala;40.2300;;;296922;2015;2022-T1
casa;Strada;ION MAIORESCU;centrala;;9.0000;;453739;2022;2022-T4
apartament;Strada;ION MAIORESCU;centrala;43.3000;;;270000;1950;2022-T2
casa;Strada;ION NITA, PLUTONIER;-;;72.0000;;306000;1960;2022-T1
casa;Strada;ION PORUMBACEANU;-;51.0000;;;74216;1960;2022-T2
casa;Strada;ION SCORTAN;-;;19.0000;;86130;1960;2022-T1
casa;Strada;ION SCORTAN;andronache;;72.0000;;300000;1960;2022-T2
apartament;Strada;IONITA ZAMBILA, SOLDAT;pantelimon;35.7400;;;242550;1974;2022-T1
apartament;Strada;IONITA ZAMBILA, SOLDAT;pantelimon;48.7300;;;296814;1975;2022-T2
apartament;Strada;IONITA ZAMBILA, SOLDAT;pantelimon;35.2500;;;49000;1974;2022-T3
apartament;Strada;IONITA ZAMBILA, SOLDAT;pantelimon;35.7800;;;226222;1977;2022-T2
apartament;Strada;IONITA ZAMBILA, SOLDAT;pantelimon;35.9300;;;;1976;2022-T4
apartament;Strada;IONITA ZAMBILA, SOLDAT;pantelimon;39.0000;;;178034;1974;2022-T2
apartament;Strada;IONITA ZAMBILA, SOLDAT;pantelimon;39.5000;;;188577;1975;2022-T4
apartament;Strada;IONITA ZAMBILA, SOLDAT;pantelimon;62.2500;;;385320;1974;2022-T2
apartament;Strada;IONITA ZAMBILA, SOLDAT;pantelimon;63.3000;;;296940;1975;2022-T1
apartament;Strada;IONITA ZAMBILA, SOLDAT;pantelimon;35.1000;;;232650;1974;2022-T2
apartament;Strada;IONITA ZAMBILA, SOLDAT;pantelimon;41.0700;;;251894;1977;2022-T3
apartament;Strada;IRIMICULUI;tei;60.9600;;;50000;1993;2022-T3
apartament;Strada;IRIMICULUI;tei;61.6000;;;390647;1978;2022-T2
apartament;Strada;ITALIANA;centrala;42.9000;;;316614;1937;2022-T4
apartament;Strada;ITALIANA;centrala;30.2400;;;395426;2016;2022-T2
apartament;Strada;ITALIANA;centrala;36.5300;;;444888;2016;2022-T2
apartament;Strada;ITALIANA;centrala;37.3300;;;440042;2016;2022-T2
apartament;Strada;ITALIANA;centrala;41.9000;;;49000;2015;2022-T1
apartament;Strada;ITCANI;colentina;27.4800;;;135000;2012;2022-T1
apartament;Strada;ITCANI;colentina;54.8300;;;390805;2015;2022-T2
apartament;Strada;JEAN LOUIS CALDERON;centrala;68.0700;;;865515;1980;2022-T1
apartament;Strada;JEAN LOUIS CALDERON;centrala;44.4500;;;306280;1940;2022-T4
apartament;Strada;JEAN LOUIS CALDERON;centrala;48.2500;;;344869;1948;2022-T4
apartament;Strada;JEAN LOUIS CALDERON;centrala;53.5000;;;138472;1931;2022-T2
apartament;Strada;JEAN LOUIS CALDERON;centrala;34.1100;;;346115;1932;2022-T1
apartament;Strada;JEAN LOUIS CALDERON;centrala;38.4000;;;334051;1942;2022-T1
apartament;Strada;JOHANN SEBASTIAN BACH;floreasca;61.5000;;;540408;1957;2022-T4
apartament;Strada;JOHANN SEBASTIAN BACH;floreasca;43.6000;;;591720;1958;2022-T3
apartament;Strada;JOHANN SEBASTIAN BACH;floreasca;50.9200;;;455114;1960;2022-T2
apartament;Strada;JOHANN SEBASTIAN BACH;floreasca;39.4000;;;366840;1959;2022-T4
apartament;Strada;JOHANN SEBASTIAN BACH;floreasca;40.2700;;;364890;1960;2022-T3
apartament;Strada;JOHANNES K. KEPLER;tei;70.3600;;;1038051;2020;2022-T2
apartament;Strada;JOHANNES K. KEPLER;tei;65.8000;;;290471;1991;2022-T4
apartament;Strada;JUDETULUI;tei;51.6700;;;678559;2015;2022-T4
apartament;Strada;JUDETULUI;tei;52.7500;;;945000;2015;2022-T2
teren;Strada;JUDETULUI;tei;;;;11764;2022;2022-T2
teren;Strada;JUDETULUI;tei;;;;11776;2022;2022-T2
apartament;Strada;JUDETULUI;tei;28.7300;;;252450;1965;2022-T1
apartament;Strada;JUDETULUI;tei;32.3300;;;268270;1962;2022-T3
apartament;Strada;JUDETULUI;tei;56.6300;;;472286;1962;2022-T2
apartament;Strada;JUDETULUI;tei;60.6500;;;469480;1962;2022-T4
apartament;Strada;JUDETULUI;tei;65.7000;;;445000;1979;2022-T1
apartament;Strada;JUDETULUI;tei;66.6600;;;514477;1978;2022-T2
apartament;Strada;JUDETULUI;tei;67.6200;;;444744;1979;2022-T4
casa;Strada;LANTERNEI;ion creanga;;77.0000;;46550;1960;2022-T3
apartament;Strada;LAPTARI TEI;tei;35.5600;;;257348;1975;2022-T2
apartament;Strada;LAPTARI TEI;tei;47.6600;;;301760;1975;2022-T2
apartament;Strada;LAPTARI TEI;tei;36.6000;;;232302;1960;2022-T2
apartament;Strada;LAPTARI TEI;tei;26.7800;;;230000;1959;2022-T1
apartament;Strada;LAPTARI TEI;tei;35.5000;;;257041;1974;2022-T2
apartament;Strada;LAPTARI TEI;tei;40.6900;;;294192;1975;2022-T4
apartament;Strada;LAPTARI TEI;tei;41.6100;;;286589;1975;2022-T3
apartament;Strada;LAPTARI TEI;tei;65.0000;;;425485;1984;2022-T3
apartament;Strada;LAPTARI TEI;tei;35.9500;;;257400;1975;2022-T2
apartament;Strada;LAPTARI TEI;tei;36.2600;;;279650;1977;2022-T2
apartament;Strada;LAPTARI TEI;tei;41.1300;;;238012;1975;2022-T4
casa;Strada;LECTURII;andronache;;114.0000;;600000;2005;2022-T3
casa;Strada;LEONIDA;-;23.4500;;;42836;1925;2022-T3
apartament;Strada;LEONIDA;-;33.2000;;;46179;1925;2022-T1
apartament;Strada;LIREI;centrala;36.4700;;;188000;1940;2022-T1
apartament;Strada;LIREI;centrala;58.2800;;;354645;1936;2022-T4
apartament;Strada;LIREI;centrala;31.5600;;;277200;1935;2022-T2
apartament;Strada;LIREI;centrala;32.8500;;;205080;1935;2022-T2
apartament;Strada;LIREI;centrala;58.7000;;;334396;1936;2022-T4
casa;Strada;LITORALULUI;andronache;;67.0000;;319644;1933;2022-T4
casa;Strada;LITOVOI  VOIEVOD;colentina;;82.0000;;493850;1960;2022-T4
apartament;Strada;LOGOFATUL DAN;pantelimon;34.4000;;;257040;1974;2022-T2
apartament;Strada;LOGOFATUL DAN;pantelimon;34.5200;;;271029;1974;2022-T4
apartament;Strada;LOGOFATUL DAN;pantelimon;34.8000;;;285000;1973;2022-T3
apartament;Strada;LOGOFATUL DAN;pantelimon;34.9000;;;263130;1973;2022-T3
apartament;Strada;LOGOFATUL DAN;pantelimon;35.2500;;;227419;1973;2022-T2
apartament;Strada;LOGOFATUL LUCA STROICI;centrala;;112.1100;;1656575;2018;2022-T1
casa;Strada;LOGOFATUL LUCA STROICI;centrala;90.7700;;;458462;2002;2022-T4
casa;Strada;LOGOFATUL LUCA STROICI;centrala;64.5700;;;295878;1940;2022-T3
apartament;Strada;LOGOFATUL LUCA STROICI;centrala;165.4000;;;1235550;1960;2022-T2
apartament;Strada;LUDWIG VAN BEETHOVEN;floreasca;32.2300;;;52500;1960;2022-T3
apartament;Strada;LUDWIG VAN BEETHOVEN;floreasca;40.1000;;;469423;1959;2022-T2
casa;Strada;LUIGI GALVANI;tei;;120.0000;;459900;1921;2022-T1
teren;Strada;LUMINII;centrala;;;233.1400;258910;2022;2022-T3
apartament;Strada;LUNCA FLORILOR;colentina;14.8100;;;93694;1972;2022-T3
apartament;Strada;LUNCA FLORILOR;colentina;14.9400;;;46664;1968;2022-T1
apartament;Strada;LUNCA FLORILOR;colentina;13.7700;;;86472;1968;2022-T2
apartament;Strada;LUNCA FLORILOR;colentina;14.5600;;;34159;1968;2022-T3
apartament;Strada;LUNCA FLORILOR;colentina;13.1500;;;74144;1969;2022-T2
apartament;Strada;LUNCA FLORILOR;colentina;13.2000;;;74581;1971;2022-T2
apartament;Strada;LUNCA FLORILOR;colentina;15.9800;;;80845;1978;2022-T4
apartament;Strada;LUNCA FLORILOR;colentina;13.1000;;;48430;1980;2022-T4
apartament;Strada;LUNCA FLORILOR;colentina;16.1100;;;118190;1969;2022-T1
apartament;Strada;LUNCA FLORILOR;colentina;72.6100;;;479869;1992;2022-T4
apartament;Strada;LUNCSOARA;centrala;50.8000;;;465036;1980;2022-T2
apartament;Strada;LUNCSOARA;centrala;69.5500;;;49341;1984;2022-T2
apartament;Strada;LUNCSOARA;centrala;53.3300;;;408695;1982;2022-T4
apartament;Strada;LUNCSOARA;centrala;63.9900;;;485000;1984;2022-T2
apartament;Strada;LUNCSOARA;centrala;31.2000;;;296050;1981;2022-T2
apartament;Strada;LUNTREI;tei;35.0000;;;277043;1974;2022-T3
apartament;Strada;LUNTREI;tei;35.1800;;;267300;1975;2022-T3
apartament;Strada;LUNTREI;tei;35.4200;;;247348;1974;2022-T2
apartament;Strada;LUNTREI;tei;39.2900;;;245254;1974;2022-T4
apartament;Strada;LUNTREI;tei;35.7200;;;229933;1975;2022-T3
apartament;Strada;LUNTREI;tei;22.8700;;;48750;1974;2022-T3
apartament;Strada;LUNTREI;tei;22.3700;;;150749;1975;2022-T2
apartament;Strada;LUNTREI;tei;22.4400;;;172224;2011;2022-T4
apartament;Strada;LUNTREI;tei;22.5700;;;147150;1978;2022-T3
apartament;Strada;LUNTREI;tei;22.6100;;;51949;2011;2022-T1
apartament;Strada;LUNTREI;tei;23.4600;;;128510;1974;2022-T2
apartament;Strada;LUNTREI;tei;23.5900;;;192738;1974;2022-T2
apartament;Strada;LUNTREI;tei;37.1000;;;292000;1975;2022-T1
apartament;Strada;LUNTREI;tei;37.1300;;;326300;1976;2022-T1
apartament;Strada;LUNTREI;tei;37.4600;;;217588;1975;2022-T1
apartament;Strada;LUNTREI;tei;37.5400;;;280000;1976;2022-T4
apartament;Strada;LUNTREI;tei;37.6700;;;40690;2011;2022-T3
apartament;Strada;LUNTREI;tei;37.9000;;;232650;1991;2022-T3
apartament;Strada;LUNTREI;tei;38.7000;;;192843;1976;2022-T1
casa;Strada;MACAZULUI;pantelimon;;69.0900;;150000;1960;2022-T2
casa;Strada;MACELARI;centrala;81.9900;;;544027;1939;2022-T2
casa;Strada;MACRISULUI;ion creanga;62.0000;;;256510;1970;2022-T4
casa;Strada;MAGNEZIULUI;andronache;;39.7500;;424048;1942;2022-T4
apartament;Strada;MAGURA VULTURULUI;iancului;31.3200;;;252251;1980;2022-T3
apartament;Strada;MAGURA VULTURULUI;iancului;49.1000;;;372780;1980;2022-T3
casa;Strada;MAGURA VULTURULUI;vatra luminoasa;;398.5300;;2026671;2000;2022-T2
apartament;Strada;MAGURA VULTURULUI;iancului;43.7700;;;306472;1980;2022-T2
apartament;Strada;MAGURA VULTURULUI;iancului;64.8400;;;479232;1976;2022-T1
apartament;Strada;MAGURA VULTURULUI;iancului;64.4900;;;445404;1978;2022-T2
apartament;Strada;MAGURA VULTURULUI;iancului;68.1000;;;453231;1977;2022-T2
apartament;Strada;MAGURA VULTURULUI;iancului;34.1500;;;237900;1980;2022-T3
apartament;Strada;MAGURA VULTURULUI;iancului;40.6000;;;239779;1944;2022-T1
apartament;Strada;MAGURA VULTURULUI;iancului;34.3500;;;326112;1951;2022-T3
casa;Strada;MAICA DOMNULUI;tei;;89.5100;;624230;1916;2022-T1
apartament;Strada;MAICA DOMNULUI;tei;67.5000;;;430302;1992;2022-T1
apartament;Strada;MAICA DOMNULUI;tei;95.5600;;;385320;1960;2022-T3
apartament;Strada;MAIORULUI;-;;102.6000;;1475760;2012;2022-T4
apartament;Strada;MANTULEASA;centrala;55.1900;;;554288;1986;2022-T1
casa;Strada;MARCU A. ZAMFIR, CAPORAL;andronache;;55.0000;;216180;1998;2022-T3
apartament;Strada;MARCU ARMASU;pantelimon;35.3100;;;251185;1975;2022-T3
apartament;Strada;MARCU ARMASU;pantelimon;35.7700;;;249974;1986;2022-T2
apartament;Strada;MARCU ARMASU;pantelimon;37.5800;;;128596;1974;2022-T1
apartament;Strada;MARCU ARMASU;pantelimon;48.2000;;;291949;1975;2022-T1
apartament;Strada;MARCU ARMASU;pantelimon;35.0600;;;277043;1975;2022-T3
apartament;Strada;MARCU ARMASU;pantelimon;35.4100;;;137531;1972;2022-T4
apartament;Strada;MARCU ARMASU;pantelimon;35.8000;;;182113;1974;2022-T3
apartament;Strada;MARCU ARMASU;pantelimon;35.9400;;;218432;1974;2022-T3
apartament;Strada;MARCU ARMASU;pantelimon;36.0100;;;241200;1974;2022-T1
apartament;Strada;MARCU ARMASU;pantelimon;36.1100;;;187899;1974;2022-T1
apartament;Strada;MARCU ARMASU;pantelimon;34.8000;;;147000;1974;2022-T4
apartament;Strada;MARCU ARMASU;pantelimon;35.0000;;;185090;1973;2022-T3
apartament;Strada;MARCU ARMASU;pantelimon;35.6900;;;50000;1974;2022-T2
apartament;Strada;MARCU ARMASU;pantelimon;23.5100;;;148236;1974;2022-T3
apartament;Strada;MARCU ARMASU;pantelimon;23.5300;;;172200;1974;2022-T1
apartament;Strada;MARCU ARMASU;pantelimon;38.1300;;;49400;1974;2022-T2
apartament;Strada;MARCU ARMASU;pantelimon;22.4000;;;141190;1974;2022-T4
apartament;Strada;MARCU ARMASU;pantelimon;22.6500;;;86545;1974;2022-T3
apartament;Strada;MARCU ARMASU;pantelimon;22.7500;;;192000;1974;2022-T2
apartament;Strada;MARCU ARMASU;pantelimon;36.6000;;;227240;1974;2022-T1
apartament;Strada;MARCU ARMASU;pantelimon;22.0300;;;132427;1981;2022-T3
apartament;Strada;MARCU ARMASU;pantelimon;22.9500;;;180000;1974;2022-T3
apartament;Strada;MARCU ARMASU;pantelimon;38.2100;;;211323;1974;2022-T3
casa;Strada;MARIA GHICULEASA;tei;90.2700;;;349788;1960;2022-T4
casa;Strada;MARIA GHICULEASA;tei;;207.0000;;1873020;1960;2022-T4
apartament;Strada;MARIA ROSETTI;centrala;65.4100;;;435486;1946;2022-T1
apartament;Strada;MARIA ROSETTI;centrala;29.4000;;;221893;1940;2022-T3
apartament;Strada;MARIA ROSETTI;centrala;116.3300;;;1080000;1930;2022-T2
apartament;Strada;MARIA ROSETTI;centrala;90.5900;;;432990;1938;2022-T1
apartament;Strada;MARIA ROSETTI;centrala;4.0000;;;345342;1935;2022-T1
apartament;Strada;MARIA ROSETTI;centrala;60.0600;;;56000;1910;2022-T3
casa;Strada;MARIAN CRISTESCU;colentina;;49.4100;;192975;1957;2022-T3
apartament;Strada;MARIN SAVU, SOLDAT;pantelimon;88.8000;;;675402;2020;2022-T2
apartament;Strada;MARIN SAVU, SOLDAT;pantelimon;55.0000;;;311314;2020;2022-T2
apartament;Strada;MARIN SAVU, SOLDAT;pantelimon;47.1000;;;311339;2020;2022-T4
apartament;Strada;MARIN SAVU, SOLDAT;pantelimon;88.7000;;;642720;2022;2022-T1
apartament;Strada;MARIN SAVU, SOLDAT;pantelimon;88.4000;;;691000;2020;2022-T4
apartament;Strada;MASINA DE PAINE;tei;35.8300;;;340000;1991;2022-T2
apartament;Strada;MASINA DE PAINE;tei;36.7100;;;272195;1986;2022-T1
apartament;Strada;MASINA DE PAINE;tei;45.3900;;;32356;1990;2022-T4
apartament;Strada;MASINA DE PAINE;tei;65.2000;;;398914;1970;2022-T2
apartament;Strada;MASINA DE PAINE;tei;44.5000;;;341378;1970;2022-T1
apartament;Strada;MASINA DE PAINE;tei;61.0200;;;252110;1968;2022-T2
apartament;Strada;MASINA DE PAINE;tei;46.1800;;;310000;2010;2022-T4
apartament;Strada;MASINA DE PAINE;tei;48.0000;;;376612;1969;2022-T4
apartament;Strada;MASINA DE PAINE;tei;46.6000;;;311220;1969;2022-T4
apartament;Strada;MASINA DE PAINE;tei;45.9700;;;346500;1971;2022-T1
apartament;Strada;MASINA DE PAINE;tei;59.4800;;;412215;1969;2022-T4
apartament;Strada;MASINA DE PAINE;tei;61.0400;;;400595;1968;2022-T3
apartament;Strada;MASINA DE PAINE;tei;45.9000;;;328845;1968;2022-T1
apartament;Strada;MASINA DE PAINE;tei;46.0100;;;205897;1968;2022-T4
apartament;Strada;MASINA DE PAINE;tei;50.5700;;;280000;1970;2022-T1
apartament;Strada;MASINA DE PAINE;tei;61.3000;;;320000;1970;2022-T1
apartament;Strada;MASINA DE PAINE;tei;62.0300;;;469749;1970;2022-T1
apartament;Strada;MASINA DE PAINE;tei;62.1000;;;295152;1968;2022-T4
apartament;Strada;MASINA DE PAINE;tei;65.3000;;;438363;1970;2022-T3
apartament;Strada;MASINA DE PAINE;tei;31.6400;;;242153;1968;2022-T2
apartament;Strada;MASINA DE PAINE;tei;65.6800;;;410535;1976;2022-T1
apartament;Strada;MASINA DE PAINE;tei;28.1600;;;235077;1974;2022-T2
apartament;Strada;MASINA DE PAINE;tei;28.6500;;;222705;1974;2022-T1
apartament;Strada;MASINA DE PAINE;tei;60.5700;;;442500;1977;2022-T2
apartament;Strada;MASINA DE PAINE;tei;45.1900;;;49000;1992;2022-T1
apartament;Strada;MASINA DE PAINE;tei;72.6000;;;592404;1986;2022-T4
apartament;Strada;MASINA DE PAINE;tei;43.2600;;;143688;1969;2022-T3
apartament;Strada;MASINA DE PAINE;tei;44.5500;;;338945;1970;2022-T3
apartament;Strada;MASINA DE PAINE;tei;44.9100;;;346902;1969;2022-T4
apartament;Strada;MASINA DE PAINE;tei;45.3000;;;316352;1968;2022-T2
apartament;Strada;MASINA DE PAINE;tei;62.2000;;;346059;1969;2022-T2
apartament;Strada;MASINA DE PAINE;tei;35.4900;;;291914;1986;2022-T2
apartament;Strada;MASINA DE PAINE;tei;36.1700;;;252450;1987;2022-T1
apartament;Strada;MASINA DE PAINE;tei;;;;74188;1912;2022-T1
apartament;Strada;MASINA DE PAINE;tei;50.9800;;;268000;1972;2022-T3
apartament;Strada;MASINA DE PAINE;tei;63.9000;;;307868;1969;2022-T2
apartament;Strada;MASINA DE PAINE;tei;64.2000;;;283133;1969;2022-T4
apartament;Strada;MASINA DE PAINE;tei;45.6500;;;251414;1969;2022-T4
apartament;Strada;MASINA DE PAINE;tei;61.7000;;;302769;1969;2022-T2
apartament;Strada;MASINA DE PAINE;tei;61.9000;;;272085;1969;2022-T1
apartament;Strada;MASINA DE PAINE;tei;62.7000;;;341642;1969;2022-T3
apartament;Strada;MASINA DE PAINE;tei;63.1700;;;148377;1968;2022-T1
apartament;Strada;MASINA DE PAINE;tei;44.8000;;;352000;1960;2022-T2
apartament;Strada;MASINA DE PAINE;tei;46.4400;;;296694;1968;2022-T2
apartament;Strada;MATASARI;centrala;109.1900;;;741735;1937;2022-T2
teren;Strada;MATASARI;centrala;;;77.5200;741435;2022;2022-T2
apartament;Strada;MATEI VOIEVOD;centrala;65.3600;;;425000;1963;2022-T3
apartament;Strada;MATEI VOIEVOD;centrala;;45.5400;;356173;1964;2022-T2
apartament;Strada;MATEI VOIEVOD;centrala;45.6200;;;310837;1963;2022-T3
apartament;Strada;MATEI VOIEVOD;centrala;65.3600;;;458359;1964;2022-T4
apartament;Strada;MATEI VOIEVOD;centrala;97.6600;;;1261306;2019;2022-T1
apartament;Strada;MATEI VOIEVOD;centrala;43.3500;;;560246;2018;2022-T1
apartament;Strada;MATEI VOIEVOD;centrala;45.7000;;;222557;1963;2022-T3
apartament;Strada;MATEI VOIEVOD;centrala;49.0000;;;311547;1963;2022-T1
apartament;Strada;MATEI VOIEVOD;centrala;45.6100;;;219500;1964;2022-T4
apartament;Strada;MATEI VOIEVOD;centrala;45.9900;;;251317;1962;2022-T4
apartament;Strada;MATEI VOIEVOD;centrala;48.3400;;;345170;1965;2022-T3
apartament;Strada;MATEI VOIEVOD;centrala;63.5800;;;399790;1954;2022-T1
apartament;Strada;MATEI VOIEVOD;centrala;64.9500;;;395688;1965;2022-T1
apartament;Strada;MATEI VOIEVOD;centrala;77.7400;;;642447;1929;2022-T2
casa;Strada;MATEI VOIEVOD;centrala;15.4000;;;78898;2000;2022-T4
apartament;Strada;MATEI VOIEVOD;centrala;51.2000;;;400658;1952;2022-T2
apartament;Strada;MATEI VOIEVOD;centrala;93.2200;;;177762;1940;2022-T2
apartament;Strada;MATEI VOIEVOD;centrala;77.4000;;;519472;2020;2022-T1
apartament;Strada;MATEI VOIEVOD;centrala;88.7000;;;975000;2020;2022-T4
apartament;Strada;MATEI VOIEVOD;centrala;82.4000;;;692160;2020;2022-T1
apartament;Strada;MATEI VOIEVOD;centrala;140.7100;;;191800;1940;2022-T3
casa;Strada;MATEI VOIEVOD;centrala;;108.0000;;631005;1960;2022-T3
casa;Strada;MATEI VOIEVOD;centrala;1507.5600;;;;2003;2022-T2
apartament;Strada;MECET;centrala;99.4500;;;865551;1922;2022-T2
apartament;Strada;MEDALIEI;andronache;;164.0000;;608468;2007;2022-T2
casa;Strada;MELODIEI;ion creanga;;38.3000;;196907;1960;2022-T1
casa;Strada;MELODIEI;ion creanga;;54.0000;;238080;1960;2022-T1
casa;Strada;MENTIUNII;andronache;;26.0000;;357500;1950;2022-T3
teren;Strada;MENTIUNII;andronache;;;232.0000;294768;2022;2022-T4
apartament;Strada;MIEILOR;-;59.4000;;;652225;2020;2022-T1
apartament;Strada;MIEILOR;centrala;36.4300;;;185709;1986;2022-T4
apartament;Strada;MIHAI EMINESCU;centrala;95.2500;;;1137787;1994;2022-T2
casa;Strada;MIHAI EMINESCU;centrala;36.5000;;;253791;2022;2022-T3
apartament;Strada;MIHAI EMINESCU;centrala;138.4600;;;592956;1940;2022-T2
apartament;Strada;MIHAI EMINESCU;centrala;44.3800;;;582176;2010;2022-T3
casa;Strada;MIHAI EMINESCU;centrala;136.0000;;;544225;1947;2022-T2
casa;Strada;MIHAI EMINESCU;centrala;39.8900;;;192720;1930;2022-T3
apartament;Strada;MIHAI EMINESCU;centrala;89.0000;;;726723;1981;2022-T3
apartament;Strada;MIHAI EMINESCU;centrala;71.4400;;;1156411;2020;2022-T4
apartament;Strada;MIHAI EMINESCU;centrala;55.9200;;;658705;1940;2022-T3
apartament;Strada;MIHAI EMINESCU;centrala;46.9500;;;513760;1970;2022-T2
apartament;Strada;MIHAI EMINESCU;centrala;120.3000;;;1049400;1974;2022-T2
apartament;Strada;MIHAI EMINESCU;centrala;138.8600;;;1764438;1975;2022-T4
casa;Strada;MIHAI SPATARUL;colentina;;45.0000;;227474;1960;2022-T3
teren;Strada;MIHAI SPATARUL;colentina;;;289.0000;494690;2022;2022-T2
apartament;Strada;MIHAIL GEORGESCU;centrala;;42.7900;;207500;1959;2022-T1
apartament;Strada;MIHAIL IVANOVICI GLINKA;floreasca;45.9900;;;444987;1957;2022-T2
apartament;Strada;MIHAIL IVANOVICI GLINKA;floreasca;44.7700;;;315000;1960;2022-T4
apartament;Strada;MIHAIL IVANOVICI GLINKA;floreasca;45.9900;;;431200;1963;2022-T4
apartament;Strada;MIHAIL IVANOVICI GLINKA;floreasca;45.8000;;;455298;1960;2022-T1
apartament;Strada;MIHAIL IVANOVICI GLINKA;floreasca;42.7400;;;470050;1958;2022-T2
apartament;Strada;MIHAIL IVANOVICI GLINKA;floreasca;44.1000;;;295716;1959;2022-T4
casa;Strada;MINERILOR;colentina;;46.0000;;247040;1960;2022-T3
apartament;Strada;MONUMENTULUI;centrala;89.7800;;;535777;1938;2022-T3
apartament;Strada;MONUMENTULUI;centrala;144.4000;;;1210178;1940;2022-T4
apartament;Strada;NADA FLORILOR;tei;45.9000;;;360963;1978;2022-T1
apartament;Strada;NADA FLORILOR;tei;50.3000;;;282093;1978;2022-T1
apartament;Strada;NADA FLORILOR;tei;51.4300;;;349767;1978;2022-T3
apartament;Strada;NADA FLORILOR;tei;48.2500;;;301901;1980;2022-T1
apartament;Strada;NADA FLORILOR;tei;;75.2400;;526892;2019;2022-T4
apartament;Strada;NADA FLORILOR;tei;27.8700;;;220039;1982;2022-T2
apartament;Strada;NADA FLORILOR;tei;30.8200;;;226531;1980;2022-T4
apartament;Strada;NADA FLORILOR;tei;51.1500;;;375696;1983;2022-T2
apartament;Strada;NADA FLORILOR;tei;46.6800;;;259218;1986;2022-T3
apartament;Strada;NADA FLORILOR;tei;51.9100;;;350994;1981;2022-T3
apartament;Strada;NADA FLORILOR;tei;53.1700;;;408849;1981;2022-T4
apartament;Strada;NADA FLORILOR;tei;53.8800;;;350000;1981;2022-T2
apartament;Strada;NEGUSTORI;-;47.8300;;;394224;1920;2022-T4
apartament;Strada;NEGUSTORI;-;54.3500;;;344946;1920;2022-T4
apartament;Strada;NICOLAE FILIPESCU;-;195.8900;;;2100222;1899;2022-T2
apartament;Strada;NICOLAE FILIPESCU;centrala;80.4300;;;234041;1954;2022-T4
apartament;Strada;NICOLAE FILIPESCU;centrala;18.3300;;;57892;1928;2022-T1
apartament;Strada;NICOLAE FILIPESCU;centrala;32.7500;;;139775;1928;2022-T4
apartament;Strada;NICOLAE FILIPESCU;centrala;37.9300;;;163333;1928;2022-T4
apartament;Strada;NICOLAE FILIPESCU;centrala;185.4000;;;1388173;1925;2022-T3
apartament;Strada;NICOLAE MILESCU;-;54.4000;;;297000;1932;2022-T1
apartament;Strada;NICOLAE MILESCU;iancului;35.9000;;;415431;1968;2022-T2
casa;Strada;NICOLAE ZAMFIR;andronache;;85.0000;;200069;1938;2022-T4
apartament;Strada;OBEDEANU OSCAR PICTOR;-;69.0400;;;98897;1923;2022-T2
apartament;Strada;OBORUL NOU;centrala;;27.1900;;241471;1978;2022-T4
apartament;Strada;OBORUL NOU;centrala;26.6000;;;181951;1966;2022-T4
apartament;Strada;OBORUL NOU;centrala;26.8300;;;202282;1966;2022-T3
apartament;Strada;OBORUL NOU;centrala;27.1900;;;217970;1968;2022-T4
apartament;Strada;OBORUL NOU;centrala;27.2500;;;224507;1966;2022-T3
apartament;Strada;OBORUL NOU;centrala;27.2800;;;210975;1968;2022-T3
apartament;Strada;OBORUL NOU;centrala;27.3100;;;229235;1970;2022-T4
apartament;Strada;OBORUL NOU;centrala;27.6000;;;178106;1965;2022-T2
apartament;Strada;OBORUL NOU;centrala;27.8700;;;255000;1970;2022-T3
apartament;Strada;OBORUL NOU;centrala;29.4400;;;207459;1968;2022-T3
casa;Strada;OCOLULUI;centrala;72.8400;;;1630505;1996;2022-T2
apartament;Strada;OCOLULUI;centrala;55.9600;;;886428;2019;2022-T4
casa;Strada;OCOLULUI;centrala;;201.0000;;297000;1906;2022-T4
apartament;Strada;OITUZ;andronache;38.1300;;;261886;2021;2022-T3
apartament;Strada;OITUZ;andronache;46.5800;;;370737;2021;2022-T2
apartament;Strada;OITUZ;andronache;46.5800;;;375786;2021;2022-T3
apartament;Strada;OITUZ;andronache;44.0800;;;321197;2021;2022-T3
apartament;Strada;OITUZ;andronache;42.5000;;;321451;2021;2022-T3
apartament;Strada;OLARI;centrala;24.5800;;;222540;1935;2022-T1
apartament;Strada;OLARI;centrala;31.6000;;;222386;1926;2022-T4
apartament;Strada;OLIMPIADEI;colentina;61.5700;;;469547;2009;2022-T2
apartament;Strada;OPANEZ;tei;35.8000;;;237172;1993;2022-T3
apartament;Strada;OPANEZ;tei;55.3200;;;182957;1988;2022-T3
apartament;Strada;OPANEZ;tei;23.8000;;;232467;1992;2022-T3
apartament;Strada;OPANEZ;tei;26.6000;;;235000;1981;2022-T2
apartament;Strada;OPANEZ;tei;56.6600;;;433540;1991;2022-T4
apartament;Strada;OPANEZ;tei;75.7100;;;518816;1991;2022-T3
casa;Strada;ORADEA;colentina;357.5700;;;1718952;2022;2022-T2
apartament;Strada;ORZARI;centrala;74.1000;;;729120;2020;2022-T2
apartament;Strada;ORZARI;centrala;97.2000;;;1144576;2021;2022-T3
apartament;Strada;ORZARI;centrala;3.4000;;;545450;2020;2022-T3
apartament;Strada;ORZARI;centrala;;;20.3700;516507;2022;2022-T4
apartament;Strada;ORZARI;centrala;77.0000;;;1016784;2020;2022-T2
apartament;Strada;ORZARI;centrala;54.3000;;;671926;2020;2022-T2
apartament;Strada;ORZARI;centrala;;77.0000;;1101059;2020;2022-T3
apartament;Strada;ORZARI;centrala;77.0000;;;724262;2022;2022-T2
apartament;Strada;ORZARI;centrala;78.4000;;;692696;2020;2022-T2
apartament;Strada;ORZARI;centrala;;;17.9500;692264;2022;2022-T1
apartament;Strada;ORZARI;centrala;73.8000;;;727650;2020;2022-T2
apartament;Strada;ORZARI;centrala;88.0000;;;713125;2020;2022-T4
apartament;Strada;ORZARI;centrala;73.3000;;;639600;1992;2022-T4
apartament;Strada;ORZARI;centrala;36.4800;;;326495;1992;2022-T3
apartament;Strada;ORZARI;centrala;36.9000;;;293256;1992;2022-T4
apartament;Strada;ORZARI;centrala;38.1200;;;344729;1987;2022-T3
apartament;Strada;ORZARI;centrala;100.9000;;;400000;2004;2022-T4
apartament;Strada;ORZARI;centrala;101.2000;;;345997;2020;2022-T4
apartament;Strada;OTESANI;tei;63.7900;;;197704;1985;2022-T4
apartament;Strada;OTESANI;tei;85.1500;;;492090;1983;2022-T4
apartament;Strada;OTESANI;tei;47.4700;;;367575;1986;2022-T4
apartament;Strada;OTESANI;tei;77.9000;;;539452;1985;2022-T1
apartament;Strada;OTESANI;tei;26.1400;;;177614;1986;2022-T3
apartament;Strada;OTESANI;tei;50.4000;;;384649;1978;2022-T4
apartament;Strada;OTESANI;tei;43.3700;;;335000;1970;2022-T2
apartament;Strada;OTESANI;tei;45.2000;;;316140;1974;2022-T4
apartament;Strada;OTESANI;tei;62.0400;;;381037;1970;2022-T3
apartament;Strada;OTESANI;tei;62.9800;;;410500;1975;2022-T3
apartament;Strada;OTESANI;tei;23.2000;;;173005;1986;2022-T2
apartament;Strada;OTESANI;tei;46.9000;;;529251;2021;2022-T2
apartament;Strada;OTESANI;tei;32.5000;;;375889;2021;2022-T1
apartament;Strada;OTESANI;tei;46.4000;;;486905;2021;2022-T2
apartament;Strada;OTESANI;tei;52.0000;;;596289;2021;2022-T2
apartament;Strada;OTESANI;tei;73.1000;;;479635;1987;2022-T2
apartament;Strada;OTESANI;tei;23.7000;;;221639;1986;2022-T3
apartament;Strada;OTESANI;tei;24.2700;;;185000;1986;2022-T2
apartament;Strada;PAHARNICUL TURTUREA;colentina;54.7500;;;212577;1989;2022-T4
apartament;Strada;PALEOLOGU;centrala;54.7700;;;222624;1936;2022-T2
apartament;Strada;PALEOLOGU;centrala;62.6400;;;541500;1935;2022-T3
apartament;Strada;PALEOLOGU;centrala;;20.4700;;286769;1936;2022-T2
apartament;Strada;PAMFIL NASTASE, SERGENT;centrala;50.4800;;;410617;1979;2022-T2
apartament;Strada;PAMFIL NASTASE, SERGENT;centrala;52.6500;;;395182;1991;2022-T3
apartament;Strada;PAMFIL NASTASE, SERGENT;centrala;53.9300;;;441578;1984;2022-T3
apartament;Strada;PAMFIL NASTASE, SERGENT;centrala;54.3000;;;424930;1980;2022-T2
apartament;Strada;PAMFIL NASTASE, SERGENT;centrala;49.6800;;;410567;1980;2022-T2
apartament;Strada;PAMFIL NASTASE, SERGENT;centrala;50.4000;;;410269;1980;2022-T2
apartament;Strada;PANCOTA;colentina;90.2000;;;756855;1991;2022-T4
casa;Strada;PANCOTA;colentina;;56.0000;;468036;1965;2022-T4
apartament;Strada;PANCOTA;colentina;92.1000;;;390236;1989;2022-T4
apartament;Strada;PANCOTA;colentina;35.4100;;;242759;1992;2022-T2
apartament;Strada;PANCOTA;colentina;72.6300;;;35408;1992;2022-T2
apartament;Strada;PANCOTA;colentina;73.6300;;;320663;1992;2022-T1
apartament;Strada;PANCOTA;colentina;77.3000;;;643049;2019;2022-T1
apartament;Strada;PANCOTA;colentina;37.1100;;;271329;1987;2022-T3
apartament;Strada;PANCOTA;colentina;57.9800;;;294400;1992;2022-T1
apartament;Strada;PANCOTA;colentina;73.0000;;;446400;1993;2022-T2
apartament;Strada;PANCOTA;colentina;36.4100;;;261767;1981;2022-T3
apartament;Strada;PANCOTA;colentina;36.0100;;;244817;1992;2022-T1
apartament;Strada;PANCOTA;colentina;74.2700;;;550070;1993;2022-T2
casa;Strada;PARGARILOR;tei;59.1800;;;349739;1911;2022-T3
apartament;Strada;PARGARILOR;tei;;75.3400;;541486;2017;2022-T3
casa;Strada;PARGARILOR;tei;17.0000;;;75541;2022;2022-T3
apartament;Strada;PARGARILOR;tei;82.5800;;;638512;2019;2022-T2
apartament;Strada;PARGARILOR;tei;80.8300;;;643707;2019;2022-T2
apartament;Strada;PARINTELE STANILOAE;centrala;81.0900;;;572866;1960;2022-T4
apartament;Strada;PARINTELE STANILOAE;centrala;21.0500;;;160550;1936;2022-T4
apartament;Strada;PARINTELE STANILOAE;centrala;21.0500;;;175000;1947;2022-T1
apartament;Strada;PARINTELE STANILOAE;centrala;21.5800;;;130000;1938;2022-T4
apartament;Strada;PARINTELE STANILOAE;centrala;;;;642642;1940;2022-T1
apartament;Strada;PASARANI;ion creanga;52.8000;;;333894;2020;2022-T1
apartament;Strada;PASARANI;ion creanga;55.6000;;;620523;2020;2022-T4
apartament;Strada;PASARANI;ion creanga;57.2000;;;293214;2020;2022-T4
apartament;Strada;PASARANI;ion creanga;64.1000;;;395311;2020;2022-T2
apartament;Strada;PASARANI;ion creanga;;66.2000;;259827;2020;2022-T2
apartament;Strada;PASARANI;ion creanga;46.7000;;;340949;2020;2022-T3
apartament;Strada;PASARANI;ion creanga;63.4000;;;275400;2020;2022-T4
apartament;Strada;PASARANI;ion creanga;;;19.0700;398074;2022;2022-T2
teren;Strada;PASARANI;ion creanga;;;200.0000;115000;2022;2022-T1
apartament;Strada;PASTORULUI;tei;53.9000;;;370537;1984;2022-T1
apartament;Strada;PASTORULUI;tei;64.5000;;;548628;1986;2022-T2
casa;Strada;PASTORULUI;tei;;88.0000;;945895;1936;2022-T4
apartament;Strada;PAUL GRECEANU;centrala;;69.2600;;593832;1993;2022-T3
apartament;Strada;PAUL GRECEANU;centrala;71.4100;;;568928;2022;2022-T2
apartament;Strada;PAUL GRECEANU;centrala;;81.1600;;122847;1916;2022-T3
apartament;Strada;PAUL GRECEANU;centrala;65.4500;;;710000;1981;2022-T1
apartament;Strada;PERIS;andronache;76.8600;;;450000;2015;2022-T4
casa;Strada;PERIS;andronache;;;7.5400;445347;2022;2022-T4
apartament;Strada;PESCARILOR;colentina;35.5200;;;146311;1980;2022-T3
apartament;Strada;PESCARILOR;colentina;56.6200;;;339555;1985;2022-T4
apartament;Strada;PESCARUSULUI;pantelimon;34.1500;;;220000;1984;2022-T1
apartament;Strada;PESCARUSULUI;pantelimon;53.2300;;;419815;1978;2022-T3
apartament;Strada;PESCARUSULUI;pantelimon;66.2000;;;49413;1982;2022-T2
apartament;Strada;PESCARUSULUI;pantelimon;66.0200;;;470155;1986;2022-T1
apartament;Strada;PESCARUSULUI;pantelimon;47.8000;;;325155;1982;2022-T4
apartament;Strada;PESCARUSULUI;pantelimon;47.3000;;;341301;1981;2022-T1
apartament;Strada;PESCARUSULUI;pantelimon;46.3200;;;370785;1991;2022-T3
apartament;Strada;PESCARUSULUI;pantelimon;34.1400;;;250000;1982;2022-T4
apartament;Strada;PESCARUSULUI;pantelimon;80.3000;;;495000;1981;2022-T1
apartament;Strada;PESCARUSULUI;pantelimon;71.1500;;;458407;1982;2022-T3
apartament;Strada;PESCARUSULUI;pantelimon;47.5000;;;280153;1982;2022-T3
apartament;Strada;PESCARUSULUI;pantelimon;48.1000;;;303998;1982;2022-T4
apartament;Strada;PESCARUSULUI;pantelimon;48.7000;;;336573;1981;2022-T2
apartament;Strada;PESCARUSULUI;pantelimon;47.3400;;;82473;1983;2022-T4
apartament;Strada;PETRE ANTONESCU;tei;45.8300;;;197864;1970;2022-T2
apartament;Strada;PETRE ANTONESCU;tei;51.0000;;;279030;1985;2022-T4
apartament;Strada;PETRE ANTONESCU;tei;54.4900;;;346297;1979;2022-T2
apartament;Strada;PETRE ANTONESCU;tei;67.7000;;;368775;1982;2022-T4
apartament;Strada;PETRE ANTONESCU;tei;69.7300;;;407862;1984;2022-T4
apartament;Strada;PETRE ANTONESCU;tei;50.0000;;;351121;1982;2022-T3
apartament;Strada;PETRE ANTONESCU;tei;24.3500;;;200122;1984;2022-T2
apartament;Strada;PETRE ANTONESCU;tei;54.8300;;;391050;1991;2022-T1
apartament;Strada;PETRE ANTONESCU;tei;64.2000;;;420410;1983;2022-T2
apartament;Strada;PETRE ANTONESCU;tei;50.6000;;;371175;1982;2022-T4
apartament;Strada;PETRE ANTONESCU;tei;84.3000;;;470250;1983;2022-T3
casa;Strada;PETRE NEGULESCU, LOCOTENENT;andronache;;69.0000;;70000;1973;2022-T2
teren;Strada;PETRICANI;tei;;;955.7000;2066700;2022;2022-T4
apartament;Strada;PETRICANI;tei;129.7300;;;1230005;2007;2022-T4
apartament;Strada;PETRICANI;tei;56.6200;;;444212;2009;2022-T4
apartament;Strada;PIOTR ILICI CEAIKOVSKI;floreasca;47.9000;;;460257;1956;2022-T1
apartament;Strada;PIOTR ILICI CEAIKOVSKI;floreasca;30.2300;;;251940;1960;2022-T2
apartament;Strada;PIOTR ILICI CEAIKOVSKI;floreasca;45.1900;;;344736;1961;2022-T4
apartament;Strada;PLANTELOR;centrala;52.8500;;;197720;1936;2022-T2
apartament;Strada;PLANTELOR;centrala;96.5200;;;738724;1968;2022-T2
casa;Strada;PLATICII;-;;36.0000;;49459;1950;2022-T1
casa;Strada;PODUL VADULUI;colentina;58.7000;;;197312;1952;2022-T3
casa;Strada;POEZIEI;ion creanga;;94.0000;;464113;1960;2022-T4
apartament;Strada;POIANA CU ALUNI;colentina;55.6700;;;382500;1986;2022-T3
apartament;Strada;POIANA CU ALUNI;colentina;72.6400;;;100000;1986;2022-T1
casa;Strada;POLOVRAGI;tei;;112.0000;;1087658;2006;2022-T1
apartament;Strada;POMPILIU MANOLIU, SUBLOCOTENENT;vatra luminoasa;27.0400;;;154905;1967;2022-T4
apartament;Strada;POMPILIU MANOLIU, SUBLOCOTENENT;vatra luminoasa;49.4000;;;337492;1975;2022-T4
apartament;Strada;POMPILIU MANOLIU, SUBLOCOTENENT;vatra luminoasa;49.7100;;;489961;1977;2022-T1
apartament;Strada;POMPILIU MANOLIU, SUBLOCOTENENT;vatra luminoasa;52.2900;;;345975;1977;2022-T4
apartament;Strada;POPA IANCU;colentina;;110.0000;;536760;1947;2022-T1
casa;Strada;POPA IANCU;colentina;62.2600;;;381631;1926;2022-T2
apartament;Strada;POPA LAZAR;colentina;28.2200;;;192882;2009;2022-T3
apartament;Strada;POPA NAN;centrala;40.0200;;;222300;1938;2022-T2
apartament;Strada;POPA NAN;centrala;53.7700;;;717315;2018;2022-T1
apartament;Strada;POPA NAN;centrala;60.3300;;;558920;2015;2022-T1
apartament;Strada;POPA NAN;centrala;100.7000;;;1063605;2020;2022-T1
apartament;Strada;POPA NAN;centrala;107.4000;;;1482570;2021;2022-T2
apartament;Strada;POPA NAN;centrala;78.1600;;;201422;1940;2022-T4
apartament;Strada;POPA NAN;centrala;31.0000;;;321264;2021;2022-T2
apartament;Strada;POPA NAN;centrala;45.0000;;;490226;2021;2022-T2
apartament;Strada;POPA NAN;centrala;46.0000;;;444888;2020;2022-T2
apartament;Strada;POPA NAN;centrala;52.0000;;;435051;2021;2022-T3
apartament;Strada;POPA NAN;centrala;104.0000;;;1201465;2021;2022-T1
apartament;Strada;POPA NAN;centrala;68.0000;;;706251;2021;2022-T3
apartament;Strada;POPA NAN;centrala;49.9800;;;50000;1933;2022-T3
apartament;Strada;POPA NICOLAE;colentina;36.0400;;;259465;1970;2022-T2
apartament;Strada;POPA NICOLAE;colentina;42.2000;;;247450;1959;2022-T1
apartament;Strada;POPA NICOLAE;colentina;42.8000;;;294540;1966;2022-T3
apartament;Strada;POPA NICOLAE;colentina;32.7900;;;150000;1986;2022-T2
apartament;Strada;POPA NICOLAE;colentina;25.8200;;;122965;1975;2022-T4
apartament;Strada;POPA NICOLAE;colentina;26.1000;;;125460;1974;2022-T4
apartament;Strada;POPA NICOLAE;colentina;26.5100;;;173068;1973;2022-T3
apartament;Strada;POPA NICOLAE;colentina;56.2100;;;345296;1986;2022-T3
apartament;Strada;POPA NICOLAE;colentina;42.6000;;;196988;1969;2022-T3
apartament;Strada;POPA NICOLAE;colentina;35.3100;;;246315;1986;2022-T3
apartament;Strada;POPA NICOLAE;colentina;;56.0400;;341370;1986;2022-T2
apartament;Strada;POPA NICOLAE;colentina;55.8500;;;287030;1986;2022-T2
apartament;Strada;POPA NICOLAE;colentina;58.8900;;;316672;1986;2022-T2
apartament;Strada;POPA PETRE;centrala;37.8800;;;22786;1960;2022-T4
apartament;Strada;POPA PETRE;centrala;107.2000;;;806296;1936;2022-T2
casa;Strada;POPA PETRE;centrala;;258.0600;;1332639;1920;2022-T4
apartament;Strada;POPA PETRE;centrala;34.2000;;;422988;2021;2022-T2
apartament;Strada;POPA PETRE;centrala;43.5000;;;383907;2021;2022-T2
apartament;Strada;POPA PETRE;centrala;45.6000;;;667629;2021;2022-T2
apartament;Strada;POPA PETRE;centrala;46.3000;;;310194;2021;2022-T2
apartament;Strada;POPA PETRE;centrala;55.8000;;;458872;2021;2022-T2
apartament;Strada;POPA PETRE;centrala;48.9000;;;513915;2021;2022-T2
apartament;Strada;POPA PETRE;centrala;50.3000;;;467460;2021;2022-T2
apartament;Strada;POPA PETRE;centrala;51.3000;;;519400;2021;2022-T2
apartament;Strada;POPA PETRE;centrala;54.0000;;;442900;2021;2022-T2
apartament;Strada;POPA PETRE;centrala;56.1000;;;571725;2021;2022-T2
apartament;Strada;POPA PETRE;centrala;58.7000;;;467250;2021;2022-T2
apartament;Strada;POPA PETRE;centrala;62.5000;;;504319;2021;2022-T2
apartament;Strada;POPA PETRE;centrala;;53.7000;;415701;2021;2022-T2
apartament;Strada;POPA PETRE;centrala;;55.0000;;529028;2021;2022-T4
apartament;Strada;POPA PETRE;centrala;;63.4000;;415000;2021;2022-T2
apartament;Strada;POPA PETRE;centrala;44.9000;;;470032;2021;2022-T2
apartament;Strada;POPA PETRE;centrala;45.6000;;;641056;2021;2022-T4
apartament;Strada;POPA PETRE;centrala;46.1000;;;466614;2021;2022-T2
apartament;Strada;POPA PETRE;centrala;46.2000;;;444497;2021;2022-T2
apartament;Strada;POPA PETRE;centrala;51.6000;;;459204;2021;2022-T2
apartament;Strada;POPA PETRE;centrala;54.1000;;;672126;2021;2022-T4
apartament;Strada;POPA PETRE;centrala;56.3000;;;706664;2021;2022-T1
apartament;Strada;POPA PETRE;centrala;56.4000;;;448000;2021;2022-T2
apartament;Strada;POPA PETRE;centrala;68.5000;;;637384;2021;2022-T3
apartament;Strada;POPA PETRE;centrala;70.3000;;;494920;2021;2022-T1
apartament;Strada;POPA PETRE;centrala;70.5000;;;1112018;2021;2022-T2
apartament;Strada;POPA PETRE;centrala;85.0000;;;469802;2021;2022-T1
apartament;Strada;POPA PETRE;centrala;45.4000;;;451720;2021;2022-T1
apartament;Strada;POPA PETRE;centrala;56.3000;;;502782;2021;2022-T2
apartament;Strada;POPA PETRE;centrala;106.5300;;;395384;1910;2022-T2
comercial;Strada;POPA PETRE;centrala;70.3500;;;403308;1960;2022-T4
apartament;Strada;POPA PETRE;centrala;64.5600;;;378270;1928;2022-T2
apartament;Strada;POPA RUSU;centrala;52.9000;;;543928;1982;2022-T2
apartament;Strada;POPA RUSU;centrala;36.3000;;;263482;1911;2022-T3
apartament;Strada;POPA RUSU;centrala;183.3700;;;1484280;1940;2022-T2
apartament;Strada;POPA SOARE;centrala;55.2900;;;419133;;2022-T1
apartament;Strada;PRECUPETII VECHI;centrala;69.6700;;;1020768;2022;2022-T3
apartament;Strada;PRECUPETII VECHI;centrala;76.9500;;;686813;2022;2022-T3
apartament;Strada;PRECUPETII VECHI;centrala;123.2500;;;1428879;2022;2022-T2
apartament;Strada;PRECUPETII VECHI;centrala;77.2800;;;677411;2022;2022-T2
casa;Strada;PRECUPETII VECHI;centrala;;61.7100;;1316583;1913;2022-T1
apartament;Strada;PRECUPETII VECHI;centrala;49.4600;;;420011;2009;2022-T2
casa;Strada;PREDEAL;colentina;;66.0000;;420665;1968;2022-T1
casa;Strada;PRUDENTEI;ion creanga;;92.0000;;360871;1947;2022-T3
apartament;Strada;RADOVANU;colentina;37.2700;;;246095;1986;2022-T2
apartament;Strada;RADOVANU;colentina;89.2200;;;500000;1986;2022-T2
apartament;Strada;RADOVANU;colentina;50.4900;;;288239;1985;2022-T4
apartament;Strada;RADOVANU;colentina;49.1700;;;331134;1991;2022-T3
apartament;Strada;RADOVANU;colentina;51.3900;;;330000;1986;2022-T3
apartament;Strada;RADOVANU;colentina;48.1600;;;296106;1985;2022-T3
apartament;Strada;RADOVANU;colentina;77.5800;;;548872;1986;2022-T3
apartament;Strada;RADOVANU;colentina;47.8000;;;336444;1986;2022-T2
apartament;Strada;RADU CRISTIAN, DOCTOR;centrala;56.2900;;;686280;1909;2022-T4
casa;Strada;RADU DE LA AFUMATI;centrala;112.9000;;;800913;1935;2022-T3
apartament;Strada;RADU DE LA AFUMATI;centrala;66.7000;;;668753;1939;2022-T4
apartament;Strada;RADU DE LA AFUMATI;centrala;89.7400;;;835992;1939;2022-T4
apartament;Strada;RADU DE LA AFUMATI;centrala;;78.2100;;864455;2018;2022-T4
apartament;Strada;RADU MIHAILA, SOLDAT;floreasca;76.9000;;;1221225;1936;2022-T3
apartament;Strada;RADU MIHAILA, SOLDAT;floreasca;80.4000;;;742705;1936;2022-T1
apartament;Strada;RASCOALA 1907;colentina;50.2200;;;315001;1986;2022-T3
apartament;Strada;RASCOALA 1907;colentina;54.9800;;;321470;1986;2022-T2
apartament;Strada;RASCOALA 1907;colentina;65.0000;;;395504;1986;2022-T2
apartament;Strada;RASCOALA 1907;colentina;37.4500;;;242456;1986;2022-T2
apartament;Strada;RASCOALA 1907;colentina;56.5000;;;370028;1986;2022-T2
apartament;Strada;RASCOALA 1907;colentina;59.0500;;;120000;1986;2022-T4
apartament;Strada;RASCOALA 1907;colentina;72.0300;;;395790;1984;2022-T2
apartament;Strada;RASCOALA 1907;colentina;36.4100;;;213315;1986;2022-T4
apartament;Strada;RASCOALA 1907;colentina;36.8800;;;146922;1986;2022-T2
apartament;Strada;RASCOALA 1907;colentina;37.1400;;;219973;1986;2022-T3
apartament;Strada;RASCOALA 1907;colentina;37.1500;;;257223;1986;2022-T2
apartament;Strada;RASCOALA 1907;colentina;37.4000;;;247095;1986;2022-T2
apartament;Strada;RASCOALA 1907;colentina;50.6100;;;262169;1985;2022-T2
apartament;Strada;RASCOALA 1907;colentina;71.9300;;;470000;2008;2022-T1
apartament;Strada;RASCOALA 1907;colentina;47.8800;;;362531;1985;2022-T3
apartament;Strada;RASCOALA 1907;colentina;48.2800;;;301480;1987;2022-T2
apartament;Strada;RASCOALA 1907;colentina;77.7500;;;544082;1986;2022-T1
apartament;Strada;RASCOALA 1907;colentina;37.2000;;;442181;2022;2022-T4
casa;Strada;RASCOALA 1907;colentina;;;3.9500;22966;2022;2022-T4
apartament;Strada;RASCOALA 1907;colentina;49.4300;;;340754;1989;2022-T3
apartament;Strada;RASCOALA 1907;colentina;49.3000;;;324110;1983;2022-T3
apartament;Strada;RASCOALA 1907;colentina;50.3800;;;255000;1986;2022-T4
apartament;Strada;RASCOALA 1907;colentina;69.3000;;;533742;2022;2022-T4
apartament;Strada;RASCOALA 1907;colentina;33.0000;;;24348;2022;2022-T4
apartament;Strada;RASCOALA 1907;colentina;47.2000;;;419475;2022;2022-T4
apartament;Strada;RASCOALA 1907;colentina;47.7000;;;355804;2022;2022-T4
apartament;Strada;RASCOALA 1907;colentina;69.6000;;;573705;2022;2022-T4
apartament;Strada;RASCOALA 1907;colentina;73.0000;;;607529;2022;2022-T4
apartament;Strada;RASNOV;colentina;14.5100;;;74178;1970;2022-T1
apartament;Strada;RASNOV;colentina;25.4600;;;118704;1970;2022-T1
apartament;Strada;RASNOV;colentina;73.2200;;;425000;1993;2022-T2
apartament;Strada;RASNOV;colentina;35.1700;;;235109;1990;2022-T4
casa;Strada;RASURI;centrala;134.6000;;;1039224;1921;2022-T4
apartament;Strada;RASURI;centrala;143.1500;;;1656876;1921;2022-T4
apartament;Strada;RAUSENI;colentina;64.7100;;;363233;1987;2022-T3
casa;Strada;REACTORULUI;colentina;;8.0000;;78734;1920;2022-T4
casa;Strada;REACTORULUI;colentina;30.6900;;;113181;1937;2022-T4
casa;Strada;REACTORULUI;colentina;;105.0000;;251720;2022;2022-T4
apartament;Strada;RENULUI;pantelimon;29.2900;;;197236;1979;2022-T4
apartament;Strada;RENULUI;pantelimon;50.3400;;;275520;1979;2022-T4
apartament;Strada;RENULUI;pantelimon;50.7100;;;320760;1979;2022-T4
apartament;Strada;RIPICENI;tei;28.9600;;;209787;1980;2022-T4
apartament;Strada;RIPICENI;tei;27.5000;;;222444;1980;2022-T2
apartament;Strada;RIPICENI;tei;;35.2700;;266723;1976;2022-T4
apartament;Strada;RIPICENI;tei;41.3100;;;110195;1975;2022-T3
apartament;Strada;RIPICENI;tei;54.7400;;;305601;1981;2022-T1
apartament;Strada;RIPICENI;tei;79.4300;;;517920;1980;2022-T4
apartament;Strada;RIPICENI;tei;35.5700;;;229046;1977;2022-T1
apartament;Strada;RIPICENI;tei;38.9300;;;281797;1976;2022-T3
apartament;Strada;RIPICENI;tei;39.3100;;;318823;1977;2022-T2
apartament;Strada;RIPICENI;tei;59.9900;;;382500;1992;2022-T2
apartament;Strada;RIPICENI;tei;61.5400;;;326495;1976;2022-T2
apartament;Strada;RIPICENI;tei;61.4000;;;321690;1975;2022-T4
apartament;Strada;RIPICENI;tei;34.9000;;;251186;1974;2022-T3
apartament;Strada;RIPICENI;tei;39.1500;;;265408;1975;2022-T3
apartament;Strada;RITMULUI;iancului;92.3000;;;750230;1982;2022-T3
apartament;Strada;RITMULUI;iancului;51.0000;;;319859;1983;2022-T4
apartament;Strada;ROMULUS;-;82.8700;;;593448;1934;2022-T2
apartament;Strada;RONDA;centrala;98.3000;;;469927;1930;2022-T2
apartament;Strada;RONDA;centrala;80.6000;;;834691;1938;2022-T3
casa;Strada;ROPOTULUI;andronache;;75.0000;;216000;1945;2022-T3
casa;Strada;ROPOTULUI;andronache;;68.0000;;617850;1960;2022-T3
casa;Strada;ROPOTULUI;andronache;42.1700;;;515000;1970;2022-T4
teren;Strada;ROPOTULUI;andronache;;;750.0000;66789;2022;2022-T1
apartament;Strada;ROVINE;centrala;47.0000;;;381065;1983;2022-T2
apartament;Strada;ROVINE;centrala;51.1700;;;323551;1982;2022-T4
apartament;Strada;ROVINE;centrala;64.3000;;;420299;1983;2022-T1
apartament;Strada;ROVINE;centrala;31.2400;;;279195;1980;2022-T2
apartament;Strada;ROVINE;centrala;31.3300;;;190496;1980;2022-T4
casa;Strada;RUSCHITA;vatra luminoasa;147.1200;;;837301;1940;2022-T4
casa;Strada;SALCAMILOR;centrala;;340.0000;;3898370;2021;2022-T2
casa;Strada;SALTULUI;colentina;33.3000;;;305128;1960;2022-T2
apartament;Strada;SCHEIUL DE JOS;tei;38.3300;;;98960;1950;2022-T4
casa;Strada;SCHEIUL DE JOS;tei;202.6000;;;1480000;2022;2022-T2
apartament;Strada;SCHEIUL DE JOS;tei;95.1300;;;1043287;2010;2022-T3
casa;Strada;SCOICILOR;pantelimon;42.3000;;;272123;1939;2022-T3
casa;Strada;SCOICILOR;pantelimon;;58.0000;;217677;1960;2022-T2
casa;Strada;SENESLAV VOEVOD;colentina;;25.0000;;219668;1940;2022-T3
casa;Strada;SENESLAV VOEVOD;colentina;;90.0000;;290703;1950;2022-T3
apartament;Strada;SERGHEI VASILIEVICI RAHMANINOV;floreasca;50.2500;;;280000;1942;2022-T2
apartament;Strada;SERGHEI VASILIEVICI RAHMANINOV;floreasca;44.1600;;;450000;1962;2022-T2
apartament;Strada;SERGHEI VASILIEVICI RAHMANINOV;floreasca;43.0900;;;430101;1956;2022-T3
apartament;Strada;SERGHEI VASILIEVICI RAHMANINOV;floreasca;42.3700;;;402210;1956;2022-T3
apartament;Strada;SERGHEI VASILIEVICI RAHMANINOV;floreasca;63.4600;;;534600;1957;2022-T2
apartament;Strada;SERGHEI VASILIEVICI RAHMANINOV;floreasca;76.9600;;;1222452;2008;2022-T1
apartament;Strada;SERGHEI VASILIEVICI RAHMANINOV;floreasca;81.2000;;;1412806;2020;2022-T1
apartament;Strada;SERGHEI VASILIEVICI RAHMANINOV;floreasca;41.5500;;;462535;1960;2022-T2
apartament;Strada;SERGHEI VASILIEVICI RAHMANINOV;floreasca;520.0000;;;;2020;2022-T2
apartament;Strada;SERGHEI VASILIEVICI RAHMANINOV;floreasca;51.6500;;;543972;1998;2022-T1
casa;Strada;SEVER POPESCU;ion creanga;;88.0000;;320138;1957;2022-T3
casa;Strada;SEVER POPESCU;ion creanga;;81.0000;;275413;1972;2022-T3
casa;Strada;SFANTUL NICETA;tei;;209.0000;;897300;1993;2022-T4
casa;Strada;SFANTUL PETRU TEI;tei;64.0700;;;1482390;1942;2022-T2
apartament;Strada;SFANTUL SPIRIDON;centrala;105.7500;;;950000;1971;2022-T4
apartament;Strada;SFANTUL STEFAN;centrala;164.1800;;;781584;1937;2022-T3
apartament;Strada;SFINTILOR;centrala;31.8900;;;304277;1980;2022-T1
casa;Strada;SFINTILOR;centrala;498.0300;;;;1925;2022-T1
apartament;Strada;SICA ALEXANDRESCU;vatra luminoasa;36.0000;;;400000;1940;2022-T4
casa;Strada;SICA ALEXANDRESCU;vatra luminoasa;141.8700;;;1301945;1938;2022-T4
apartament;Strada;SILVESTRU;centrala;43.0300;;;262228;1926;2022-T2
casa;Strada;SILVESTRU;centrala;;274.0000;;;2005;2022-T4
apartament;Strada;SINAIA;colentina;35.1000;;;231548;1976;2022-T3
apartament;Strada;SINAIA;colentina;68.1100;;;346318;1976;2022-T1
apartament;Strada;SINAIA;colentina;72.0200;;;415186;1992;2022-T3
apartament;Strada;SINAIA;colentina;49.3200;;;465234;1979;2022-T1
apartament;Strada;SINAIA;colentina;49.8000;;;201765;1978;2022-T4
apartament;Strada;SINAIA;colentina;50.2800;;;324061;1977;2022-T2
apartament;Strada;SINAIA;colentina;;65.5800;;197812;1976;2022-T1
apartament;Strada;SINAIA;colentina;51.8300;;;340911;1978;2022-T4
apartament;Strada;SINAIA;colentina;69.3400;;;390000;1977;2022-T2
casa;Strada;SOLTUZULUI;tei;;56.6000;;375698;1996;2022-T2
apartament;Strada;SPATARULUI;centrala;38.0000;;;295596;1942;2022-T4
apartament;Strada;SPATARULUI;centrala;37.9600;;;198000;1918;2022-T2
apartament;Strada;SPERANTEI;centrala;51.0700;;;320099;1944;2022-T4
apartament;Strada;SPERANTEI;centrala;45.8800;;;342647;1941;2022-T2
apartament;Strada;SPERANTEI;centrala;36.5300;;;445000;1930;2022-T1
apartament;Strada;SPERANTEI;centrala;21.1000;;;123516;1938;2022-T4
casa;Strada;SPERANTEI;centrala;88.0600;;;1208536;1960;2022-T3
apartament;Strada;STEFAN LUCHIAN;centrala;69.3900;;;412930;1940;2022-T3
casa;Strada;STEFAN MIHAILEANU;centrala;7.4800;;;15680;1936;2022-T3
apartament;Strada;STEFAN STEFANESCU, ELEV MILITAR;iancului;65.7100;;;414318;1982;2022-T1
apartament;Strada;STEFAN STEFANESCU, ELEV MILITAR;iancului;31.0500;;;264109;1980;2022-T4
apartament;Strada;STEFAN STEFANESCU, ELEV MILITAR;iancului;28.2500;;;55550;1982;2022-T3
apartament;Strada;STEFAN STEFANESCU, ELEV MILITAR;iancului;28.3000;;;208386;1980;2022-T4
apartament;Strada;STEFAN STEFANESCU, ELEV MILITAR;iancului;28.3000;;;205960;1981;2022-T4
apartament;Strada;STEFAN STEFANESCU, ELEV MILITAR;iancului;28.3100;;;125492;1980;2022-T4
apartament;Strada;STEFAN STEFANESCU, ELEV MILITAR;iancului;28.9500;;;256427;1981;2022-T3
apartament;Strada;STEFAN STEFANESCU, ELEV MILITAR;iancului;29.2000;;;216686;1991;2022-T3
apartament;Strada;STEFAN STEFANESCU, ELEV MILITAR;iancului;27.6000;;;192087;1984;2022-T3
apartament;Strada;STEFAN STEFANESCU, ELEV MILITAR;iancului;26.5000;;;90862;1981;2022-T2
apartament;Strada;STEFAN STEFANESCU, ELEV MILITAR;iancului;28.2500;;;173166;1981;2022-T2
apartament;Strada;STEFAN STEFANESCU, ELEV MILITAR;iancului;28.7100;;;306633;1982;2022-T2
apartament;Strada;STEFAN STEFANESCU, ELEV MILITAR;iancului;31.1500;;;257036;1982;2022-T2
apartament;Strada;STEFAN STEFANESCU, ELEV MILITAR;iancului;31.2900;;;205327;1980;2022-T1
apartament;Strada;STEFAN STEFANESCU, ELEV MILITAR;iancului;61.0300;;;579444;2016;2022-T2
apartament;Strada;STEFAN STEFANESCU, ELEV MILITAR;iancului;;;15.6900;940116;2022;2022-T1
apartament;Strada;STEFAN STEFANESCU, ELEV MILITAR;iancului;47.0800;;;383268;1980;2022-T4
apartament;Strada;STEFAN STEFANESCU, ELEV MILITAR;iancului;80.6500;;;772044;1983;2022-T2
apartament;Strada;STEFAN STEFANESCU, ELEV MILITAR;iancului;65.3000;;;378840;1979;2022-T4
apartament;Strada;STEFAN STEFANESCU, ELEV MILITAR;iancului;30.9000;;;247085;1980;2022-T4
apartament;Strada;STEFAN STEFANESCU, ELEV MILITAR;iancului;47.6000;;;370925;1980;2022-T3
apartament;Strada;STEFAN STEFANESCU, ELEV MILITAR;iancului;66.0400;;;379447;1980;2022-T2
apartament;Strada;STEFAN STEFANESCU, ELEV MILITAR;iancului;29.7000;;;256657;1980;2022-T4
apartament;Strada;STEFAN STEFANESCU, ELEV MILITAR;iancului;30.3400;;;254693;1980;2022-T1
apartament;Strada;STEFAN STEFANESCU, ELEV MILITAR;iancului;32.8800;;;222565;1980;2022-T1
apartament;Strada;STEFAN STEFANESCU, ELEV MILITAR;iancului;51.2200;;;288840;1980;2022-T1
apartament;Strada;STEFAN STEFANESCU, ELEV MILITAR;iancului;29.6000;;;225000;1982;2022-T2
apartament;Strada;STEFAN STEFANESCU, ELEV MILITAR;iancului;32.5000;;;227024;1980;2022-T3
apartament;Strada;STEFAN STEFANESCU, ELEV MILITAR;iancului;33.1000;;;229015;1980;2022-T4
apartament;Strada;STEFAN STEFANESCU, ELEV MILITAR;iancului;64.8400;;;544122;1980;2022-T4
apartament;Strada;STEFAN STEFANESCU, ELEV MILITAR;iancului;28.2700;;;207816;1991;2022-T4
apartament;Strada;STEFAN STEFANESCU, ELEV MILITAR;iancului;25.2000;;;252399;1980;2022-T1
apartament;Strada;STEFAN STEFANESCU, ELEV MILITAR;iancului;28.3000;;;259901;1980;2022-T4
apartament;Strada;STEFAN STEFANESCU, ELEV MILITAR;iancului;28.3000;;;192940;1981;2022-T2
apartament;Strada;STEFAN STEFANESCU, ELEV MILITAR;iancului;28.6000;;;217760;1981;2022-T1
apartament;Strada;STEFAN STEFANESCU, ELEV MILITAR;iancului;29.7700;;;230755;1980;2022-T3
apartament;Strada;STEFAN STEFANESCU, ELEV MILITAR;pipera sud;42.5000;;;369449;2016;2022-T4
apartament;Strada;STEFAN STEFANESCU, ELEV MILITAR;pipera sud;53.6000;;;462194;2016;2022-T3
apartament;Strada;STEFAN STEFANESCU, ELEV MILITAR;pipera sud;54.6200;;;469414;2016;2022-T2
apartament;Strada;STEFAN STEFANESCU, ELEV MILITAR;pipera sud;48.0000;;;396625;2016;2022-T3
apartament;Strada;STEFAN STEFANESCU, ELEV MILITAR;iancului;81.4000;;;543290;1981;2022-T3
teren;Strada;STEFAN STEFANESCU, ELEV MILITAR;iancului;;;239.0000;635947;2022;2022-T4
apartament;Strada;STEFAN STEFANESCU, ELEV MILITAR;iancului;27.9000;;;271986;1979;2022-T1
apartament;Strada;STEFAN STEFANESCU, ELEV MILITAR;iancului;28.1200;;;296862;1980;2022-T2
apartament;Strada;STEFAN STEFANESCU, ELEV MILITAR;iancului;28.3000;;;242496;1980;2022-T1
apartament;Strada;STEFAN STEFANESCU, ELEV MILITAR;iancului;28.3000;;;249843;1981;2022-T1
apartament;Strada;STEFAN STEFANESCU, ELEV MILITAR;iancului;28.6400;;;250000;1981;2022-T3
apartament;Strada;STEFAN STEFANESCU, ELEV MILITAR;iancului;28.2800;;;212626;1970;2022-T3
casa;Strada;STELIAN TOMOVICI, SOLDAT;-;;69.0000;;445131;1952;2022-T1
apartament;Strada;STIUCII;pantelimon;;172.3000;;904734;2011;2022-T1
casa;Strada;SUCEAVA;andronache;172.0000;;;195000;2007;2022-T3
apartament;Strada;TAMAIOAREI;tei;44.1100;;;206686;2011;2022-T4
apartament;Strada;TAMAIOAREI;tei;43.7700;;;206806;2010;2022-T4
apartament;Strada;TAMPA;iancului;63.7000;;;298000;1984;2022-T1
apartament;Strada;TAMPA;iancului;84.1900;;;550000;1984;2022-T2
apartament;Strada;TAMPA;iancului;45.4100;;;296400;1984;2022-T2
apartament;Strada;TAMPA;iancului;53.4000;;;380996;1986;2022-T2
apartament;Strada;TEIUL DOAMNEI;tei;36.4300;;;120977;1975;2022-T2
apartament;Strada;TEIUL DOAMNEI;tei;37.2700;;;167108;1985;2022-T4
apartament;Strada;TEIUL DOAMNEI;tei;31.1500;;;197676;1976;2022-T2
apartament;Strada;TEIUL DOAMNEI;tei;32.3500;;;219820;1974;2022-T3
apartament;Strada;TEIUL DOAMNEI;tei;54.3800;;;271958;1977;2022-T1
apartament;Strada;TEIUL DOAMNEI;tei;33.4000;;;256484;1977;2022-T3
apartament;Strada;TEIUL DOAMNEI;tei;31.3000;;;202659;1976;2022-T3
apartament;Strada;TEIUL DOAMNEI;tei;34.0400;;;211878;1976;2022-T3
apartament;Strada;TEIUL DOAMNEI;tei;50.5700;;;321483;1986;2022-T1
apartament;Strada;TEIUL DOAMNEI;tei;35.2600;;;281745;1974;2022-T2
apartament;Strada;TEIUL DOAMNEI;tei;35.2700;;;240000;1976;2022-T4
apartament;Strada;TEIUL DOAMNEI;tei;35.6000;;;247500;1974;2022-T2
apartament;Strada;TEIUL DOAMNEI;tei;20.8300;;;123512;1976;2022-T1
apartament;Strada;TEIUL DOAMNEI;tei;22.5300;;;152724;1974;2022-T4
apartament;Strada;TEIUL DOAMNEI;tei;23.0000;;;185625;1976;2022-T1
apartament;Strada;TEIUL DOAMNEI;tei;37.6300;;;222700;1975;2022-T1
apartament;Strada;TEIUL DOAMNEI;tei;37.8500;;;272046;1979;2022-T1
apartament;Strada;TEIUL DOAMNEI;tei;41.3000;;;250000;1983;2022-T1
apartament;Strada;TEIUL DOAMNEI;tei;51.6800;;;381967;1983;2022-T4
apartament;Strada;TEIUL DOAMNEI;tei;81.5500;;;475000;1982;2022-T2
apartament;Strada;TEIUL DOAMNEI;tei;36.0800;;;251190;1975;2022-T4
apartament;Strada;TEIUL DOAMNEI;tei;41.4900;;;151255;1975;2022-T2
apartament;Strada;TEIUL DOAMNEI;tei;55.1000;;;380488;1970;2022-T3
apartament;Strada;TEIUL DOAMNEI;tei;50.4000;;;311327;1982;2022-T4
apartament;Strada;TEIUL DOAMNEI;tei;65.0000;;;469400;1983;2022-T3
apartament;Strada;TEIUL DOAMNEI;tei;;65.0000;;492480;1985;2022-T4
apartament;Strada;TEIUL DOAMNEI;tei;74.6200;;;408000;1985;2022-T4
apartament;Strada;TEIUL DOAMNEI;tei;60.1000;;;380000;1976;2022-T3
apartament;Strada;TEIUL DOAMNEI;tei;62.0000;;;378009;1976;2022-T2
apartament;Strada;TEIUL DOAMNEI;tei;50.0000;;;277127;1983;2022-T1
apartament;Strada;TEIUL DOAMNEI;tei;33.1100;;;192765;1983;2022-T1
apartament;Strada;TEIUL DOAMNEI;tei;81.6500;;;666900;1982;2022-T4
apartament;Strada;TEIUL DOAMNEI;tei;66.5700;;;464895;1984;2022-T2
apartament;Strada;TEIUL DOAMNEI;tei;48.0000;;;144707;1983;2022-T4
apartament;Strada;TEIUL DOAMNEI;tei;108.6700;;;963826;1950;2022-T3
apartament;Strada;TELEAJEN;centrala;;;19.5100;396000;2022;2022-T1
casa;Strada;TELEAJEN;centrala;96.5800;;;1137005;2006;2022-T1
apartament;Strada;TELEAJEN;centrala;48.9900;;;452631;2010;2022-T4
apartament;Strada;TELEAJEN;centrala;;37.8000;;394000;2016;2022-T4
apartament;Strada;TELEAJEN;centrala;37.8100;;;380711;2016;2022-T2
casa;Strada;TELEAJEN;centrala;;54.0000;;245115;1960;2022-T4
apartament;Strada;TEPES VODA;centrala;15.9000;;;75000;1938;2022-T4
apartament;Strada;TEPES VODA;centrala;55.4500;;;236880;1938;2022-T4
apartament;Strada;TEPES VODA;centrala;;;17.1500;715589;2022;2022-T3
apartament;Strada;TEPES VODA;centrala;71.2700;;;930224;2018;2022-T1
apartament;Strada;TEPES VODA;centrala;96.0600;;;1082495;2018;2022-T2
apartament;Strada;TEPES VODA;centrala;78.5000;;;1236075;2020;2022-T2
apartament;Strada;TEPES VODA;centrala;37.1000;;;492970;2020;2022-T4
apartament;Strada;TEPES VODA;centrala;40.0000;;;395898;2020;2022-T1
apartament;Strada;TEPES VODA;centrala;76.5000;;;939341;2020;2022-T1
apartament;Strada;TEPES VODA;centrala;65.7000;;;48000;2020;2022-T1
apartament;Strada;TEPES VODA;centrala;64.3000;;;619500;2020;2022-T1
casa;Strada;TEPES VODA;centrala;;151.0000;;197828;1960;2022-T2
apartament;Strada;TEPES VODA;centrala;61.1700;;;618362;2020;2022-T3
apartament;Strada;TEPES VODA;centrala;;67.1100;;444879;2020;2022-T1
apartament;Strada;TEPES VODA;centrala;73.2900;;;371017;2020;2022-T2
teren;Strada;TEPES VODA;centrala;;;97.0000;123762;2022;2022-T2
casa;Strada;TEPES VODA;centrala;;90.0000;;669205;1960;2022-T4
apartament;Strada;THEODOR BUZOIU, SERGENT MAJOR;floreasca;53.6100;;;558919;2015;2022-T2
apartament;Strada;THOMAS MASARYK;centrala;74.6100;;;703150;1939;2022-T3
apartament;Strada;THOMAS MASARYK;centrala;30.2800;;;442170;1940;2022-T4
casa;Strada;THOMAS MASARYK;centrala;;578.0000;;699600;1927;2022-T4
teren;Strada;THOMAS MASARYK;centrala;;;260.0000;696600;2022;2022-T4
apartament;Strada;TITU MAIORESCU;centrala;81.9300;;;394288;1970;2022-T4
casa;Strada;TOAMNEI;centrala;49.4000;;;322836;1899;2022-T4
apartament;Strada;TOAMNEI;centrala;41.8100;;;332500;1910;2022-T1
apartament;Strada;TOAMNEI;centrala;;111.1600;;1037295;2010;2022-T3
apartament;Strada;TOAMNEI;centrala;84.9500;;;465810;2010;2022-T1
apartament;Strada;TOAMNEI;centrala;52.0200;;;817500;1968;2022-T3
apartament;Strada;TOAMNEI;centrala;96.3900;;;617500;1968;2022-T3
apartament;Strada;TOAMNEI;centrala;58.5000;;;396332;1936;2022-T4
apartament;Strada;TOAMNEI;centrala;34.3000;;;197487;1936;2022-T4
apartament;Strada;TOAMNEI;centrala;47.0000;;;212613;1947;2022-T1
casa;Strada;TOAMNEI;centrala;33.5600;;;158400;1922;2022-T3
apartament;Strada;TOAMNEI;centrala;30.9800;;;199879;1932;2022-T3
apartament;Strada;TOAMNEI;centrala;27.0200;;;50000;1963;2022-T3
apartament;Strada;TOAMNEI;centrala;24.5400;;;222372;1943;2022-T2
casa;Strada;TONY BULANDRA;vatra luminoasa;35.9000;;;1346150;2000;2022-T1
casa;Strada;TOPORULUI;andronache;;54.0000;;341957;1951;2022-T3
apartament;Strada;TRAIAN;centrala;93.5200;;;489820;1920;2022-T4
apartament;Strada;TRAIAN;centrala;40.1000;;;345299;2020;2022-T3
apartament;Strada;TRAIAN;centrala;49.9600;;;450000;1930;2022-T3
apartament;Strada;TRAIAN;centrala;60.0700;;;460671;1931;2022-T2
apartament;Strada;TRAIAN;centrala;56.3200;;;344344;1939;2022-T4
comercial;Strada;TRAIAN;centrala;;7.4300;;64296;2022;2022-T1
apartament;Strada;TRAIAN;centrala;36.5000;;;49500;1920;2022-T4
apartament;Strada;TRAIAN;centrala;3.2000;;;;1940;2022-T1
apartament;Strada;TRAIAN;centrala;73.2000;;;339838;1936;2022-T3
apartament;Strada;TRAIAN;centrala;68.2800;;;713897;2014;2022-T4
apartament;Strada;TRAIAN;centrala;51.5200;;;375888;1939;2022-T3
casa;Strada;TRAIAN GROZAVESCU;vatra luminoasa;;268.0000;;1405449;1947;2022-T4
apartament;Strada;TREI SCAUNE;colentina;68.4000;;;492060;1960;2022-T4
apartament;Strada;TUDOR ARGHEZI;centrala;41.4000;;;242264;1979;2022-T2
apartament;Strada;TUDOR ARGHEZI;centrala;41.2500;;;196512;1934;2022-T4
apartament;Strada;TUDOR ARGHEZI;centrala;57.6400;;;589668;1935;2022-T4
apartament;Strada;TUDOR ARGHEZI;centrala;146.0000;;;531250;1939;2022-T1
apartament;Strada;TUNARI;centrala;6.2800;;;;1943;2022-T4
apartament;Strada;TUNARI;centrala;77.8500;;;375000;1943;2022-T1
apartament;Strada;TUNARI;centrala;32.0000;;;10000;1981;2022-T2
apartament;Strada;TUNARI;centrala;64.9700;;;585516;1982;2022-T4
apartament;Strada;TUNARI;centrala;69.9700;;;44500;1938;2022-T4
apartament;Strada;TURBINEI;floreasca;45.0700;;;537338;1956;2022-T4
apartament;Strada;TURNATORILOR;tei;48.1300;;;414861;2016;2022-T3
apartament;Strada;TURNUL EIFFEL;tei;196.7000;;;741855;2011;2022-T2
apartament;Strada;TUZLA;tei;60.3200;;;390252;1976;2022-T3
apartament;Strada;TUZLA;tei;61.1900;;;445005;1976;2022-T1
apartament;Strada;TUZLA;tei;65.0300;;;321042;1976;2022-T4
apartament;Strada;TUZLA;tei;91.9000;;;1010000;2009;2022-T2
apartament;Strada;TUZLA;tei;84.8100;;;1600000;2008;2022-T4
apartament;Strada;TUZLA;tei;59.4600;;;693000;2009;2022-T3
apartament;Strada;TUZLA;tei;59.4500;;;657650;2008;2022-T2
apartament;Strada;TUZLA;tei;58.9200;;;617737;2007;2022-T2
apartament;Strada;TUZLA;tei;58.4600;;;828000;2008;2022-T4
apartament;Strada;TUZLA;tei;58.9400;;;732307;2008;2022-T1
apartament;Strada;TUZLA;tei;127.6700;;;1826320;2009;2022-T4
apartament;Strada;TUZLA;tei;74.0700;;;898730;2008;2022-T3
apartament;Strada;VALEA JIULUI;colentina;49.0000;;;415800;2020;2022-T4
apartament;Strada;VALEA JIULUI;colentina;;72.4900;;418258;2020;2022-T2
apartament;Strada;VALEA JIULUI;colentina;47.2400;;;311290;2021;2022-T2
apartament;Strada;VALEA JIULUI;colentina;50.7600;;;425607;2020;2022-T1
apartament;Strada;VALEA JIULUI;colentina;;42.5100;;306356;2022;2022-T1
apartament;Strada;VALEA JIULUI;colentina;39.2600;;;306355;2020;2022-T4
apartament;Strada;VALEA JIULUI;colentina;42.5600;;;327458;2020;2022-T2
casa;Strada;VALEA NUCULUI;tei;185.9400;;;2721400;2022;2022-T1
casa;Strada;VAPORUL LUI ASSAN;tei;75.7800;;;450000;1960;2022-T4
casa;Strada;VAPORUL LUI ASSAN;tei;201.8300;;;726107;2013;2022-T3
apartament;Strada;VASCAU;ion creanga;;110.0000;;543994;1960;2022-T3
teren;Strada;VASCAU;ion creanga;;;167.0000;643994;2022;2022-T3
apartament;Strada;VASELOR;centrala;107.3000;;;124000;2016;2022-T1
apartament;Strada;VASELOR;centrala;65.7700;;;583097;1980;2022-T2
apartament;Strada;VASELOR;centrala;90.3000;;;915028;2007;2022-T3
casa;Strada;VASELOR;centrala;59.0900;;;302677;1940;2022-T2
apartament;Strada;VASELOR;centrala;43.8900;;;172931;1930;2022-T2
apartament;Strada;VASELOR;centrala;92.0300;;;550000;1937;2022-T2
casa;Strada;VASELOR;centrala;3.4800;;;71307;1981;2022-T3
apartament;Strada;VASELOR;centrala;50.5000;;;271903;1928;2022-T3
apartament;Strada;VASILE BACILA, MAIOR;colentina;62.8900;;;351379;1980;2022-T1
apartament;Strada;VASILE BACILA, MAIOR;colentina;79.9000;;;474826;1980;2022-T3
apartament;Strada;VASILE BACILA, MAIOR;colentina;80.8000;;;455308;1978;2022-T4
apartament;Strada;VASILE BACILA, MAIOR;colentina;65.8300;;;345900;2013;2022-T3
apartament;Strada;VASILE BACILA, MAIOR;colentina;51.0000;;;351087;1986;2022-T2
apartament;Strada;VASILE BACILA, MAIOR;colentina;59.0000;;;288232;1987;2022-T3
apartament;Strada;VASILE BACILA, MAIOR;colentina;62.9300;;;420000;1987;2022-T4
apartament;Strada;VASILE BACILA, MAIOR;colentina;55.3200;;;241617;1986;2022-T4
apartament;Strada;VASILE BACILA, MAIOR;colentina;;38.2400;;113803;2008;2022-T3
apartament;Strada;VASILE BACILA, MAIOR;colentina;37.4000;;;;2008;2022-T3
apartament;Strada;VASILE BACILA, MAIOR;colentina;37.8000;;;222543;2008;2022-T2
apartament;Strada;VASILE BACILA, MAIOR;colentina;38.2400;;;262074;2008;2022-T2
apartament;Strada;VASILE BACILA, MAIOR;colentina;39.0600;;;116493;2008;2022-T4
apartament;Strada;VASILE BACILA, MAIOR;colentina;;53.2800;;158811;2008;2022-T4
apartament;Strada;VASILE BACILA, MAIOR;colentina;;53.3000;;355809;2007;2022-T4
apartament;Strada;VASILE BACILA, MAIOR;colentina;56.0000;;;292404;1986;2022-T3
apartament;Strada;VASILE BACILA, MAIOR;colentina;58.5000;;;346066;1986;2022-T3
apartament;Strada;VASILE BACILA, MAIOR;colentina;71.7300;;;535000;1984;2022-T2
apartament;Strada;VASILE BACILA, MAIOR;colentina;51.5600;;;317014;1986;2022-T4
apartament;Strada;VASILE BACILA, MAIOR;colentina;53.0000;;;272025;1988;2022-T1
apartament;Strada;VASILE BACILA, MAIOR;colentina;;53.2800;;170928;2008;2022-T2
apartament;Strada;VASILE BACILA, MAIOR;colentina;38.2400;;;123051;2008;2022-T3
apartament;Strada;VASILE BACILA, MAIOR;colentina;53.0600;;;171190;2008;2022-T3
apartament;Strada;VASILE BACILA, MAIOR;colentina;53.2800;;;171011;2008;2022-T3
apartament;Strada;VASILE BACILA, MAIOR;colentina;37.8000;;;122738;2008;2022-T3
apartament;Strada;VASILE BACILA, MAIOR;colentina;38.2400;;;122483;2008;2022-T3
apartament;Strada;VASILE BACILA, MAIOR;colentina;39.0600;;;125993;2008;2022-T3
apartament;Strada;VASILE BACILA, MAIOR;colentina;53.2800;;;170845;2008;2022-T3
apartament;Strada;VASILE BACILA, MAIOR;colentina;53.2800;;;171011;2008;2022-T3
apartament;Strada;VASILE BACILA, MAIOR;colentina;53.2800;;;171011;2008;2022-T3
apartament;Strada;VASILE BACILA, MAIOR;colentina;53.2800;;;171971;2008;2022-T3
apartament;Strada;VASILE BACILA, MAIOR;colentina;53.2800;;;171011;2010;2022-T3
apartament;Strada;VASILE BACILA, MAIOR;colentina;53.2800;;;170789;2008;2022-T3
apartament;Strada;VASILE BACILA, MAIOR;colentina;63.2800;;;343224;1987;2022-T4
apartament;Strada;VASILE BACILA, MAIOR;colentina;64.0000;;;321921;1987;2022-T4
apartament;Strada;VASILE BACILA, MAIOR;colentina;50.9100;;;245630;1986;2022-T4
apartament;Strada;VASILE BACILA, MAIOR;colentina;62.7200;;;443781;1991;2022-T4
teren;Strada;VASILE BACILA, MAIOR;colentina;;;200.0000;214140;2022;2022-T3
apartament;Strada;VASILE BACILA, MAIOR;colentina;69.8000;;;346157;1986;2022-T3
apartament;Strada;VASILE CONTA;-;38.7600;;;281211;1940;2022-T4
apartament;Strada;VASILE CONTA;centrala;31.2300;;;247500;1941;2022-T3
apartament;Strada;VASILE CONTA;centrala;111.1700;;;400000;1943;2022-T3
apartament;Strada;VASILE CONTA;centrala;;42.4600;;313600;1941;2022-T3
apartament;Strada;VASILE CONTA;centrala;43.9200;;;321191;1943;2022-T3
apartament;Strada;VASILE CONTA;centrala;28.9400;;;193360;1980;2022-T3
apartament;Strada;VASILE CONTA;centrala;52.1600;;;680470;1981;2022-T3
apartament;Strada;VASILE LASCAR;centrala;73.2800;;;638369;1902;2022-T2
apartament;Strada;VASILE LASCAR;centrala;118.5300;;;103320;1936;2022-T4
casa;Strada;VASILE LASCAR;centrala;89.4700;;;915084;1932;2022-T2
casa;Strada;VASILE LASCAR;centrala;;222.8500;;1113457;1940;2022-T1
apartament;Strada;VASILE LASCAR;centrala;115.5400;;;1900000;2013;2022-T3
apartament;Strada;VASILE LASCAR;centrala;124.8500;;;469841;1937;2022-T2
apartament;Strada;VASILE LASCAR;centrala;78.8500;;;940291;1994;2022-T1
apartament;Strada;VASILE LASCAR;centrala;23.2100;;;74233;1994;2022-T1
apartament;Strada;VASILE LASCAR;centrala;;40.0600;;222714;1942;2022-T1
apartament;Strada;VASILE LASCAR;centrala;70.0000;;;831300;2020;2022-T3
apartament;Strada;VASILE LASCAR;centrala;45.3000;;;608013;2020;2022-T2
apartament;Strada;VASILE LASCAR;centrala;87.2000;;;236850;2020;2022-T1
apartament;Strada;VASILE LASCAR;centrala;42.5000;;;381291;2020;2022-T4
apartament;Strada;VASILE LASCAR;centrala;34.7000;;;543459;2020;2022-T1
apartament;Strada;VASILE LASCAR;centrala;89.4000;;;846009;2020;2022-T2
apartament;Strada;VASILE LASCAR;centrala;32.1800;;;204284;1937;2022-T3
apartament;Strada;VASILE LASCAR;centrala;46.7700;;;321431;1937;2022-T3
apartament;Strada;VASILE LASCAR;centrala;33.6000;;;430389;2020;2022-T1
apartament;Strada;VASILE LASCAR;centrala;219.9000;;;1286012;1945;2022-T1
apartament;Strada;VASILE LASCAR;centrala;35.6500;;;284504;1947;2022-T1
apartament;Strada;VASILE LASCAR;centrala;40.0600;;;306708;1949;2022-T2
apartament;Strada;VASILE LASCAR;centrala;;59.7300;;393968;1940;2022-T4
apartament;Strada;VASILE STOLNICUL;colentina;55.5000;;;301864;1982;2022-T3
apartament;Strada;VASILE STOLNICUL;colentina;56.6000;;;297000;1986;2022-T2
apartament;Strada;VASILE STOLNICUL;colentina;15.9600;;;46992;1966;2022-T2
apartament;Strada;VASILE STOLNICUL;colentina;25.2800;;;102765;1962;2022-T3
apartament;Strada;VASILE STOLNICUL;colentina;56.2500;;;327500;1987;2022-T2
apartament;Strada;VASILE STOLNICUL;colentina;58.3600;;;375000;1987;2022-T3
apartament;Strada;VASILE STOLNICUL;colentina;25.4600;;;95118;1971;2022-T3
apartament;Strada;VASILE STOLNICUL;colentina;14.2800;;;88590;1968;2022-T4
apartament;Strada;VASILE STOLNICUL;colentina;14.3700;;;49700;1968;2022-T4
apartament;Strada;VASILE STOLNICUL;colentina;35.1400;;;148467;1964;2022-T1
apartament;Strada;VASILE STOLNICUL;colentina;54.2000;;;206994;1986;2022-T2
apartament;Strada;VASILE STOLNICUL;colentina;14.9000;;;68768;1980;2022-T4
apartament;Strada;VASILE STOLNICUL;colentina;56.1000;;;325000;2011;2022-T3
apartament;Strada;VASILE STOLNICUL;colentina;72.8200;;;450000;2087;2022-T2
apartament;Strada;VASILE STOLNICUL;colentina;14.4100;;;88165;1968;2022-T4
apartament;Strada;VASILE STOLNICUL;colentina;14.9400;;;74103;1970;2022-T4
apartament;Strada;VASILE STOLNICUL;colentina;14.3300;;;74173;1982;2022-T3
apartament;Strada;VASILE STOLNICUL;colentina;14.9400;;;76725;1974;2022-T1
apartament;Strada;VASILE STOLNICUL;colentina;25.5300;;;132864;1970;2022-T4
apartament;Strada;VASILE VASILIEVICI STROESCU;centrala;55.7800;;;311560;1920;2022-T2
apartament;Strada;VATRA LUMINOASA;vatra luminoasa;43.2400;;;294973;1961;2022-T4
apartament;Strada;VATRA LUMINOASA;vatra luminoasa;43.6600;;;313600;1962;2022-T3
apartament;Strada;VATRA LUMINOASA;vatra luminoasa;49.3500;;;391352;1960;2022-T4
apartament;Strada;VATRA LUMINOASA;vatra luminoasa;51.7200;;;147759;1959;2022-T4
apartament;Strada;VATRA LUMINOASA;vatra luminoasa;36.4100;;;336198;1959;2022-T2
apartament;Strada;VATRA LUMINOASA;vatra luminoasa;37.7000;;;257500;1959;2022-T2
apartament;Strada;VATRA LUMINOASA;vatra luminoasa;28.3100;;;215000;1960;2022-T2
apartament;Strada;VATRA LUMINOASA;vatra luminoasa;42.9400;;;306633;1965;2022-T1
apartament;Strada;VATRA LUMINOASA;vatra luminoasa;74.3200;;;459839;1963;2022-T4
apartament;Strada;VATRA LUMINOASA;vatra luminoasa;123.9700;;;900117;1978;2022-T2
apartament;Strada;VATRA LUMINOASA;vatra luminoasa;88.5700;;;578120;1977;2022-T2
apartament;Strada;VATRA LUMINOASA;vatra luminoasa;;72.2000;;444600;1972;2022-T3
apartament;Strada;VATRA LUMINOASA;vatra luminoasa;51.7900;;;375182;1976;2022-T4
apartament;Strada;VATRA LUMINOASA;vatra luminoasa;54.0800;;;544280;1972;2022-T2
apartament;Strada;VATRA LUMINOASA;vatra luminoasa;76.6500;;;420639;1971;2022-T1
apartament;Strada;VATRA LUMINOASA;vatra luminoasa;80.7500;;;296820;1970;2022-T2
casa;Strada;VELINTEI;ion creanga;75.0000;;;441342;1955;2022-T4
apartament;Strada;VICTOR MANU, LOCOTENENT;vatra luminoasa;113.4200;;;1409966;2001;2022-T1
apartament;Strada;VIDIN;tei;25.9700;;;191786;1986;2022-T4
apartament;Strada;VIDIN;tei;56.3000;;;333403;1994;2022-T2
apartament;Strada;VIDIN;tei;56.2000;;;132248;1992;2022-T4
apartament;Strada;VIDIN;tei;56.9400;;;387719;1991;2022-T2
teren;Strada;VIDIN;tei;;;193.0000;260000;2022;2022-T3
apartament;Strada;VIDIN;tei;52.6800;;;419620;1991;2022-T4
apartament;Strada;VIDIN;tei;62.5100;;;381467;1990;2022-T3
apartament;Strada;VIDIN;tei;88.5600;;;1063110;2017;2022-T2
apartament;Strada;VIESPARILOR;centrala;42.4500;;;553500;1931;2022-T4
apartament;Strada;VIESPARILOR;centrala;54.0300;;;431051;2009;2022-T3
apartament;Strada;VIESPARILOR;centrala;51.8500;;;516751;1980;2022-T3
apartament;Strada;VIESPARILOR;centrala;52.1900;;;415086;1980;2022-T2
apartament;Strada;VIESPARILOR;centrala;86.1000;;;657778;1982;2022-T2
teren;Strada;VIITORULUI;centrala;;;300.0000;1038891;2022;2022-T2
apartament;Strada;VIITORULUI;centrala;104.2400;;;444870;1950;2022-T2
casa;Strada;VIITORULUI;centrala;;89.1000;;618287;1940;2022-T4
teren;Strada;VIITORULUI;centrala;;;225.0000;593556;2022;2022-T4
apartament;Strada;VIITORULUI;centrala;48.0900;;;418029;1981;2022-T4
apartament;Strada;VIITORULUI;centrala;51.5800;;;409322;1981;2022-T2
apartament;Strada;VIITORULUI;centrala;50.2000;;;420019;1982;2022-T3
apartament;Strada;VIITORULUI;centrala;50.4500;;;346423;1981;2022-T1
comercial;Strada;VIITORULUI;centrala;105.2500;;;33082;1962;2022-T2
apartament;Strada;VIITORULUI;centrala;89.9000;;;755104;1981;2022-T1
casa;Strada;VIITORULUI;centrala;48.8900;;;346227;1928;2022-T1
apartament;Strada;VIITORULUI;centrala;79.0700;;;1225000;2015;2022-T4
casa;Strada;VIRGIL LAZAROVICI, LOCOTENENT;-;;80.5600;;1163015;1932;2022-T2
apartament;Strada;VISARION SACHELARIE, LOCOTENENT;iancului;60.9100;;;449712;1978;2022-T4
apartament;Strada;VISARION SACHELARIE, LOCOTENENT;iancului;61.1000;;;225000;1978;2022-T1
apartament;Strada;VISARION SACHELARIE, LOCOTENENT;iancului;;65.8000;;87500;1976;2022-T4
apartament;Strada;VISARION SACHELARIE, LOCOTENENT;iancului;59.4300;;;410000;1975;2022-T4
apartament;Strada;VISARION SACHELARIE, LOCOTENENT;iancului;58.0000;;;459764;1980;2022-T3
apartament;Strada;VISARION SACHELARIE, LOCOTENENT;iancului;62.3500;;;222472;1976;2022-T4
apartament;Strada;VISARION SACHELARIE, LOCOTENENT;iancului;52.9000;;;175000;1977;2022-T3
apartament;Strada;VISARION SACHELARIE, LOCOTENENT;iancului;64.4000;;;437871;1978;2022-T4
apartament;Strada;VISARION SACHELARIE, LOCOTENENT;iancului;90.0800;;;954142;2020;2022-T1
apartament;Strada;VISARION SACHELARIE, LOCOTENENT;iancului;61.7600;;;726984;2020;2022-T2
teren;Strada;VISARION SACHELARIE, LOCOTENENT;iancului;;;304.0000;725000;2022;2022-T2
apartament;Strada;VISARION SACHELARIE, LOCOTENENT;iancului;63.0000;;;569386;1978;2022-T1
apartament;Strada;VISINILOR;centrala;89.2000;;;463514;1936;2022-T3
apartament;Strada;VISINILOR;centrala;82.7700;;;295000;1910;2022-T4
apartament;Strada;VISINILOR;centrala;35.8200;;;259133;1961;2022-T4
apartament;Strada;VITEJIEI;vatra luminoasa;73.4400;;;693000;1988;2022-T3
apartament;Strada;VRANCIOAIA;tei;69.2000;;;673874;2020;2022-T2
apartament;Strada;VRANCIOAIA;tei;69.6000;;;723718;2019;2022-T2
apartament;Strada;VRANCIOAIA;tei;76.6200;;;719710;2018;2022-T1
apartament;Strada;VRANCIOAIA;tei;;59.8000;;612830;2020;2022-T4
apartament;Strada;VRANCIOAIA;tei;39.0000;;;446539;2020;2022-T2
apartament;Strada;VRANCIOAIA;tei;60.2000;;;621847;2020;2022-T3
apartament;Strada;VRANCIOAIA;tei;60.9000;;;614995;2020;2022-T2
apartament;Strada;VRANCIOAIA;tei;68.5000;;;710154;2020;2022-T4
apartament;Strada;VRANCIOAIA;tei;69.4000;;;665798;2020;2022-T2
apartament;Strada;VRANCIOAIA;tei;69.6000;;;723981;2020;2022-T2
apartament;Strada;VRANCIOAIA;tei;69.7000;;;670743;2020;2022-T2
apartament;Strada;VRANCIOAIA;tei;38.3200;;;450000;2017;2022-T4
apartament;Strada;VRANCIOAIA;tei;60.0000;;;852500;2017;2022-T3
apartament;Strada;VRANCIOAIA;tei;60.0000;;;859477;2017;2022-T4
apartament;Strada;VRANCIOAIA;tei;60.2300;;;777150;2017;2022-T2
apartament;Strada;VRANCIOAIA;tei;67.6200;;;634490;2017;2022-T3
apartament;Strada;VRANCIOAIA;tei;67.9500;;;903133;2017;2022-T3
apartament;Strada;VRANCIOAIA;tei;69.2200;;;723894;2017;2022-T1
apartament;Strada;VRANCIOAIA;tei;75.2600;;;491390;2017;2022-T4
apartament;Strada;VRANCIOAIA;tei;68.9000;;;724421;2020;2022-T2
apartament;Strada;VRANCIOAIA;tei;38.6000;;;467160;2020;2022-T1
apartament;Strada;VRANCIOAIA;tei;;60.6200;;588490;2009;2022-T4
apartament;Strada;VRANCIOAIA;tei;33.8300;;;365685;2009;2022-T2
apartament;Strada;VRANCIOAIA;tei;34.3900;;;260000;2009;2022-T4
apartament;Strada;VRANCIOAIA;tei;55.9300;;;487557;2009;2022-T2
casa;Strada;VULCANEI;colentina;128.0500;;;468618;2014;2022-T3
apartament;Strada;WOLFGANG AMADEUS MOZART;floreasca;45.3000;;;392373;1956;2022-T3
apartament;Strada;WOLFGANG AMADEUS MOZART;floreasca;46.3000;;;425000;1959;2022-T2
apartament;Strada;WOLFGANG AMADEUS MOZART;floreasca;46.3700;;;420512;1958;2022-T2
apartament;Strada;WOLFGANG AMADEUS MOZART;floreasca;45.3500;;;371055;1953;2022-T1
apartament;Strada;WOLFGANG AMADEUS MOZART;floreasca;9.0300;;;46940;1960;2022-T2
apartament;Strada;WOLFGANG AMADEUS MOZART;floreasca;100.7800;;;1243526;1972;2022-T3
apartament;Strada;WOLFGANG AMADEUS MOZART;floreasca;64.8700;;;296700;1959;2022-T3
apartament;Strada;WOLFGANG AMADEUS MOZART;floreasca;35.3800;;;291540;1959;2022-T4
apartament;Strada;WOLFGANG AMADEUS MOZART;floreasca;41.7900;;;549294;1958;2022-T3
apartament;Strada;WOLFGANG AMADEUS MOZART;floreasca;43.5500;;;425177;1975;2022-T4
apartament;Strada;ZAMBILELOR;tei;25.8600;;;265961;1981;2022-T3
apartament;Strada;ZAMBILELOR;tei;27.9300;;;227378;1992;2022-T2
teren;Strada;ZAMBILELOR;tei;;;156.0000;635856;2022;2022-T4
apartament;Strada;ZAMBILELOR;tei;29.1100;;;230640;1982;2022-T2
apartament;Strada;ZAMBILELOR;tei;24.8400;;;191693;1993;2022-T4
apartament;Strada;ZAMBILELOR;tei;26.5700;;;217712;1986;2022-T4
apartament;Strada;ZAMBILELOR;tei;26.6000;;;152291;1993;2022-T4
apartament;Strada;ZAMBILELOR;tei;26.2700;;;185246;1980;2022-T3
apartament;Strada;ZAMBILELOR;tei;29.0600;;;207795;1982;2022-T1
apartament;Strada;ZAMBILELOR;tei;35.3700;;;292738;1990;2022-T3
apartament;Strada;ZAMBILELOR;tei;24.0000;;;194828;1980;2022-T3
apartament;Strada;ZAMBILELOR;tei;25.7600;;;187982;1980;2022-T2
apartament;Strada;ZAMBILELOR;tei;27.0000;;;201900;1982;2022-T4
teren;Strada;ZAMFIR ARBORE;ion creanga;;;159.0000;163083;2022;2022-T2
apartament;Strada;ZECE MESE;centrala;6.0300;;;690000;1936;2022-T2
apartament;Strada;ZECE MESE;centrala;89.9200;;;825000;1929;2022-T2
apartament;Strada;ZECE MESE;centrala;101.2600;;;680000;1936;2022-T2
casa;Strada;ZEFIRULUI;centrala;257.2900;;;907416;1940;2022-T2
apartament;Strada;ZEFIRULUI;centrala;32.0200;;;222088;1936;2022-T3
apartament;Strada;ZIDURI INTRE VII;colentina;15.9800;;;94027;1974;2022-T1
apartament;Strada;ZIDURI INTRE VII;colentina;81.4400;;;460327;2010;2022-T4
apartament;Strada;ZIDURI INTRE VII;colentina;53.8900;;;418668;2009;2022-T1
apartament;Strada;ZIDURI INTRE VII;colentina;83.1100;;;617987;2009;2022-T1
apartament;Strada;ZIDURI INTRE VII;colentina;80.2500;;;593862;2009;2022-T1
apartament;Strada;ZIDURI INTRE VII;colentina;81.7300;;;635947;2009;2022-T4
apartament;Strada;ZIDURI INTRE VII;colentina;96.9700;;;428475;2009;2022-T4
apartament;Strada;ZIDURI INTRE VII;colentina;;;17.5000;687772;2022;2022-T4
apartament;Strada;ZIDURI INTRE VII;colentina;99.0900;;;469875;2009;2022-T3
apartament;Strada;ZIDURI INTRE VII;colentina;69.1500;;;404915;2009;2022-T1
apartament;Strada;ZIDURI INTRE VII;colentina;75.6100;;;579533;2009;2022-T4
apartament;Strada;ZIDURI INTRE VII;colentina;36.9900;;;628091;2011;2022-T2
apartament;Strada;ZIDURI INTRE VII;colentina;;44.2200;;293118;2009;2022-T3
apartament;Strada;ZIDURI INTRE VII;colentina;98.8900;;;426573;2009;2022-T1
apartament;Strada;ZIDURI INTRE VII;colentina;99.1200;;;423524;2009;2022-T2
apartament;Strada;ZIDURI INTRE VII;colentina;11.5600;;;588919;2009;2022-T1
apartament;Strada;ZIDURI INTRE VII;colentina;77.3400;;;361851;2010;2022-T4
apartament;Strada;ZIDURI INTRE VII;colentina;82.2100;;;37500;2009;2022-T1
apartament;Strada;ZIDURI INTRE VII;colentina;12.8600;;;454500;2010;2022-T1
apartament;Strada;ZIDURI INTRE VII;colentina;48.1200;;;278210;2009;2022-T4
apartament;Strada;ZIDURI INTRE VII;colentina;88.9200;;;421247;2016;2022-T2
apartament;Strada;ZIDURI INTRE VII;colentina;23.0800;;;412225;2009;2022-T2
apartament;Strada;ZIDURI INTRE VII;colentina;39.0900;;;261878;2009;2022-T3
apartament;Strada;ZIDURI INTRE VII;colentina;80.7000;;;548596;2009;2022-T2
apartament;Strada;ZIDURI INTRE VII;colentina;45.2200;;;265182;2008;2022-T3
apartament;Strada;ZIDURI INTRE VII;colentina;83.3300;;;463366;2009;2022-T2
apartament;Strada;ZIDURI INTRE VII;colentina;84.6700;;;419405;2009;2022-T3
apartament;Strada;ZIDURI INTRE VII;colentina;86.4200;;;414438;2009;2022-T4
apartament;Strada;ZIDURI INTRE VII;colentina;13.9000;;;414338;2009;2022-T1
apartament;Strada;ZIDURI INTRE VII;colentina;77.3700;;;492530;2009;2022-T3
apartament;Strada;ZIDURI INTRE VII;colentina;11.5800;;;380936;2009;2022-T1
apartament;Strada;ZIDURI INTRE VII;colentina;11.6100;;;395221;2009;2022-T1
apartament;Strada;ZIDURI INTRE VII;colentina;;;18.3600;594000;2022;2022-T3
apartament;Strada;ZIDURI INTRE VII;colentina;130.4500;;;835130;2009;2022-T2
apartament;Strada;ZIDURI INTRE VII;colentina;120.7600;;;330000;2009;2022-T1
casa;Strada;ZIDURI INTRE VII;colentina;11.5700;;;447553;2009;2022-T3
apartament;Strada;ZIDURI INTRE VII;colentina;15.8400;;;98980;1970;2022-T1
